KLMA_10001	2165
KLMA_10002	90
KLMA_10003	32
KLMA_10004	469
KLMA_10005	335
KLMA_10006	28
KLMA_10007	162
KLMA_10008	113
KLMA_10009	162
KLMA_10010	402
KLMA_10011	308
KLMA_10012	263
KLMA_10013	108
KLMA_10014	122
KLMA_10015	229
KLMA_10016	291
KLMA_10017	128
KLMA_10018	278
KLMA_10019	0
KLMA_10020	838
KLMA_10021	680
KLMA_10022	969
KLMA_10023	404
KLMA_10024	1190
KLMA_10025	2138
KLMA_10026	220
KLMA_10027	3049
KLMA_10028	102
KLMA_10029	143
KLMA_10030	540
KLMA_10031	497
KLMA_10032	912
KLMA_10033	742
KLMA_10034	3825
KLMA_10035	32383
KLMA_10036	1010
KLMA_10037	88
KLMA_10038	588
KLMA_10039	857
KLMA_10040	46163
KLMA_10041	336
KLMA_10043	193
KLMA_10044	416
KLMA_10045	879
KLMA_10046	1504
KLMA_10047	1506
KLMA_10048	780
KLMA_10049	20743
KLMA_10050	1224
KLMA_10051	285
KLMA_10052	2431
KLMA_10053	529
KLMA_10054	2653
KLMA_10055	908
KLMA_10056	585
KLMA_10057	15773
KLMA_10058	8045
KLMA_10059	3491
KLMA_10060	171
KLMA_10061	178
KLMA_10062	1315
KLMA_10063	1396
KLMA_10064	3052
KLMA_10065	10054
KLMA_10066	546
KLMA_10067	8880
KLMA_10068	553
KLMA_10069	665
KLMA_10070	209
KLMA_10071	4331
KLMA_10072	7187
KLMA_10073	964
KLMA_10074	280
KLMA_10075	241
KLMA_10076	740
KLMA_10077	2279
KLMA_10078	586
KLMA_10079	50467
KLMA_10080	677
KLMA_10081	799
KLMA_10082	917
KLMA_10083	37765
KLMA_10084	402
KLMA_10085	1242
KLMA_10086	28
KLMA_10088	490
KLMA_10089	1862
KLMA_10090	711
KLMA_10091	613
KLMA_10092	893
KLMA_10093	230
KLMA_10094	1936
KLMA_10095	446
KLMA_10096	934
KLMA_10097	2995
KLMA_10098	1053
KLMA_10099	872
KLMA_10100	1200
KLMA_10101	753
KLMA_10102	371
KLMA_10103	1153
KLMA_10104	948
KLMA_10106	1140
KLMA_10107	3468
KLMA_10108	1875
KLMA_10109	681
KLMA_10110	1574
KLMA_10111	697
KLMA_10112	1252
KLMA_10113	1752
KLMA_10114	1091
KLMA_10115	390
KLMA_10116	1273
KLMA_10117	404
KLMA_10118	1310
KLMA_10119	533
KLMA_10120	341
KLMA_10121	1713
KLMA_10122	1737
KLMA_10123	1899
KLMA_10124	539
KLMA_10125	1493
KLMA_10126	503
KLMA_10127	7671
KLMA_10128	210
KLMA_10129	861
KLMA_10130	1432
KLMA_10131	903
KLMA_10132	1114
KLMA_10133	510
KLMA_10134	1520
KLMA_10135	179
KLMA_10136	1228
KLMA_10137	2886
KLMA_10138	1386
KLMA_10139	516
KLMA_10140	8291
KLMA_10141	2470
KLMA_10142	2
KLMA_10143	3
KLMA_10144	478
KLMA_10145	1124
KLMA_10146	279
KLMA_10147	443
KLMA_10148	789
KLMA_10149	909
KLMA_10150	556
KLMA_10151	790
KLMA_10152	1056
KLMA_10153	439
KLMA_10155	1208
KLMA_10156	604
KLMA_10157	946
KLMA_10158	719
KLMA_10159	4883
KLMA_10160	1224
KLMA_10161	384
KLMA_10162	965
KLMA_10163	730
KLMA_10164	430
KLMA_10165	511
KLMA_10166	1005
KLMA_10167	1086
KLMA_10168	876
KLMA_10169	696
KLMA_10170	173
KLMA_10171	788
KLMA_10172	777
KLMA_10173	6754
KLMA_10174	537
KLMA_10175	1087
KLMA_10176	2233
KLMA_10177	864
KLMA_10178	1791
KLMA_10179	30011
KLMA_10180	7926
KLMA_10181	2441
KLMA_10182	7073
KLMA_10183	966
KLMA_10184	466
KLMA_10185	2970
KLMA_10186	106
KLMA_10187	221
KLMA_10188	816
KLMA_10189	3881
KLMA_10190	512
KLMA_10191	1135
KLMA_10192	266
KLMA_10194	175
KLMA_10195	227
KLMA_10196	2127
KLMA_10197	909
KLMA_10199	6385
KLMA_10201	574
KLMA_10202	921
KLMA_10203	2012
KLMA_10204	139
KLMA_10206	682
KLMA_10207	362
KLMA_10208	428
KLMA_10209	565
KLMA_10210	1151
KLMA_10211	1077
KLMA_10212	663
KLMA_10213	278
KLMA_10214	67
KLMA_10215	312
KLMA_10216	2029
KLMA_10217	782
KLMA_10218	404
KLMA_10220	3109
KLMA_10221	271
KLMA_10222	542
KLMA_10223	829
KLMA_10224	1494
KLMA_10225	13488
KLMA_10226	328
KLMA_10227	4885
KLMA_10228	361
KLMA_10229	3327
KLMA_10231	270
KLMA_10232	1002
KLMA_10233	922
KLMA_10234	1555
KLMA_10235	4079
KLMA_10236	1035
KLMA_10237	36211
KLMA_10238	6542
KLMA_10239	65
KLMA_10240	2026
KLMA_10241	317
KLMA_10242	160
KLMA_10243	454
KLMA_10244	26356
KLMA_10245	3712
KLMA_10246	150
KLMA_10247	2486
KLMA_10248	1280
KLMA_10249	1418
KLMA_10250	2639
KLMA_10251	560
KLMA_10252	647
KLMA_10253	6294
KLMA_10255	498
KLMA_10256	188
KLMA_10257	1181
KLMA_10258	375
KLMA_10259	3162
KLMA_10260	12711
KLMA_10261	662
KLMA_10262	222
KLMA_10263	807
KLMA_10265	402
KLMA_10266	543
KLMA_10267	2390
KLMA_10268	2329
KLMA_10269	1290
KLMA_10270	718
KLMA_10271	760
KLMA_10272	2937
KLMA_10273	585
KLMA_10274	925
KLMA_10275	1005
KLMA_10276	456
KLMA_10277	631
KLMA_10278	412
KLMA_10279	1513
KLMA_10280	742
KLMA_10281	194
KLMA_10282	476
KLMA_10283	495
KLMA_10284	228
KLMA_10285	404
KLMA_10286	4065
KLMA_10289	324
KLMA_10290	1834
KLMA_10292	2788
KLMA_10293	488
KLMA_10294	6815
KLMA_10295	1475
KLMA_10296	69567
KLMA_10297	332
KLMA_10298	492
KLMA_10299	276
KLMA_10300	1428
KLMA_10301	436
KLMA_10302	430
KLMA_10303	345
KLMA_10304	1398
KLMA_10305	5921
KLMA_10306	998
KLMA_10307	586
KLMA_10308	263
KLMA_10309	132
KLMA_10310	700
KLMA_10311	651
KLMA_10312	424
KLMA_10313	1551
KLMA_10314	1520
KLMA_10315	347
KLMA_10316	225
KLMA_10317	7556
KLMA_10318	1763
KLMA_10319	317
KLMA_10320	4392
KLMA_10321	385
KLMA_10322	2488
KLMA_10323	273
KLMA_10324	565
KLMA_10325	207
KLMA_10326	425
KLMA_10327	335
KLMA_10328	320
KLMA_10329	764
KLMA_10330	854
KLMA_10331	3451
KLMA_10332	736
KLMA_10333	1851
KLMA_10334	332
KLMA_10336	4108
KLMA_10338	284
KLMA_10339	5378
KLMA_10341	96925
KLMA_10342	1022
KLMA_10343	373
KLMA_10344	211
KLMA_10345	276
KLMA_10346	118
KLMA_10347	1807
KLMA_10348	42454
KLMA_10349	260
KLMA_10350	687
KLMA_10351	931
KLMA_10352	698
KLMA_10353	1167
KLMA_10355	971
KLMA_10356	1643
KLMA_10357	548
KLMA_10358	1017
KLMA_10359	1686
KLMA_10360	1119
KLMA_10361	486
KLMA_10362	79
KLMA_10363	1234
KLMA_10364	1596
KLMA_10365	1244
KLMA_10366	247
KLMA_10367	247
KLMA_10368	6442
KLMA_10369	756
KLMA_10370	438
KLMA_10371	4004
KLMA_10372	1301
KLMA_10373	669
KLMA_10374	708
KLMA_10375	1263
KLMA_10376	68258
KLMA_10378	2693
KLMA_10379	1570
KLMA_10380	2496
KLMA_10381	507
KLMA_10382	259
KLMA_10383	873
KLMA_10384	1506
KLMA_10385	1227
KLMA_10386	301
KLMA_10387	205
KLMA_10388	1126
KLMA_10389	9464
KLMA_10390	2918
KLMA_10391	522
KLMA_10392	666
KLMA_10393	89
KLMA_10394	124
KLMA_10395	365
KLMA_10396	244
KLMA_10397	288
KLMA_10398	128
KLMA_10399	389
KLMA_10400	1533
KLMA_10401	45
KLMA_10402	900
KLMA_10403	712
KLMA_10404	918
KLMA_10405	407
KLMA_10406	414
KLMA_10407	114
KLMA_10408	488
KLMA_10409	448
KLMA_10410	1210
KLMA_10411	45
KLMA_10412	2385
KLMA_10413	668
KLMA_10414	482
KLMA_10415	323
KLMA_10416	154
KLMA_10417	1399
KLMA_10418	538
KLMA_10419	1758
KLMA_10420	743
KLMA_10421	580
KLMA_10422	629
KLMA_10423	0
KLMA_10424	8191
KLMA_10425	646
KLMA_10426	349
KLMA_10427	152
KLMA_10428	1802
KLMA_10429	2140
KLMA_10430	181
KLMA_10431	4360
KLMA_10432	287
KLMA_10433	2906
KLMA_10434	4453
KLMA_10435	3085
KLMA_10436	2247
KLMA_10437	3651
KLMA_10438	1813
KLMA_10439	434
KLMA_10440	1787
KLMA_10441	1916
KLMA_10442	2639
KLMA_10443	228
KLMA_10444	2250
KLMA_10445	470
KLMA_10446	3132
KLMA_10448	3766
KLMA_10449	564
KLMA_10450	227
KLMA_10451	851
KLMA_10452	291
KLMA_10453	683
KLMA_10454	985
KLMA_10456	81
KLMA_10457	62707
KLMA_10458	263320
KLMA_10459	2229
KLMA_10460	450
KLMA_10461	159
KLMA_10462	805983
KLMA_10463	468
KLMA_10464	200
KLMA_10465	470
KLMA_10466	1236
KLMA_10467	63
KLMA_10468	33353
KLMA_10469	117
KLMA_10471	289
KLMA_10472	14
KLMA_10473	284
KLMA_10475	6673
KLMA_10476	641
KLMA_10477	551
KLMA_10478	913
KLMA_10479	268
KLMA_10480	1938
KLMA_10481	209
KLMA_10482	1060
KLMA_10483	8792
KLMA_10484	843
KLMA_10486	298
KLMA_10487	4900
KLMA_10488	563
KLMA_10489	1115
KLMA_10491	2207
KLMA_10493	486
KLMA_10494	430
KLMA_10495	689
KLMA_10496	220
KLMA_10497	680
KLMA_10498	2927
KLMA_10499	15585
KLMA_10500	2298
KLMA_10501	514
KLMA_10502	412
KLMA_10503	1116
KLMA_10504	107
KLMA_10505	5322
KLMA_10506	746
KLMA_10507	1259
KLMA_10508	947
KLMA_10509	118
KLMA_10510	418
KLMA_10511	591
KLMA_10512	501
KLMA_10513	797
KLMA_10514	10829
KLMA_10515	274
KLMA_10516	365
KLMA_10517	1773
KLMA_10518	4418
KLMA_10519	190
KLMA_10520	59
KLMA_10521	18
KLMA_10522	3074
KLMA_10523	142
KLMA_10524	10207
KLMA_10525	120
KLMA_10526	144
KLMA_10527	428
KLMA_10528	332
KLMA_10529	5
KLMA_10530	1506
KLMA_10531	3245
KLMA_10532	1683
KLMA_10533	826
KLMA_10534	1675
KLMA_10535	592
KLMA_10536	360
KLMA_10537	1477
KLMA_10538	0
KLMA_10539	2072
KLMA_10540	915944
KLMA_10541	296
KLMA_10542	12
KLMA_10543	148
KLMA_10544	68
KLMA_10545	7
KLMA_10546	27
KLMA_10547	50
KLMA_10548	2756
KLMA_10549	340
KLMA_10550	3637
KLMA_10551	104
KLMA_10552	413
KLMA_10553	2775
KLMA_10554	35
KLMA_10555	1
KLMA_10556	1634
KLMA_10557	354
KLMA_10558	538
KLMA_10559	625
KLMA_10560	1598
KLMA_10561	17199
KLMA_10562	370
KLMA_10563	545
KLMA_10564	370
KLMA_10565	1042
KLMA_10566	475
KLMA_10567	165
KLMA_10568	648
KLMA_10569	1891
KLMA_10570	208
KLMA_10571	618
KLMA_10572	11395
KLMA_10573	1495
KLMA_10574	733
KLMA_10575	735
KLMA_10576	1308
KLMA_10577	33470
KLMA_10578	816
KLMA_10579	1183
KLMA_10580	433
KLMA_10581	1783
KLMA_10582	1245
KLMA_10583	780
KLMA_10584	453
KLMA_10585	1681
KLMA_10586	343
KLMA_10587	4807
KLMA_10588	1457
KLMA_10589	214
KLMA_10590	356
KLMA_10591	271
KLMA_10592	897
KLMA_10593	2690
KLMA_10594	1295
KLMA_10595	1349
KLMA_10596	254
KLMA_10597	1387
KLMA_10598	90
KLMA_10599	3938
KLMA_10600	388
KLMA_10601	106
KLMA_10602	145
KLMA_10603	162
KLMA_10604	4631
KLMA_10605	643
KLMA_10606	1154
KLMA_10607	3334
KLMA_10608	345
KLMA_10609	3015
KLMA_10610	4075
KLMA_10611	149
KLMA_10612	8714
KLMA_10613	375
KLMA_10614	624
KLMA_10615	798
KLMA_10616	2945
KLMA_10617	868
KLMA_10618	1277
KLMA_10619	618
KLMA_10620	1216
KLMA_10621	950
KLMA_10622	354
KLMA_10623	805
KLMA_10624	262
KLMA_10625	401
KLMA_10626	246
KLMA_10627	509
KLMA_10628	1808
KLMA_10629	2820
KLMA_10630	1399
KLMA_10631	2011
KLMA_10632	0
KLMA_10633	1673
KLMA_10634	482
KLMA_10635	230
KLMA_10636	957
KLMA_10637	46
KLMA_10638	1536
KLMA_10639	659
KLMA_10640	343
KLMA_10641	2524
KLMA_10642	2801
KLMA_10643	2729
KLMA_10645	1168
KLMA_10646	438
KLMA_10647	29
KLMA_10648	2761
KLMA_10649	251
KLMA_10650	97
KLMA_10651	390
KLMA_10652	41201
KLMA_10653	812
KLMA_10654	158
KLMA_10655	291
KLMA_10656	954
KLMA_10657	203
KLMA_10658	804
KLMA_10659	15660
KLMA_10660	2983
KLMA_10661	1925
KLMA_10662	590
KLMA_10663	2689
KLMA_10664	1042
KLMA_10666	132
KLMA_10667	319
KLMA_10668	392
KLMA_10669	856
KLMA_10670	13529
KLMA_10671	4321
KLMA_10672	923
KLMA_10673	464
KLMA_10674	967
KLMA_10675	404
KLMA_10676	429
KLMA_10677	17348
KLMA_10678	1778
KLMA_10679	685
KLMA_10680	2732
KLMA_10681	4525
KLMA_10682	10723
KLMA_10683	7749
KLMA_10684	1174
KLMA_10685	1228
KLMA_10686	722
KLMA_10687	241
KLMA_10688	441
KLMA_10689	1054
KLMA_10690	498
KLMA_10691	215
KLMA_10692	556
KLMA_10693	634
KLMA_10694	1524
KLMA_10695	10663
KLMA_10696	1036
KLMA_10697	254
KLMA_10698	13029
KLMA_10699	895
KLMA_10700	60180
KLMA_10701	65051
KLMA_10702	27719
KLMA_10703	2244
KLMA_10704	414
KLMA_10705	1074
KLMA_10706	2391
KLMA_10707	2016
KLMA_10708	17957
KLMA_10709	932
KLMA_10710	8585
KLMA_10711	427
KLMA_10712	8609
KLMA_10713	1265
KLMA_10714	517
KLMA_10715	619
KLMA_10716	803
KLMA_10717	11413
KLMA_10718	1392
KLMA_10719	541
KLMA_10720	279
KLMA_10721	2732
KLMA_10722	291
KLMA_10723	4064
KLMA_10724	222
KLMA_10725	287
KLMA_10726	639
KLMA_10727	639
KLMA_10728	347
KLMA_10729	1880
KLMA_10730	384
KLMA_10731	1320
KLMA_10732	1167
KLMA_10733	689
KLMA_10734	1696
KLMA_10735	2568
KLMA_10736	504
KLMA_10737	717
KLMA_10738	2104
KLMA_10739	2696
KLMA_10740	348
KLMA_10741	115
KLMA_10742	2148
KLMA_10743	706
KLMA_10744	2024
KLMA_10745	672
KLMA_10746	689
KLMA_10747	591
KLMA_10748	1055
KLMA_10749	2167
KLMA_10750	249
KLMA_10751	475
KLMA_10752	487
KLMA_10753	940
KLMA_10754	312
KLMA_10755	1190
KLMA_10756	986
KLMA_10757	232
KLMA_10758	5915
KLMA_10759	0
KLMA_10760	12
KLMA_10761	1719
KLMA_10762	853
KLMA_10763	96435
KLMA_10764	737
KLMA_10765	8660
KLMA_10766	544
KLMA_10767	674
KLMA_10768	475
KLMA_10769	46060
KLMA_10770	58048
KLMA_10771	406
KLMA_10772	3144
KLMA_10773	102
KLMA_10774	916
KLMA_10775	117
KLMA_10776	420
KLMA_10777	1222
KLMA_10778	1010
KLMA_10779	3750
KLMA_10780	769
KLMA_10781	209
KLMA_10782	302
KLMA_10783	541
KLMA_10784	1058
KLMA_10786	82978
KLMA_10787	2471
KLMA_10788	655
KLMA_10789	576
KLMA_10791	2158
KLMA_10793	1583
KLMA_10794	699
KLMA_10795	8946
KLMA_10796	1133
KLMA_10797	563
KLMA_10798	614
KLMA_10799	556
KLMA_10800	683
KLMA_10802	468
KLMA_10803	173
KLMA_10804	434
KLMA_10805	1521
KLMA_10806	197
KLMA_10807	620
KLMA_10808	477
KLMA_10809	2192
KLMA_10810	2052
KLMA_10811	2116
KLMA_10812	1385
KLMA_10813	12074
KLMA_10814	461
KLMA_10815	226
KLMA_10816	118
KLMA_10817	171
KLMA_10818	197
KLMA_10819	774
KLMA_10820	652
KLMA_10821	1567
KLMA_10822	530
KLMA_10824	718
KLMA_10826	924
KLMA_10827	1154
KLMA_10828	865
KLMA_10829	5937
KLMA_10830	1814
KLMA_10831	614
KLMA_10832	22129
KLMA_10833	7321
KLMA_10834	323
KLMA_10835	286
KLMA_10836	713
KLMA_10837	0
KLMA_10838	475
KLMA_20001	0
KLMA_20002	1958
KLMA_20003	123
KLMA_20004	2019
KLMA_20005	322
KLMA_20006	243
KLMA_20007	100
KLMA_20008	139
KLMA_20009	286
KLMA_20010	621
KLMA_20011	82
KLMA_20012	179
KLMA_20013	224
KLMA_20014	2512
KLMA_20015	262
KLMA_20016	1209
KLMA_20017	640
KLMA_20018	335
KLMA_20019	338
KLMA_20020	831
KLMA_20021	1868
KLMA_20022	726
KLMA_20023	6834
KLMA_20024	749
KLMA_20025	1420
KLMA_20026	2536
KLMA_20027	12
KLMA_20028	555
KLMA_20029	778
KLMA_20030	614
KLMA_20031	994
KLMA_20032	400
KLMA_20033	1495
KLMA_20035	782
KLMA_20036	271
KLMA_20037	406
KLMA_20038	286
KLMA_20039	67
KLMA_20040	1073
KLMA_20041	96
KLMA_20042	5536
KLMA_20043	190
KLMA_20044	90
KLMA_20045	1112
KLMA_20046	2896
KLMA_20047	212
KLMA_20048	669
KLMA_20049	2729
KLMA_20050	327
KLMA_20051	204
KLMA_20052	563
KLMA_20053	36331
KLMA_20054	61773
KLMA_20055	139
KLMA_20056	239
KLMA_20057	368
KLMA_20058	32
KLMA_20059	1587
KLMA_20060	570
KLMA_20061	976
KLMA_20062	1184
KLMA_20063	2418
KLMA_20064	75
KLMA_20065	15
KLMA_20067	156
KLMA_20068	1718
KLMA_20069	1023
KLMA_20070	193
KLMA_20071	856
KLMA_20072	758
KLMA_20073	775
KLMA_20074	6374
KLMA_20075	7851
KLMA_20076	87
KLMA_20077	510
KLMA_20078	1943
KLMA_20079	1357
KLMA_20080	233
KLMA_20081	1403
KLMA_20082	857
KLMA_20083	1007
KLMA_20084	3823
KLMA_20085	1807
KLMA_20086	2599
KLMA_20087	269
KLMA_20088	1176
KLMA_20089	190
KLMA_20090	458
KLMA_20091	27865
KLMA_20092	189
KLMA_20093	2287
KLMA_20094	1487
KLMA_20095	2929
KLMA_20096	664
KLMA_20097	129
KLMA_20098	599435
KLMA_20099	163
KLMA_20100	6941
KLMA_20101	144
KLMA_20102	980
KLMA_20103	22
KLMA_20104	51
KLMA_20105	7683
KLMA_20106	4776
KLMA_20107	228
KLMA_20108	868
KLMA_20109	3514
KLMA_20110	654
KLMA_20111	883
KLMA_20112	2057
KLMA_20113	724
KLMA_20114	2517
KLMA_20115	310
KLMA_20116	1326
KLMA_20117	217
KLMA_20118	389
KLMA_20119	213
KLMA_20120	136
KLMA_20121	1767
KLMA_20122	809
KLMA_20123	638
KLMA_20124	111
KLMA_20125	353
KLMA_20126	205
KLMA_20128	148
KLMA_20129	646
KLMA_20130	2529
KLMA_20131	2812
KLMA_20132	23846
KLMA_20133	231
KLMA_20135	1333
KLMA_20136	114
KLMA_20137	513
KLMA_20138	376
KLMA_20139	107
KLMA_20140	96
KLMA_20141	450
KLMA_20143	540
KLMA_20144	618
KLMA_20145	268
KLMA_20146	223
KLMA_20147	572
KLMA_20148	1676
KLMA_20149	1123
KLMA_20150	1475
KLMA_20151	145
KLMA_20152	354
KLMA_20153	276
KLMA_20154	1975
KLMA_20155	5104
KLMA_20156	1990
KLMA_20157	979
KLMA_20158	4312
KLMA_20159	223
KLMA_20160	139
KLMA_20161	791
KLMA_20162	617
KLMA_20163	387
KLMA_20164	157
KLMA_20165	18967
KLMA_20166	711
KLMA_20168	7058
KLMA_20169	12695
KLMA_20170	677
KLMA_20171	303
KLMA_20172	5607
KLMA_20173	752
KLMA_20174	70
KLMA_20175	567
KLMA_20176	180
KLMA_20177	732
KLMA_20178	169
KLMA_20179	424
KLMA_20180	735
KLMA_20181	1168
KLMA_20182	1890
KLMA_20183	1706
KLMA_20184	499
KLMA_20185	28
KLMA_20186	893
KLMA_20187	787
KLMA_20188	1520
KLMA_20189	877
KLMA_20190	470
KLMA_20191	764
KLMA_20192	616
KLMA_20193	38
KLMA_20194	342
KLMA_20195	207
KLMA_20196	1593
KLMA_20199	154
KLMA_20200	109
KLMA_20201	628
KLMA_20202	527
KLMA_20203	85
KLMA_20204	411
KLMA_20205	242
KLMA_20206	728
KLMA_20207	781
KLMA_20208	1680
KLMA_20209	470
KLMA_20210	299
KLMA_20211	324
KLMA_20212	82
KLMA_20213	386
KLMA_20214	665
KLMA_20215	198
KLMA_20216	389
KLMA_20217	431
KLMA_20218	725
KLMA_20219	220
KLMA_20220	72
KLMA_20221	248
KLMA_20222	931
KLMA_20223	1008
KLMA_20224	256
KLMA_20225	2056
KLMA_20226	327
KLMA_20227	469
KLMA_20228	621
KLMA_20229	288
KLMA_20230	1857
KLMA_20231	68
KLMA_20232	3558
KLMA_20233	280
KLMA_20234	417
KLMA_20235	482
KLMA_20236	910
KLMA_20237	539
KLMA_20238	607
KLMA_20239	17408
KLMA_20240	1919
KLMA_20241	433
KLMA_20242	6275
KLMA_20243	835
KLMA_20244	110
KLMA_20246	5077
KLMA_20247	4460
KLMA_20248	284
KLMA_20249	338
KLMA_20250	12486
KLMA_20251	1036
KLMA_20252	443
KLMA_20253	2146
KLMA_20254	313
KLMA_20256	953
KLMA_20258	79
KLMA_20259	3521
KLMA_20260	612
KLMA_20261	24
KLMA_20262	2154
KLMA_20263	89
KLMA_20264	12540
KLMA_20265	3427
KLMA_20266	172
KLMA_20267	1045
KLMA_20268	46160
KLMA_20269	1219
KLMA_20270	568
KLMA_20271	276
KLMA_20272	1079
KLMA_20273	176
KLMA_20274	266
KLMA_20275	486
KLMA_20276	1027
KLMA_20277	276
KLMA_20278	6470
KLMA_20279	564
KLMA_20280	427
KLMA_20281	708
KLMA_20282	3104
KLMA_20283	118
KLMA_20284	100
KLMA_20285	728
KLMA_20286	1394
KLMA_20287	264
KLMA_20288	12353
KLMA_20289	659
KLMA_20290	2753
KLMA_20291	445
KLMA_20292	330
KLMA_20293	885
KLMA_20294	2110
KLMA_20295	713
KLMA_20296	9
KLMA_20297	409
KLMA_20298	75
KLMA_20299	12536
KLMA_20300	2059
KLMA_20301	998
KLMA_20302	998
KLMA_20303	42577
KLMA_20304	195
KLMA_20305	10333
KLMA_20306	1162
KLMA_20307	700
KLMA_20308	49515
KLMA_20309	1851
KLMA_20310	656
KLMA_20311	474
KLMA_20312	395
KLMA_20313	202
KLMA_20314	1898
KLMA_20315	251
KLMA_20316	327
KLMA_20317	606
KLMA_20318	65969
KLMA_20319	1812
KLMA_20320	5984
KLMA_20322	744
KLMA_20323	951
KLMA_20324	1709
KLMA_20326	1384
KLMA_20327	88
KLMA_20328	62
KLMA_20329	527
KLMA_20330	4177
KLMA_20331	351
KLMA_20332	1840
KLMA_20333	372
KLMA_20334	76
KLMA_20335	584
KLMA_20336	3811
KLMA_20337	1731
KLMA_20338	175
KLMA_20339	54493
KLMA_20340	3389
KLMA_20341	1027
KLMA_20342	1528
KLMA_20343	5589
KLMA_20344	330
KLMA_20345	1106
KLMA_20346	2373
KLMA_20347	531
KLMA_20348	543
KLMA_20349	813
KLMA_20350	976
KLMA_20351	480
KLMA_20352	199
KLMA_20353	1202
KLMA_20354	26525
KLMA_20355	36565
KLMA_20356	47525
KLMA_20357	1950
KLMA_20359	529
KLMA_20360	613
KLMA_20361	667
KLMA_20362	270
KLMA_20363	539
KLMA_20364	4622
KLMA_20365	771
KLMA_20366	410
KLMA_20367	1211
KLMA_20368	2
KLMA_20369	2548
KLMA_20370	885
KLMA_20371	5
KLMA_20372	674
KLMA_20373	785
KLMA_20374	434
KLMA_20375	1478
KLMA_20376	7110
KLMA_20377	2981
KLMA_20379	285
KLMA_20380	151
KLMA_20381	101
KLMA_20382	2284
KLMA_20383	94
KLMA_20384	11
KLMA_20385	265
KLMA_20386	2717
KLMA_20387	814
KLMA_20388	742
KLMA_20389	261
KLMA_20390	675
KLMA_20391	1356
KLMA_20392	2678
KLMA_20393	4515
KLMA_20394	8546
KLMA_20395	564
KLMA_20396	121
KLMA_20397	491
KLMA_20398	236
KLMA_20399	664
KLMA_20400	829
KLMA_20401	1083
KLMA_20402	124
KLMA_20403	46054
KLMA_20404	593
KLMA_20405	760
KLMA_20406	743
KLMA_20407	1767
KLMA_20408	2532
KLMA_20409	693
KLMA_20410	575
KLMA_20411	950
KLMA_20412	468
KLMA_20413	2398
KLMA_20414	3085
KLMA_20415	570
KLMA_20416	20
KLMA_20417	2505
KLMA_20418	2570
KLMA_20419	2925
KLMA_20422	404
KLMA_20423	1028
KLMA_20424	3303
KLMA_20425	1053
KLMA_20426	370
KLMA_20427	21185
KLMA_20428	397
KLMA_20429	2971
KLMA_20430	299
KLMA_20431	468
KLMA_20432	525
KLMA_20433	1325
KLMA_20434	1231
KLMA_20435	301
KLMA_20436	156
KLMA_20437	318
KLMA_20439	169
KLMA_20440	3199
KLMA_20441	2088
KLMA_20442	7776
KLMA_20443	792
KLMA_20444	714
KLMA_20445	626
KLMA_20446	173
KLMA_20447	492
KLMA_20448	755
KLMA_20449	2645
KLMA_20450	6474
KLMA_20451	214
KLMA_20452	838
KLMA_20453	374
KLMA_20454	1158
KLMA_20455	1034
KLMA_20456	1413
KLMA_20457	2687
KLMA_20458	8
KLMA_20459	8440
KLMA_20460	109
KLMA_20461	2918
KLMA_20462	158
KLMA_20463	217
KLMA_20464	2331
KLMA_20465	2099
KLMA_20466	5777
KLMA_20467	461
KLMA_20468	6620
KLMA_20469	932
KLMA_20470	385
KLMA_20471	1606
KLMA_20472	1103
KLMA_20473	1515
KLMA_20474	685
KLMA_20475	1073
KLMA_20476	341
KLMA_20477	695
KLMA_20478	4089
KLMA_20479	1030
KLMA_20480	619
KLMA_20481	654
KLMA_20482	1123
KLMA_20483	1485
KLMA_20484	1045
KLMA_20485	489
KLMA_20486	400
KLMA_20487	901
KLMA_20488	2082
KLMA_20489	492
KLMA_20490	551
KLMA_20491	11241
KLMA_20492	71064
KLMA_20493	7312
KLMA_20494	421
KLMA_20495	23544
KLMA_20496	594
KLMA_20497	1064
KLMA_20498	5423
KLMA_20499	726
KLMA_20500	1244
KLMA_20501	429
KLMA_20502	739
KLMA_20503	325
KLMA_20504	630
KLMA_20505	1008
KLMA_20506	540
KLMA_20507	574
KLMA_20508	554
KLMA_20509	128
KLMA_20510	2706
KLMA_20511	991
KLMA_20512	750
KLMA_20513	5264
KLMA_20514	11454
KLMA_20515	917
KLMA_20516	349
KLMA_20517	8554
KLMA_20518	1523
KLMA_20519	1099
KLMA_20520	52
KLMA_20521	2771
KLMA_20522	195
KLMA_20523	96
KLMA_20524	1864
KLMA_20525	3141
KLMA_20526	4174
KLMA_20527	3537
KLMA_20528	4404
KLMA_20529	170
KLMA_20530	2035
KLMA_20531	577
KLMA_20532	428
KLMA_20533	2193
KLMA_20534	3301
KLMA_20535	249
KLMA_20536	615
KLMA_20537	101
KLMA_20538	481
KLMA_20539	368
KLMA_20540	1922
KLMA_20541	244
KLMA_20542	2793
KLMA_20543	1020
KLMA_20544	2506
KLMA_20545	748
KLMA_20546	484
KLMA_20547	119
KLMA_20548	443
KLMA_20549	2565
KLMA_20550	1055
KLMA_20551	32959
KLMA_20552	210
KLMA_20553	3114
KLMA_20554	804
KLMA_20555	2455
KLMA_20556	1199
KLMA_20557	868
KLMA_20558	53269
KLMA_20559	417
KLMA_20560	841
KLMA_20561	2054
KLMA_20562	477
KLMA_20564	400
KLMA_20565	1139
KLMA_20566	834
KLMA_20567	379
KLMA_20568	2974
KLMA_20571	2643
KLMA_20572	1750
KLMA_20573	1678
KLMA_20574	456
KLMA_20575	4810
KLMA_20577	1536
KLMA_20578	342
KLMA_20579	3149
KLMA_20580	203
KLMA_20581	241
KLMA_20582	101787
KLMA_20584	1807
KLMA_20585	524
KLMA_20586	131
KLMA_20587	2276
KLMA_20588	281
KLMA_20590	51809
KLMA_20591	391
KLMA_20592	808
KLMA_20593	504
KLMA_20594	10238
KLMA_20596	681
KLMA_20597	775
KLMA_20598	3963
KLMA_20599	484
KLMA_20600	335
KLMA_20601	1019
KLMA_20602	890
KLMA_20603	352
KLMA_20604	640
KLMA_20605	374
KLMA_20606	180
KLMA_20607	58
KLMA_20608	1223
KLMA_20609	940
KLMA_20610	1794
KLMA_20611	2834
KLMA_20612	302
KLMA_20613	2163
KLMA_20614	9668
KLMA_20615	1769
KLMA_20616	499
KLMA_20617	1149
KLMA_20618	794
KLMA_20619	4607
KLMA_20620	1255
KLMA_20621	315
KLMA_20622	447
KLMA_20623	485
KLMA_20624	544
KLMA_20625	8161
KLMA_20626	110
KLMA_20627	393
KLMA_20628	1468
KLMA_20629	1655
KLMA_20630	277
KLMA_20631	2803
KLMA_20632	391
KLMA_20633	5
KLMA_20634	570
KLMA_20635	840
KLMA_20636	1358
KLMA_20637	478
KLMA_20638	71
KLMA_20639	27
KLMA_20640	605
KLMA_20641	614
KLMA_20642	408
KLMA_20643	855
KLMA_20644	642
KLMA_20645	1174
KLMA_20646	424
KLMA_20647	565
KLMA_20648	469
KLMA_20649	115
KLMA_20650	5753
KLMA_20651	2930
KLMA_20652	682
KLMA_20653	467
KLMA_20654	221
KLMA_20655	421
KLMA_20656	3423
KLMA_20657	4886
KLMA_20658	166
KLMA_20659	821
KLMA_20660	255
KLMA_20661	3703
KLMA_20662	498
KLMA_20663	751
KLMA_20664	138
KLMA_20665	441
KLMA_20666	1486
KLMA_20667	4500
KLMA_20668	661
KLMA_20669	94
KLMA_20670	1156
KLMA_20671	1606
KLMA_20672	181
KLMA_20673	506
KLMA_20674	374
KLMA_20675	206
KLMA_20676	541
KLMA_20677	202
KLMA_20678	304
KLMA_20679	1300
KLMA_20680	477
KLMA_20681	1436
KLMA_20682	1017
KLMA_20683	572
KLMA_20684	156
KLMA_20685	475
KLMA_20686	172
KLMA_20687	440
KLMA_20688	500
KLMA_20689	1239
KLMA_20690	510
KLMA_20691	4194
KLMA_20692	56
KLMA_20693	495
KLMA_20694	517
KLMA_20695	347
KLMA_20696	169
KLMA_20697	139
KLMA_20698	1492
KLMA_20699	2267
KLMA_20700	1046
KLMA_20701	1469
KLMA_20702	436
KLMA_20703	648
KLMA_20704	179
KLMA_20705	50
KLMA_20706	3502
KLMA_20707	1596
KLMA_20708	7362
KLMA_20709	499
KLMA_20710	747
KLMA_20711	133
KLMA_20712	955
KLMA_20713	1309
KLMA_20714	2331
KLMA_20715	263
KLMA_20716	41
KLMA_20717	7847
KLMA_20720	340
KLMA_20721	426
KLMA_20722	9731
KLMA_20723	121
KLMA_20724	1423
KLMA_20725	10203
KLMA_20726	2922
KLMA_20727	11184
KLMA_20728	9225
KLMA_20729	5100
KLMA_20730	137
KLMA_20731	206
KLMA_20732	167
KLMA_20733	227
KLMA_20734	7600
KLMA_20735	309
KLMA_20736	1035
KLMA_20737	3067
KLMA_20738	312
KLMA_20739	585
KLMA_20740	1262
KLMA_20741	1347
KLMA_20742	76341
KLMA_20744	1033
KLMA_20745	1567
KLMA_20746	871
KLMA_20747	462
KLMA_20749	4893
KLMA_20750	315
KLMA_20751	472
KLMA_20752	404
KLMA_20753	845
KLMA_20754	890
KLMA_20755	977
KLMA_20756	1564
KLMA_20757	511
KLMA_20758	7890
KLMA_20759	279
KLMA_20760	784
KLMA_20761	903
KLMA_20762	45415
KLMA_20764	2510
KLMA_20765	1060
KLMA_20766	259
KLMA_20767	526
KLMA_20768	1514
KLMA_20769	177
KLMA_20770	394
KLMA_20771	470
KLMA_20772	338
KLMA_20773	2048
KLMA_20774	4800
KLMA_20775	1038
KLMA_20776	118
KLMA_20777	415
KLMA_20778	9970
KLMA_20779	689
KLMA_20780	109
KLMA_20781	106
KLMA_20782	19
KLMA_20783	30451
KLMA_20784	1260
KLMA_20785	2381
KLMA_20786	1799
KLMA_20787	1127
KLMA_20788	452
KLMA_20789	483
KLMA_20790	2109
KLMA_20791	1682
KLMA_20792	1284
KLMA_20793	1089
KLMA_20794	273
KLMA_20795	1694
KLMA_20796	656
KLMA_20797	156
KLMA_20798	1669
KLMA_20799	3102
KLMA_20800	76731
KLMA_20801	241
KLMA_20802	1982
KLMA_20803	1428
KLMA_20804	633
KLMA_20805	2275
KLMA_20806	506
KLMA_20807	399
KLMA_20808	1008
KLMA_20809	1412
KLMA_20810	819
KLMA_20811	5867
KLMA_20812	1526
KLMA_20813	817
KLMA_20814	523
KLMA_20815	862
KLMA_20816	387
KLMA_20817	1449
KLMA_20818	276
KLMA_20819	45
KLMA_20820	161
KLMA_20821	4187
KLMA_20822	908
KLMA_20823	1338
KLMA_20824	842
KLMA_20825	646
KLMA_20826	381
KLMA_20827	165
KLMA_20828	2558
KLMA_20829	23097
KLMA_20830	5762
KLMA_20831	92
KLMA_20832	0
KLMA_20833	95
KLMA_20834	94
KLMA_20835	292
KLMA_20836	460
KLMA_20837	1037
KLMA_20838	0
KLMA_30001	0
KLMA_30002	0
KLMA_30003	0
KLMA_30004	0
KLMA_30005	0
KLMA_30006	1
KLMA_30007	0
KLMA_30008	0
KLMA_30009	149
KLMA_30010	149
KLMA_30011	2045
KLMA_30012	242
KLMA_30013	93
KLMA_30014	205
KLMA_30015	127
KLMA_30016	6549
KLMA_30017	264
KLMA_30018	245
KLMA_30019	363
KLMA_30020	37
KLMA_30021	2
KLMA_30022	3
KLMA_30023	3
KLMA_30024	1567
KLMA_30025	7196
KLMA_30026	1421
KLMA_30027	962
KLMA_30028	2748
KLMA_30029	920
KLMA_30030	920
KLMA_30031	2835
KLMA_30032	1179
KLMA_30033	3953
KLMA_30034	169
KLMA_30035	1670
KLMA_30036	288
KLMA_30037	584
KLMA_30038	656
KLMA_30039	1155
KLMA_30040	602
KLMA_30041	12684
KLMA_30042	1271
KLMA_30043	671
KLMA_30044	1405
KLMA_30045	134
KLMA_30046	1056
KLMA_30047	6463
KLMA_30048	5685
KLMA_30049	3014
KLMA_30050	351
KLMA_30051	409
KLMA_30052	140
KLMA_30053	281
KLMA_30054	14
KLMA_30055	789
KLMA_30056	32
KLMA_30057	522
KLMA_30058	1093
KLMA_30059	830
KLMA_30060	872
KLMA_30061	51
KLMA_30062	922
KLMA_30063	4400
KLMA_30064	1304
KLMA_30065	3764
KLMA_30066	42361
KLMA_30067	1850
KLMA_30068	825
KLMA_30069	1417
KLMA_30070	1821
KLMA_30071	3696
KLMA_30072	2746
KLMA_30073	11709
KLMA_30074	2531
KLMA_30075	8325
KLMA_30076	782
KLMA_30077	513
KLMA_30078	677
KLMA_30079	556
KLMA_30080	719
KLMA_30081	947
KLMA_30082	122
KLMA_30083	410
KLMA_30085	815
KLMA_30086	4190
KLMA_30087	336
KLMA_30088	3965
KLMA_30089	322
KLMA_30090	152
KLMA_30091	700
KLMA_30092	28
KLMA_30093	354
KLMA_30094	722
KLMA_30095	780
KLMA_30096	200
KLMA_30097	334
KLMA_30098	2845
KLMA_30099	6869
KLMA_30100	97
KLMA_30101	42
KLMA_30102	2401
KLMA_30103	44
KLMA_30105	2616
KLMA_30106	1609
KLMA_30107	1415
KLMA_30108	425
KLMA_30109	271
KLMA_30110	1049
KLMA_30111	453
KLMA_30112	500
KLMA_30113	332
KLMA_30114	346
KLMA_30115	22038
KLMA_30116	1
KLMA_30117	2491
KLMA_30119	497
KLMA_30120	1036
KLMA_30121	253
KLMA_30122	335
KLMA_30123	450
KLMA_30124	1963
KLMA_30125	4695
KLMA_30127	2033
KLMA_30128	1623
KLMA_30129	115
KLMA_30130	565
KLMA_30133	274
KLMA_30134	236
KLMA_30135	517
KLMA_30136	992
KLMA_30137	514
KLMA_30138	500
KLMA_30139	900
KLMA_30140	57
KLMA_30141	4561
KLMA_30142	5266
KLMA_30143	1323
KLMA_30144	856
KLMA_30145	2457
KLMA_30146	249
KLMA_30147	1324
KLMA_30148	7166
KLMA_30149	11375
KLMA_30150	2181
KLMA_30151	770
KLMA_30152	52
KLMA_30153	60122
KLMA_30154	972
KLMA_30155	188
KLMA_30156	2048
KLMA_30157	2281
KLMA_30158	1893
KLMA_30159	1000
KLMA_30160	1150
KLMA_30161	107
KLMA_30162	472
KLMA_30163	263
KLMA_30164	1845
KLMA_30165	132
KLMA_30166	203
KLMA_30167	234
KLMA_30168	1266
KLMA_30170	474
KLMA_30171	1135
KLMA_30172	1493
KLMA_30173	435
KLMA_30174	801
KLMA_30175	720
KLMA_30176	73
KLMA_30177	156
KLMA_30178	7692
KLMA_30179	275
KLMA_30180	6875
KLMA_30181	396
KLMA_30182	1262
KLMA_30183	48
KLMA_30184	4826
KLMA_30185	993
KLMA_30186	1292
KLMA_30187	4860
KLMA_30188	540
KLMA_30189	420
KLMA_30190	237
KLMA_30191	705
KLMA_30192	286
KLMA_30193	875
KLMA_30194	921
KLMA_30195	463
KLMA_30196	675
KLMA_30197	913
KLMA_30198	1470
KLMA_30199	25822
KLMA_30200	248
KLMA_30201	1607
KLMA_30202	479
KLMA_30203	3368
KLMA_30204	62750
KLMA_30205	305
KLMA_30206	712
KLMA_30207	694
KLMA_30208	1803
KLMA_30209	2087
KLMA_30210	459
KLMA_30211	8675
KLMA_30212	1846
KLMA_30214	492
KLMA_30216	566
KLMA_30217	242
KLMA_30218	142
KLMA_30219	288
KLMA_30220	790
KLMA_30221	1777
KLMA_30222	480
KLMA_30223	1488
KLMA_30224	1599
KLMA_30225	1309
KLMA_30226	556
KLMA_30227	1044
KLMA_30228	469
KLMA_30229	403
KLMA_30230	810
KLMA_30231	144
KLMA_30232	275
KLMA_30233	3923
KLMA_30234	868
KLMA_30235	2035
KLMA_30236	321
KLMA_30237	3430
KLMA_30238	4128
KLMA_30239	4968
KLMA_30240	1532
KLMA_30241	1149
KLMA_30242	2859
KLMA_30243	2378
KLMA_30244	248
KLMA_30245	128
KLMA_30246	754
KLMA_30247	581
KLMA_30248	853
KLMA_30249	9513
KLMA_30250	280
KLMA_30251	716
KLMA_30252	1286
KLMA_30253	1056
KLMA_30254	1034
KLMA_30255	939
KLMA_30257	467
KLMA_30258	682
KLMA_30259	1033
KLMA_30260	537
KLMA_30261	643
KLMA_30262	1347
KLMA_30263	8239
KLMA_30264	35114
KLMA_30266	248
KLMA_30267	3768
KLMA_30268	394
KLMA_30269	994
KLMA_30270	1074
KLMA_30271	145
KLMA_30272	120
KLMA_30273	97
KLMA_30274	26876
KLMA_30275	6609
KLMA_30276	1069
KLMA_30278	938
KLMA_30279	1904
KLMA_30280	468
KLMA_30281	2890
KLMA_30282	875
KLMA_30283	1366
KLMA_30284	4735
KLMA_30285	106
KLMA_30286	4277
KLMA_30288	296
KLMA_30289	672
KLMA_30290	979
KLMA_30292	384
KLMA_30293	687
KLMA_30294	1017
KLMA_30295	1445
KLMA_30296	1148
KLMA_30297	1576
KLMA_30298	3151
KLMA_30299	11026
KLMA_30300	1204
KLMA_30301	2863
KLMA_30302	532
KLMA_30303	618
KLMA_30305	305
KLMA_30306	2323
KLMA_30307	538
KLMA_30308	1360
KLMA_30309	1344
KLMA_30310	110
KLMA_30312	8386
KLMA_30314	479
KLMA_30315	442
KLMA_30316	193
KLMA_30317	13760
KLMA_30318	295
KLMA_30319	1992
KLMA_30320	1047
KLMA_30321	1103
KLMA_30322	56
KLMA_30323	1346
KLMA_30324	234
KLMA_30325	2385
KLMA_30326	1722
KLMA_30327	988
KLMA_30328	3010
KLMA_30329	1144
KLMA_30330	6606
KLMA_30331	133
KLMA_30332	290
KLMA_30333	967
KLMA_30334	688
KLMA_30335	309
KLMA_30336	1380
KLMA_30337	678
KLMA_30338	3553
KLMA_30339	16
KLMA_30340	1542
KLMA_30341	2203
KLMA_30342	395
KLMA_30343	372
KLMA_30344	129
KLMA_30345	1580
KLMA_30346	241
KLMA_30347	362
KLMA_30348	31251
KLMA_30349	1212
KLMA_30350	624
KLMA_30351	519
KLMA_30352	191
KLMA_30353	437
KLMA_30354	877
KLMA_30355	689
KLMA_30356	538
KLMA_30357	2541
KLMA_30358	1940
KLMA_30359	1421
KLMA_30360	6364
KLMA_30361	950
KLMA_30362	452
KLMA_30363	35640
KLMA_30364	525
KLMA_30365	1456
KLMA_30366	841
KLMA_30367	1727
KLMA_30368	5177
KLMA_30369	537
KLMA_30370	1111
KLMA_30371	833
KLMA_30372	743
KLMA_30373	771
KLMA_30374	1580
KLMA_30375	1196
KLMA_30376	1080
KLMA_30377	681
KLMA_30378	2997
KLMA_30379	897
KLMA_30380	1832
KLMA_30381	291
KLMA_30382	4679
KLMA_30383	776
KLMA_30384	3932
KLMA_30385	2485
KLMA_30386	997
KLMA_30387	1680
KLMA_30388	397
KLMA_30389	301
KLMA_30390	528
KLMA_30391	703
KLMA_30392	120
KLMA_30393	362
KLMA_30394	3362
KLMA_30395	1055
KLMA_30396	452
KLMA_30397	343
KLMA_30398	6498
KLMA_30399	2
KLMA_30400	416
KLMA_30401	372
KLMA_30402	880
KLMA_30403	9238
KLMA_30404	804
KLMA_30405	181
KLMA_30406	915
KLMA_30407	327
KLMA_30408	387
KLMA_30409	331
KLMA_30410	267
KLMA_30411	3351
KLMA_30412	1477
KLMA_30413	420
KLMA_30414	815
KLMA_30415	1118
KLMA_30416	672
KLMA_30417	1627
KLMA_30418	1053
KLMA_30419	129
KLMA_30420	4676
KLMA_30421	3960
KLMA_30422	625
KLMA_30423	3511
KLMA_30424	11130
KLMA_30425	651
KLMA_30426	1837
KLMA_30427	1618
KLMA_30428	610
KLMA_30429	1174
KLMA_30430	49547
KLMA_30431	7079
KLMA_30432	283
KLMA_30433	481
KLMA_30434	432
KLMA_30435	1503
KLMA_30436	655
KLMA_30437	624
KLMA_30438	279
KLMA_30439	8397
KLMA_30440	1128
KLMA_30441	468
KLMA_30442	379
KLMA_30443	748
KLMA_30444	415
KLMA_30445	7832
KLMA_30446	390
KLMA_30447	439
KLMA_30448	887
KLMA_30449	2363
KLMA_30450	594
KLMA_30451	175
KLMA_30452	280
KLMA_30453	224
KLMA_30454	540
KLMA_30455	773
KLMA_30456	2252
KLMA_30457	1590
KLMA_30458	227
KLMA_30459	4520
KLMA_30460	1037
KLMA_30461	335
KLMA_30462	717
KLMA_30463	822
KLMA_30464	1688
KLMA_30465	100
KLMA_30466	4606
KLMA_30467	2423
KLMA_30468	326
KLMA_30469	2624
KLMA_30470	267
KLMA_30471	1236
KLMA_30472	582
KLMA_30473	587
KLMA_30474	4231
KLMA_30475	1123
KLMA_30476	162
KLMA_30477	10719
KLMA_30478	5083
KLMA_30479	443
KLMA_30480	628
KLMA_30481	21
KLMA_30482	4383
KLMA_30483	4367
KLMA_30484	6927
KLMA_30485	3232
KLMA_30486	397
KLMA_30487	488
KLMA_30488	2706
KLMA_30489	389
KLMA_30490	2725
KLMA_30491	14121
KLMA_30492	268
KLMA_30493	307
KLMA_30494	310
KLMA_30495	1013
KLMA_30496	157
KLMA_30497	1007
KLMA_30498	14831
KLMA_30499	44
KLMA_30500	739
KLMA_30501	644
KLMA_30502	2169
KLMA_30504	755
KLMA_30505	984
KLMA_30506	404
KLMA_30507	143
KLMA_30508	228
KLMA_30509	193
KLMA_30511	1332
KLMA_30512	1435
KLMA_30513	568
KLMA_30514	220
KLMA_30515	367
KLMA_30516	1937
KLMA_30517	449
KLMA_30518	887
KLMA_30519	3496
KLMA_30520	1015
KLMA_30521	834
KLMA_30523	1141
KLMA_30524	325
KLMA_30525	516
KLMA_30526	1087
KLMA_30527	772
KLMA_30529	20100
KLMA_30530	566
KLMA_30531	640
KLMA_30532	818
KLMA_30533	280
KLMA_30534	1027
KLMA_30535	1143
KLMA_30536	307
KLMA_30537	968
KLMA_30538	214
KLMA_30539	2035
KLMA_30540	403
KLMA_30541	570
KLMA_30542	950
KLMA_30543	635
KLMA_30544	1290
KLMA_30545	3962
KLMA_30546	7767
KLMA_30547	714
KLMA_30548	281
KLMA_30549	966
KLMA_30550	270
KLMA_30551	3039
KLMA_30552	12943
KLMA_30553	810
KLMA_30554	35080
KLMA_30555	3195
KLMA_30556	2763
KLMA_30557	1647
KLMA_30558	370
KLMA_30559	1429
KLMA_30560	1160
KLMA_30561	2710
KLMA_30562	3510
KLMA_30563	652
KLMA_30564	455
KLMA_30565	192
KLMA_30566	1266
KLMA_30567	523
KLMA_30568	390
KLMA_30569	160
KLMA_30570	1175
KLMA_30571	557
KLMA_30572	103
KLMA_30573	280
KLMA_30574	1876
KLMA_30575	523
KLMA_30576	921
KLMA_30577	326
KLMA_30578	1307
KLMA_30579	279
KLMA_30580	234
KLMA_30581	77
KLMA_30582	2296
KLMA_30583	1547
KLMA_30584	982
KLMA_30585	1277
KLMA_30586	1311
KLMA_30587	2156
KLMA_30588	1375
KLMA_30589	6636
KLMA_30590	195
KLMA_30591	98
KLMA_30592	4501
KLMA_30593	470
KLMA_30594	2567
KLMA_30595	1001
KLMA_30596	1924
KLMA_30597	282
KLMA_30598	394
KLMA_30599	4462
KLMA_30600	1225
KLMA_30601	159
KLMA_30602	242
KLMA_30603	572
KLMA_30604	261
KLMA_30605	1051
KLMA_30606	697
KLMA_30607	109
KLMA_30608	248
KLMA_30609	1833
KLMA_30610	1622
KLMA_30612	617
KLMA_30613	715
KLMA_30614	3919
KLMA_30615	655
KLMA_30616	2443
KLMA_30617	606
KLMA_30618	107
KLMA_30619	80
KLMA_30620	1555
KLMA_30621	1142
KLMA_30622	1909
KLMA_30623	353
KLMA_30624	163
KLMA_30625	508
KLMA_30626	2311
KLMA_30627	2294
KLMA_30628	116
KLMA_30629	378
KLMA_30630	2143
KLMA_30631	28114
KLMA_30632	218
KLMA_30633	532
KLMA_30634	37302
KLMA_30635	19292
KLMA_30636	950
KLMA_30637	620
KLMA_30638	619
KLMA_30639	785
KLMA_30640	407
KLMA_30641	1401
KLMA_30642	276
KLMA_30643	2858
KLMA_30644	1097
KLMA_30645	2428
KLMA_30646	343
KLMA_30647	1620
KLMA_30648	1380
KLMA_30649	2201
KLMA_30650	1452
KLMA_30651	1322
KLMA_30652	585
KLMA_30653	336
KLMA_30654	87
KLMA_30655	513
KLMA_30656	619
KLMA_30657	332
KLMA_30658	1967
KLMA_30659	4169
KLMA_30660	3884
KLMA_30661	936
KLMA_30662	443
KLMA_30663	1298
KLMA_30664	63351
KLMA_30665	364
KLMA_30666	142
KLMA_30667	2180
KLMA_30668	551
KLMA_30669	1303
KLMA_30670	5714
KLMA_30671	22795
KLMA_30672	177
KLMA_30673	572
KLMA_30674	740
KLMA_30675	6835
KLMA_30676	708
KLMA_30677	5248
KLMA_30678	612
KLMA_30679	1328
KLMA_30680	298
KLMA_30681	5336
KLMA_30682	1493
KLMA_30683	763
KLMA_30684	1734
KLMA_30685	363
KLMA_30686	956
KLMA_30687	23244
KLMA_30688	3027
KLMA_30689	2269
KLMA_30690	952
KLMA_30691	432
KLMA_30692	688
KLMA_30693	627
KLMA_30694	1922
KLMA_30695	5974
KLMA_30696	808
KLMA_30697	8090
KLMA_30698	294
KLMA_30699	525
KLMA_30700	3866
KLMA_30701	552
KLMA_30702	338
KLMA_30703	1047
KLMA_30704	1095
KLMA_30705	913
KLMA_30706	1989
KLMA_30707	720
KLMA_30709	9555
KLMA_30710	691
KLMA_30711	623
KLMA_30712	66018
KLMA_30713	4574
KLMA_30714	124
KLMA_30715	2991
KLMA_30716	452
KLMA_30717	3783
KLMA_30718	189
KLMA_30719	562
KLMA_30720	664
KLMA_30721	1597
KLMA_30722	290
KLMA_30723	1461
KLMA_30724	16641
KLMA_30726	5865
KLMA_30727	826
KLMA_30728	198
KLMA_30729	294
KLMA_30730	511
KLMA_40001	3
KLMA_40002	661
KLMA_40003	1584
KLMA_40004	72
KLMA_40005	182
KLMA_40006	339
KLMA_40007	106
KLMA_40008	141
KLMA_40009	249
KLMA_40010	24125
KLMA_40011	1006
KLMA_40012	817
KLMA_40013	2201
KLMA_40014	7620
KLMA_40015	161
KLMA_40016	2256
KLMA_40017	451
KLMA_40018	456
KLMA_40019	624
KLMA_40020	1584
KLMA_40021	1433
KLMA_40022	3830
KLMA_40023	995
KLMA_40024	2296
KLMA_40025	803
KLMA_40026	11514
KLMA_40027	661
KLMA_40028	48979
KLMA_40029	768
KLMA_40030	526
KLMA_40031	436
KLMA_40032	1208
KLMA_40034	595
KLMA_40035	1210
KLMA_40036	931
KLMA_40037	254
KLMA_40038	1548
KLMA_40039	25164
KLMA_40040	1968
KLMA_40041	57
KLMA_40042	414
KLMA_40044	599
KLMA_40045	2366
KLMA_40046	2364
KLMA_40047	792
KLMA_40048	744
KLMA_40049	667
KLMA_40050	1417
KLMA_40051	210
KLMA_40052	264
KLMA_40053	831
KLMA_40054	1899
KLMA_40055	2314
KLMA_40056	169
KLMA_40057	531
KLMA_40058	447
KLMA_40059	420
KLMA_40060	1085
KLMA_40061	232
KLMA_40062	19
KLMA_40063	319
KLMA_40064	1239
KLMA_40065	873
KLMA_40066	4324
KLMA_40067	910
KLMA_40068	188
KLMA_40069	1400
KLMA_40070	2755
KLMA_40071	2112
KLMA_40072	266
KLMA_40073	245
KLMA_40074	111
KLMA_40075	446
KLMA_40076	1644
KLMA_40077	994
KLMA_40078	886
KLMA_40079	16
KLMA_40080	41148
KLMA_40081	18733
KLMA_40082	1406
KLMA_40083	2003
KLMA_40084	27
KLMA_40085	357
KLMA_40086	2819
KLMA_40087	98
KLMA_40088	1988
KLMA_40089	385
KLMA_40090	828
KLMA_40091	472
KLMA_40092	0
KLMA_40093	734
KLMA_40094	36509
KLMA_40095	1113
KLMA_40096	3020
KLMA_40097	3689
KLMA_40098	409
KLMA_40099	17425
KLMA_40100	228
KLMA_40101	970
KLMA_40102	388320
KLMA_40103	32189
KLMA_40104	425
KLMA_40105	364
KLMA_40106	613
KLMA_40107	5416
KLMA_40108	538
KLMA_40109	1904
KLMA_40110	2476
KLMA_40111	805
KLMA_40112	1945
KLMA_40113	760
KLMA_40114	558
KLMA_40115	68857
KLMA_40116	8
KLMA_40117	990
KLMA_40118	128
KLMA_40119	572
KLMA_40120	724
KLMA_40121	593
KLMA_40122	16597
KLMA_40123	3287
KLMA_40124	3660
KLMA_40125	383576
KLMA_40126	222
KLMA_40127	355
KLMA_40128	1996
KLMA_40129	1549
KLMA_40130	359
KLMA_40131	1142
KLMA_40132	1855
KLMA_40133	668
KLMA_40134	212
KLMA_40135	877
KLMA_40136	676
KLMA_40137	1002
KLMA_40138	336
KLMA_40139	4038
KLMA_40140	187
KLMA_40141	614
KLMA_40142	295
KLMA_40143	551
KLMA_40144	1550
KLMA_40145	1222
KLMA_40146	119
KLMA_40147	751
KLMA_40148	2046
KLMA_40149	9535
KLMA_40150	263
KLMA_40151	516
KLMA_40152	1176
KLMA_40153	1880
KLMA_40154	1166
KLMA_40155	3510
KLMA_40156	1032
KLMA_40157	56
KLMA_40158	407
KLMA_40159	248
KLMA_40160	359
KLMA_40161	4323
KLMA_40162	383
KLMA_40163	2387
KLMA_40164	5257
KLMA_40166	420
KLMA_40167	475
KLMA_40168	678
KLMA_40169	260
KLMA_40170	211
KLMA_40171	484
KLMA_40172	872
KLMA_40173	21717
KLMA_40174	342282
KLMA_40175	4011
KLMA_40176	822
KLMA_40177	575
KLMA_40178	727
KLMA_40179	5218
KLMA_40180	883
KLMA_40181	295
KLMA_40182	1129
KLMA_40183	1644
KLMA_40184	1522
KLMA_40185	1677
KLMA_40186	1167
KLMA_40187	255
KLMA_40188	488
KLMA_40189	27110
KLMA_40190	511
KLMA_40191	3104
KLMA_40192	3323
KLMA_40193	1326
KLMA_40194	1922
KLMA_40195	17
KLMA_40196	2386
KLMA_40198	300
KLMA_40199	877
KLMA_40200	356
KLMA_40201	2244
KLMA_40202	267
KLMA_40204	1737
KLMA_40205	2117
KLMA_40206	53
KLMA_40207	1125
KLMA_40208	1354
KLMA_40209	2314
KLMA_40210	1632
KLMA_40211	1181
KLMA_40212	123
KLMA_40213	145
KLMA_40214	0
KLMA_40215	294
KLMA_40216	385
KLMA_40217	533
KLMA_40218	725757
KLMA_40220	908245
KLMA_40221	1880
KLMA_40222	371
KLMA_40223	1406
KLMA_40224	2142
KLMA_40225	59445
KLMA_40226	1445
KLMA_40227	1176
KLMA_40228	879
KLMA_40229	697
KLMA_40230	103
KLMA_40231	389
KLMA_40232	1314
KLMA_40233	1785
KLMA_40234	3548
KLMA_40235	509
KLMA_40236	441
KLMA_40237	974
KLMA_40238	867
KLMA_40239	1238
KLMA_40240	1914
KLMA_40241	129
KLMA_40242	1608
KLMA_40243	266
KLMA_40244	327
KLMA_40245	668
KLMA_40246	287
KLMA_40247	338
KLMA_40248	1006
KLMA_40249	1110
KLMA_40250	81
KLMA_40251	1309
KLMA_40252	1082
KLMA_40253	10403
KLMA_40254	315
KLMA_40255	950
KLMA_40256	1144
KLMA_40257	571
KLMA_40258	873
KLMA_40259	3786
KLMA_40260	61
KLMA_40261	1842
KLMA_40262	845
KLMA_40263	2048
KLMA_40264	2036
KLMA_40265	1076
KLMA_40266	156
KLMA_40267	922
KLMA_40268	1684
KLMA_40269	78
KLMA_40270	340
KLMA_40271	630
KLMA_40272	121
KLMA_40273	811
KLMA_40274	3462
KLMA_40275	295
KLMA_40276	264
KLMA_40277	407
KLMA_40278	458
KLMA_40279	2267
KLMA_40281	236
KLMA_40282	1384
KLMA_40283	3099
KLMA_40284	418
KLMA_40285	4740
KLMA_40286	656
KLMA_40287	2594
KLMA_40288	298
KLMA_40289	1116
KLMA_40290	1797
KLMA_40291	656
KLMA_40292	1558
KLMA_40293	361
KLMA_40294	1173
KLMA_40295	1121
KLMA_40296	2326
KLMA_40297	10308
KLMA_40298	835
KLMA_40299	2
KLMA_40301	215
KLMA_40302	802
KLMA_40303	239
KLMA_40304	886
KLMA_40305	3463
KLMA_40306	1324
KLMA_40307	3722
KLMA_40308	13031
KLMA_40309	1313
KLMA_40310	389
KLMA_40311	3057
KLMA_40312	921
KLMA_40313	2074
KLMA_40314	1298
KLMA_40315	1324
KLMA_40316	147
KLMA_40317	795
KLMA_40318	447
KLMA_40319	817
KLMA_40320	679
KLMA_40321	246
KLMA_40322	881
KLMA_40323	370
KLMA_40324	187
KLMA_40325	252
KLMA_40326	4883
KLMA_40327	718
KLMA_40328	767
KLMA_40329	672
KLMA_40330	1523
KLMA_40331	1069
KLMA_40332	3003
KLMA_40333	1073
KLMA_40334	1241
KLMA_40335	82
KLMA_40336	84
KLMA_40337	3146
KLMA_40338	4740
KLMA_40339	309
KLMA_40340	1484
KLMA_40341	266
KLMA_40342	3479
KLMA_40343	4656
KLMA_40344	674
KLMA_40345	1216
KLMA_40346	1911
KLMA_40347	1064
KLMA_40348	187
KLMA_40349	657
KLMA_40350	403
KLMA_40351	394
KLMA_40352	138
KLMA_40353	387
KLMA_40354	3844
KLMA_40355	1452
KLMA_40356	3290
KLMA_40357	204
KLMA_40358	394
KLMA_40359	355
KLMA_40360	314
KLMA_40361	613
KLMA_40362	1451
KLMA_40363	1558
KLMA_40364	15466
KLMA_40365	3510
KLMA_40366	1855
KLMA_40367	834
KLMA_40368	574
KLMA_40369	517
KLMA_40370	1025
KLMA_40371	652
KLMA_40372	1223
KLMA_40373	817
KLMA_40374	2173
KLMA_40375	544
KLMA_40376	5310
KLMA_40377	32
KLMA_40378	2487
KLMA_40379	529
KLMA_40380	1285
KLMA_40381	1383
KLMA_40382	451
KLMA_40383	85
KLMA_40384	661
KLMA_40385	1539
KLMA_40386	262
KLMA_40387	426
KLMA_40388	994404
KLMA_40389	96
KLMA_40390	316
KLMA_40391	2186
KLMA_40392	696
KLMA_40393	43456
KLMA_40394	995
KLMA_40395	2054
KLMA_40396	1204
KLMA_40397	700
KLMA_40398	1432
KLMA_40399	85
KLMA_40400	468
KLMA_40401	327
KLMA_40402	914
KLMA_40403	5405
KLMA_40404	2844
KLMA_40405	66221
KLMA_40406	448
KLMA_40407	1330
KLMA_40408	432
KLMA_40409	583
KLMA_40410	791
KLMA_40411	69
KLMA_40412	208
KLMA_40413	920
KLMA_40414	761
KLMA_40415	21478
KLMA_40416	268
KLMA_40417	5430
KLMA_40418	3933
KLMA_40419	3231
KLMA_40420	1052
KLMA_40421	8
KLMA_40422	735
KLMA_40423	549
KLMA_40424	789
KLMA_40425	418
KLMA_40426	448
KLMA_40427	696
KLMA_40428	1782
KLMA_40429	346
KLMA_40430	352
KLMA_40431	183
KLMA_40432	1089
KLMA_40433	464
KLMA_40434	976
KLMA_40435	3507
KLMA_40436	8113
KLMA_40437	503
KLMA_40438	250
KLMA_40439	1967
KLMA_40440	6838
KLMA_40441	1351
KLMA_40442	4653
KLMA_40443	70076
KLMA_40444	3986
KLMA_40445	5890
KLMA_40446	47
KLMA_40447	657
KLMA_40448	217
KLMA_40449	2616
KLMA_40450	1817
KLMA_40451	94
KLMA_40452	38451
KLMA_40453	120
KLMA_40454	2605
KLMA_40455	387
KLMA_40456	487
KLMA_40457	1079
KLMA_40458	586
KLMA_40459	836
KLMA_40460	6428
KLMA_40461	1793
KLMA_40462	842
KLMA_40463	582
KLMA_40464	142
KLMA_40465	335
KLMA_40466	427
KLMA_40467	3901
KLMA_40468	3012
KLMA_40469	57
KLMA_40470	706
KLMA_40471	4153
KLMA_40472	526
KLMA_40473	1685
KLMA_40474	99
KLMA_40475	1180
KLMA_40476	590
KLMA_40477	1140
KLMA_40478	1632
KLMA_40479	6721
KLMA_40480	1407
KLMA_40481	257
KLMA_40482	78153
KLMA_40483	708
KLMA_40484	42
KLMA_40485	769
KLMA_40486	3046
KLMA_40487	731
KLMA_40488	505
KLMA_40489	257
KLMA_40490	1243
KLMA_40491	7967
KLMA_40492	1127
KLMA_40493	2964
KLMA_40494	5222
KLMA_40495	2346
KLMA_40496	421
KLMA_40497	436
KLMA_40498	609
KLMA_40499	121
KLMA_40500	814
KLMA_40501	2419
KLMA_40502	1906
KLMA_40503	931
KLMA_40504	750
KLMA_40505	247
KLMA_40506	11177
KLMA_40507	1145
KLMA_40508	275
KLMA_40509	285
KLMA_40510	699
KLMA_40511	5658
KLMA_40512	516
KLMA_40513	287
KLMA_40514	499
KLMA_40515	968
KLMA_40516	493
KLMA_40517	122
KLMA_40518	523
KLMA_40519	3359
KLMA_40520	115
KLMA_40521	580
KLMA_40522	679
KLMA_40523	1398
KLMA_40524	3242
KLMA_40525	97
KLMA_40526	12576
KLMA_40527	1244
KLMA_40528	1686
KLMA_40529	1517
KLMA_40530	969
KLMA_40531	30704
KLMA_40532	1144
KLMA_40533	63
KLMA_40534	742
KLMA_40535	628
KLMA_40536	133
KLMA_40537	3151
KLMA_40538	924
KLMA_40539	1582
KLMA_40540	519
KLMA_40541	3132
KLMA_40542	234
KLMA_40543	295
KLMA_40544	182
KLMA_40545	3791
KLMA_40546	532
KLMA_40547	1092
KLMA_40548	1277
KLMA_40549	1266
KLMA_40550	619
KLMA_40551	496
KLMA_40552	3829
KLMA_40553	1349
KLMA_40554	862
KLMA_40555	629
KLMA_40556	6298
KLMA_40557	283
KLMA_40558	82532
KLMA_40559	196
KLMA_40560	2153
KLMA_40561	378
KLMA_40562	2369
KLMA_40563	801
KLMA_40564	257
KLMA_40565	342
KLMA_40566	1842
KLMA_40567	860
KLMA_40568	997
KLMA_40569	2263
KLMA_40570	929
KLMA_40571	4943
KLMA_40572	574
KLMA_40573	1097
KLMA_40574	30551
KLMA_40575	2529
KLMA_40576	1293
KLMA_40577	45363
KLMA_40578	1427
KLMA_40579	679
KLMA_40580	900
KLMA_40581	47477
KLMA_40582	543
KLMA_40583	106197
KLMA_40584	864
KLMA_40585	861
KLMA_40586	778
KLMA_40587	1584
KLMA_40588	739
KLMA_40589	466
KLMA_40590	843
KLMA_40591	526
KLMA_40592	454
KLMA_40593	3257
KLMA_40594	2551
KLMA_40595	197
KLMA_40596	1686
KLMA_40597	1160
KLMA_40598	839
KLMA_40599	2319
KLMA_40600	273
KLMA_40601	2243
KLMA_40602	8647
KLMA_40603	583
KLMA_40604	3934
KLMA_40605	498
KLMA_40606	802
KLMA_40607	458
KLMA_40608	5233
KLMA_40609	3267
KLMA_40610	1053
KLMA_40611	688
KLMA_40612	616
KLMA_40613	726
KLMA_40614	1139
KLMA_40615	1640
KLMA_40616	1380
KLMA_40617	3211
KLMA_40618	1556
KLMA_40619	912
KLMA_40620	1125
KLMA_40621	231
KLMA_40622	6898
KLMA_40623	711
KLMA_40624	506
KLMA_40625	655
KLMA_40626	355
KLMA_40627	325
KLMA_40628	589
KLMA_40629	592
KLMA_40630	728
KLMA_40631	36
KLMA_40632	4299
KLMA_50001	0
KLMA_50002	0
KLMA_50003	0
KLMA_50004	0
KLMA_50005	2644
KLMA_50006	1603
KLMA_50007	1638
KLMA_50008	37115
KLMA_50009	966
KLMA_50010	1848
KLMA_50011	822
KLMA_50012	415
KLMA_50013	666
KLMA_50014	467
KLMA_50016	44311
KLMA_50017	7838
KLMA_50018	395
KLMA_50019	328
KLMA_50020	450
KLMA_50021	361
KLMA_50022	1087
KLMA_50023	97
KLMA_50024	12368
KLMA_50025	600
KLMA_50026	1827
KLMA_50027	955
KLMA_50028	1367
KLMA_50030	2682
KLMA_50031	1433
KLMA_50032	295
KLMA_50033	1764
KLMA_50034	2023
KLMA_50035	12644
KLMA_50036	3174
KLMA_50037	265
KLMA_50038	1071
KLMA_50039	1078
KLMA_50040	442
KLMA_50041	2086
KLMA_50042	734
KLMA_50043	660
KLMA_50044	84
KLMA_50045	884
KLMA_50046	211
KLMA_50047	434
KLMA_50048	179
KLMA_50049	304
KLMA_50050	2159
KLMA_50051	226
KLMA_50052	662
KLMA_50053	573
KLMA_50054	1288
KLMA_50055	738
KLMA_50056	1165
KLMA_50057	403
KLMA_50058	470
KLMA_50059	81
KLMA_50060	853
KLMA_50061	495
KLMA_50062	6525
KLMA_50063	1174
KLMA_50064	206
KLMA_50065	225
KLMA_50066	203
KLMA_50067	13101
KLMA_50068	217
KLMA_50069	1658
KLMA_50070	551
KLMA_50071	401
KLMA_50072	561
KLMA_50073	476
KLMA_50074	1032
KLMA_50075	1118
KLMA_50076	552
KLMA_50077	585
KLMA_50078	170
KLMA_50079	537
KLMA_50080	470
KLMA_50081	1727
KLMA_50082	2654
KLMA_50083	639
KLMA_50084	1345
KLMA_50085	817
KLMA_50086	780
KLMA_50087	7997
KLMA_50088	214
KLMA_50089	579
KLMA_50090	1033
KLMA_50091	497
KLMA_50092	426
KLMA_50093	176
KLMA_50094	218
KLMA_50095	318
KLMA_50096	326
KLMA_50097	33
KLMA_50098	1140
KLMA_50099	717
KLMA_50100	308
KLMA_50101	1647
KLMA_50102	172
KLMA_50103	799
KLMA_50104	3745
KLMA_50105	325
KLMA_50106	556
KLMA_50107	1480
KLMA_50108	447
KLMA_50109	10381
KLMA_50110	1085
KLMA_50111	1915
KLMA_50112	2676
KLMA_50113	3022
KLMA_50114	133
KLMA_50115	394
KLMA_50117	2410
KLMA_50118	1359
KLMA_50119	587
KLMA_50120	1880
KLMA_50121	170
KLMA_50122	911
KLMA_50123	72
KLMA_50124	1198
KLMA_50125	6812
KLMA_50126	3493
KLMA_50127	3296
KLMA_50128	1762
KLMA_50129	509
KLMA_50130	197
KLMA_50131	282
KLMA_50132	1228
KLMA_50133	1766
KLMA_50134	11069
KLMA_50135	2957
KLMA_50136	3588
KLMA_50138	267
KLMA_50139	887
KLMA_50140	765
KLMA_50141	1301
KLMA_50142	6396
KLMA_50143	3196
KLMA_50144	205
KLMA_50145	1855
KLMA_50146	1258
KLMA_50147	956
KLMA_50148	534
KLMA_50149	966
KLMA_50151	55
KLMA_50152	531
KLMA_50154	2900
KLMA_50155	2464
KLMA_50156	933
KLMA_50157	3351
KLMA_50158	443
KLMA_50159	895
KLMA_50160	326
KLMA_50161	27350
KLMA_50162	2302
KLMA_50163	776
KLMA_50164	21
KLMA_50165	1245
KLMA_50166	178
KLMA_50167	209
KLMA_50168	1024
KLMA_50169	517
KLMA_50170	81212
KLMA_50171	983
KLMA_50172	1232
KLMA_50173	1003
KLMA_50174	122
KLMA_50175	1655
KLMA_50176	676
KLMA_50177	495
KLMA_50178	15398
KLMA_50179	9676
KLMA_50180	1159
KLMA_50181	264
KLMA_50182	1356
KLMA_50183	7575
KLMA_50184	1850
KLMA_50185	435
KLMA_50186	583
KLMA_50187	2160
KLMA_50188	1351
KLMA_50189	2461
KLMA_50190	11550
KLMA_50191	5776
KLMA_50192	642
KLMA_50193	230
KLMA_50194	39098
KLMA_50195	339
KLMA_50196	49
KLMA_50197	8742
KLMA_50198	390
KLMA_50199	155
KLMA_50200	70070
KLMA_50201	103
KLMA_50202	110
KLMA_50203	944
KLMA_50206	7192
KLMA_50207	1036
KLMA_50208	384
KLMA_50209	4797
KLMA_50210	63923
KLMA_50211	2826
KLMA_50212	182
KLMA_50214	1498
KLMA_50215	64797
KLMA_50216	473
KLMA_50217	3556
KLMA_50218	2572
KLMA_50219	638
KLMA_50220	501
KLMA_50221	7042
KLMA_50222	2498
KLMA_50223	23
KLMA_50225	177
KLMA_50226	219
KLMA_50227	786
KLMA_50228	156
KLMA_50229	159
KLMA_50230	202
KLMA_50231	2252
KLMA_50232	1319
KLMA_50233	110
KLMA_50234	1242
KLMA_50235	3018
KLMA_50236	45
KLMA_50237	7434
KLMA_50238	516
KLMA_50239	334
KLMA_50240	339
KLMA_50241	3799
KLMA_50242	97
KLMA_50243	207
KLMA_50244	1255
KLMA_50245	64852
KLMA_50246	177
KLMA_50247	418
KLMA_50248	1614
KLMA_50249	394
KLMA_50250	1448
KLMA_50251	554
KLMA_50252	303
KLMA_50253	14876
KLMA_50254	94491
KLMA_50255	15809
KLMA_50256	155
KLMA_50257	1478
KLMA_50258	571
KLMA_50259	1609
KLMA_50260	4549
KLMA_50261	1368
KLMA_50262	23565
KLMA_50264	55893
KLMA_50265	963
KLMA_50266	639
KLMA_50267	367
KLMA_50268	74
KLMA_50269	4879
KLMA_50270	3920
KLMA_50271	8919
KLMA_50272	2201
KLMA_50273	3822
KLMA_50274	1249
KLMA_50275	97
KLMA_50276	96
KLMA_50277	722
KLMA_50278	324
KLMA_50279	1040
KLMA_50280	657
KLMA_50281	498
KLMA_50282	255
KLMA_50283	6677
KLMA_50284	65402
KLMA_50285	311
KLMA_50286	461
KLMA_50287	1238
KLMA_50288	37262
KLMA_50289	346
KLMA_50290	600
KLMA_50291	654
KLMA_50292	88
KLMA_50293	113
KLMA_50294	850
KLMA_50295	1678
KLMA_50296	5208
KLMA_50297	2081
KLMA_50298	506
KLMA_50299	351
KLMA_50300	70
KLMA_50301	895
KLMA_50302	4779
KLMA_50303	665
KLMA_50304	2742
KLMA_50305	333
KLMA_50306	919
KLMA_50307	4607
KLMA_50308	1615
KLMA_50309	983
KLMA_50310	238
KLMA_50311	4080
KLMA_50312	1186
KLMA_50313	592
KLMA_50314	2523
KLMA_50315	2661
KLMA_50316	414
KLMA_50317	191
KLMA_50318	428
KLMA_50319	584
KLMA_50320	1008
KLMA_50321	940
KLMA_50322	185
KLMA_50323	436
KLMA_50324	42683
KLMA_50325	1553
KLMA_50326	3988
KLMA_50327	222
KLMA_50328	132
KLMA_50329	386
KLMA_50330	111
KLMA_50331	475
KLMA_50332	4163
KLMA_50333	2915
KLMA_50334	471
KLMA_50335	166
KLMA_50336	964
KLMA_50337	242
KLMA_50338	649
KLMA_50339	442
KLMA_50340	2190
KLMA_50341	291
KLMA_50342	873
KLMA_50343	390
KLMA_50344	12765
KLMA_50345	105
KLMA_50346	1752
KLMA_50347	1505
KLMA_50348	2400
KLMA_50349	1024
KLMA_50350	1268
KLMA_50351	1258
KLMA_50352	1019
KLMA_50353	1011
KLMA_50354	353
KLMA_50355	524
KLMA_50356	649
KLMA_50357	511
KLMA_50358	1155
KLMA_50359	22
KLMA_50360	4755
KLMA_50361	10226
KLMA_50362	434
KLMA_50363	62331
KLMA_50364	301
KLMA_50365	3354
KLMA_50366	559
KLMA_50368	9181
KLMA_50369	170
KLMA_50370	620
KLMA_50371	2520
KLMA_50372	3363
KLMA_50373	5514
KLMA_50374	2514
KLMA_50375	480
KLMA_50376	908
KLMA_50377	192
KLMA_50378	666
KLMA_50379	134
KLMA_50380	1778
KLMA_50381	580
KLMA_50382	115
KLMA_50383	11
KLMA_50384	7297
KLMA_50385	382
KLMA_50386	2395
KLMA_50387	1404
KLMA_50388	582
KLMA_50389	1256
KLMA_50390	2364
KLMA_50391	639
KLMA_50392	208
KLMA_50393	216
KLMA_50394	580
KLMA_50395	2351
KLMA_50396	66
KLMA_50397	669
KLMA_50398	23892
KLMA_50399	136
KLMA_50400	230
KLMA_50402	932
KLMA_50403	26
KLMA_50404	1933
KLMA_50406	1518
KLMA_50407	4878
KLMA_50408	560
KLMA_50409	431
KLMA_50410	98
KLMA_50411	2690
KLMA_50412	795
KLMA_50413	421
KLMA_50414	309
KLMA_50415	22
KLMA_50416	23
KLMA_50417	3412
KLMA_50418	2909
KLMA_50419	334
KLMA_50422	721
KLMA_50423	5
KLMA_50424	521
KLMA_50425	73
KLMA_50426	2226
KLMA_50427	286
KLMA_50428	1470
KLMA_50429	293
KLMA_50430	478
KLMA_50431	7716
KLMA_50432	580
KLMA_50433	180
KLMA_50434	3461
KLMA_50435	3336
KLMA_50436	4225
KLMA_50437	93
KLMA_50438	97
KLMA_50439	496
KLMA_50440	351
KLMA_50441	630
KLMA_50442	2169
KLMA_50443	423
KLMA_50444	371
KLMA_50445	705
KLMA_50446	580
KLMA_50447	772
KLMA_50448	1688
KLMA_50449	193
KLMA_50450	60
KLMA_50451	35
KLMA_50452	683
KLMA_50453	206
KLMA_50454	702
KLMA_50455	387
KLMA_50456	43
KLMA_50457	1474
KLMA_50458	7938
KLMA_50459	1182
KLMA_50460	457
KLMA_50461	303
KLMA_50462	316
KLMA_50463	218
KLMA_50464	315
KLMA_50465	1188
KLMA_50466	378
KLMA_50467	1826
KLMA_50468	266
KLMA_50469	2678
KLMA_50470	1203
KLMA_50471	2655
KLMA_50472	624
KLMA_50473	98177
KLMA_50474	18289
KLMA_50475	2725
KLMA_50476	295
KLMA_50477	480
KLMA_50478	1537
KLMA_50479	503
KLMA_50480	893
KLMA_50481	3087
KLMA_50482	5651
KLMA_50483	1618
KLMA_50484	390
KLMA_50485	447
KLMA_50486	1010
KLMA_50487	596
KLMA_50488	349
KLMA_50489	2351
KLMA_50490	553
KLMA_50491	91
KLMA_50492	166
KLMA_50493	1547
KLMA_50494	302
KLMA_50495	2724
KLMA_50496	698
KLMA_50497	41
KLMA_50498	893
KLMA_50500	3336
KLMA_50501	32958
KLMA_50502	1377
KLMA_50503	9657
KLMA_50504	57
KLMA_50505	1264
KLMA_50506	2340
KLMA_50507	354
KLMA_50508	822
KLMA_50509	698
KLMA_50510	386
KLMA_50511	791
KLMA_50512	322
KLMA_50513	27844
KLMA_50514	660
KLMA_50515	653
KLMA_50516	1241
KLMA_50517	841
KLMA_50518	114
KLMA_50519	341
KLMA_50520	541
KLMA_50521	40
KLMA_50522	1915
KLMA_50523	481
KLMA_50524	900
KLMA_50525	1740
KLMA_50526	2451
KLMA_50527	897
KLMA_50528	662
KLMA_50529	40877
KLMA_50530	126
KLMA_50531	1237
KLMA_50533	17514
KLMA_50534	3260
KLMA_50535	301
KLMA_50536	399
KLMA_50537	4583
KLMA_50541	0
KLMA_50545	0
KLMA_50546	4660
KLMA_50547	1662
KLMA_50548	1811
KLMA_50549	868
KLMA_50550	1844
KLMA_50551	634
KLMA_50552	483
KLMA_50553	239
KLMA_50554	1182
KLMA_50555	692
KLMA_50556	2445
KLMA_50557	2058
KLMA_50558	472
KLMA_50559	94374
KLMA_50561	595
KLMA_50562	899
KLMA_50563	719
KLMA_50564	760
KLMA_50565	1338
KLMA_50566	4770
KLMA_50567	4885
KLMA_50568	2180
KLMA_50569	3057
KLMA_50570	544
KLMA_50571	702
KLMA_50572	1173
KLMA_50573	1290
KLMA_50574	817
KLMA_50575	772
KLMA_50576	712
KLMA_50577	1029
KLMA_50578	1028
KLMA_50579	351
KLMA_50580	695
KLMA_50581	293
KLMA_50582	873
KLMA_50583	430
KLMA_50584	597
KLMA_50585	1494
KLMA_50586	618
KLMA_50587	5
KLMA_50588	2471
KLMA_50589	369
KLMA_50590	797
KLMA_50591	283
KLMA_50592	78604
KLMA_50594	66
KLMA_50595	604
KLMA_50596	2967
KLMA_50597	1348
KLMA_50598	230
KLMA_50599	503
KLMA_50600	166
KLMA_50601	351
KLMA_50602	1473
KLMA_50603	734
KLMA_50604	1301
KLMA_50605	680
KLMA_50606	948
KLMA_50607	491
KLMA_50608	17279
KLMA_50609	1601
KLMA_50610	31783
KLMA_50611	1794
KLMA_50612	1769
KLMA_50613	1119
KLMA_50614	451
KLMA_50615	639
KLMA_50616	1233
KLMA_50617	709
KLMA_50618	1269
KLMA_50619	2999
KLMA_50620	356
KLMA_50621	3172
KLMA_50622	678
KLMA_50623	1768
KLMA_50624	2326
KLMA_50625	1894
KLMA_50626	1572
KLMA_50627	647
KLMA_50628	1616
KLMA_50630	2139
KLMA_50631	7702
KLMA_50632	913
KLMA_50633	1018
KLMA_50634	2444
KLMA_50635	99
KLMA_50636	13
KLMA_50637	338
KLMA_50638	429
KLMA_60001	344
KLMA_60002	154
KLMA_60003	415
KLMA_60004	178
KLMA_60005	436
KLMA_60006	231
KLMA_60007	313
KLMA_60008	368
KLMA_60009	986
KLMA_60010	668
KLMA_60011	706
KLMA_60012	860
KLMA_60013	310
KLMA_60014	391
KLMA_60015	1039
KLMA_60016	1535
KLMA_60017	1637
KLMA_60018	2661
KLMA_60019	33664
KLMA_60020	2407
KLMA_60021	235
KLMA_60022	18441
KLMA_60023	3669
KLMA_60024	2736
KLMA_60025	499
KLMA_60026	965
KLMA_60027	342
KLMA_60028	1065
KLMA_60029	67
KLMA_60030	671
KLMA_60031	261
KLMA_60032	929
KLMA_60033	487
KLMA_60034	2600
KLMA_60035	934
KLMA_60036	321
KLMA_60037	2690
KLMA_60038	410
KLMA_60039	306
KLMA_60040	379
KLMA_60041	1474
KLMA_60042	696
KLMA_60043	204
KLMA_60044	682
KLMA_60045	13
KLMA_60046	1008
KLMA_60047	898
KLMA_60048	884
KLMA_60049	40
KLMA_60050	1889
KLMA_60051	961
KLMA_60052	2035
KLMA_60053	1245
KLMA_60054	2676
KLMA_60055	685
KLMA_60056	261
KLMA_60057	310
KLMA_60058	131
KLMA_60059	233
KLMA_60060	655
KLMA_60061	522
KLMA_60062	458
KLMA_60063	560
KLMA_60064	1458
KLMA_60065	4856
KLMA_60066	807
KLMA_60067	508
KLMA_60068	580
KLMA_60069	69136
KLMA_60070	210
KLMA_60071	811
KLMA_60072	132
KLMA_60073	351
KLMA_60074	782
KLMA_60075	657074
KLMA_60076	242
KLMA_60077	9185
KLMA_60078	673
KLMA_60079	1278
KLMA_60081	258
KLMA_60082	311
KLMA_60083	153
KLMA_60084	78
KLMA_60085	1062
KLMA_60086	433
KLMA_60087	5477
KLMA_60088	1437
KLMA_60089	355
KLMA_60090	1912
KLMA_60091	180
KLMA_60092	1348
KLMA_60093	310
KLMA_60094	910
KLMA_60095	459
KLMA_60096	224
KLMA_60097	1366
KLMA_60098	1395
KLMA_60099	389
KLMA_60100	264
KLMA_60101	1119
KLMA_60102	2738
KLMA_60103	3636
KLMA_60104	451
KLMA_60105	269
KLMA_60106	216
KLMA_60107	490
KLMA_60108	859
KLMA_60109	2097
KLMA_60110	160
KLMA_60111	1021
KLMA_60112	894
KLMA_60113	581
KLMA_60114	731
KLMA_60115	779
KLMA_60116	11112
KLMA_60117	5864
KLMA_60118	10912
KLMA_60119	14069
KLMA_60120	486
KLMA_60121	1483
KLMA_60122	301
KLMA_60123	151
KLMA_60124	4
KLMA_60125	121
KLMA_60126	327
KLMA_60127	1905
KLMA_60128	16353
KLMA_60129	52192
KLMA_60130	1339
KLMA_60131	45873
KLMA_60132	97
KLMA_60133	319
KLMA_60134	1232
KLMA_60135	2125
KLMA_60136	911
KLMA_60137	1540
KLMA_60138	540
KLMA_60139	878
KLMA_60140	157
KLMA_60141	1074
KLMA_60142	1266
KLMA_60143	6276
KLMA_60144	2239
KLMA_60145	642
KLMA_60146	188
KLMA_60147	386
KLMA_60148	227
KLMA_60149	468
KLMA_60150	579
KLMA_60151	8020
KLMA_60152	334
KLMA_60153	482
KLMA_60154	778
KLMA_60155	3008
KLMA_60156	3762
KLMA_60157	524
KLMA_60158	988
KLMA_60159	2534
KLMA_60160	120
KLMA_60161	28
KLMA_60162	911
KLMA_60163	1081
KLMA_60164	918
KLMA_60165	19
KLMA_60166	102
KLMA_60167	13998
KLMA_60168	100
KLMA_60169	154
KLMA_60170	710
KLMA_60171	126
KLMA_60172	329
KLMA_60173	27271
KLMA_60175	9109
KLMA_60176	29
KLMA_60177	31
KLMA_60178	323
KLMA_60179	31
KLMA_60180	50
KLMA_60181	1154
KLMA_60182	1289
KLMA_60183	312
KLMA_60184	55
KLMA_60185	1315
KLMA_60186	295
KLMA_60187	813
KLMA_60189	99
KLMA_60190	195
KLMA_60191	472
KLMA_60192	507
KLMA_60193	366
KLMA_60194	446
KLMA_60195	9
KLMA_60196	141
KLMA_60197	464
KLMA_60198	1637
KLMA_60199	985
KLMA_60200	904
KLMA_60202	1192
KLMA_60203	874
KLMA_60204	379
KLMA_60205	106
KLMA_60206	225
KLMA_60207	1395
KLMA_60208	58
KLMA_60209	1927
KLMA_60210	6033
KLMA_60212	1355
KLMA_60214	348
KLMA_60215	13
KLMA_60217	10222
KLMA_60218	367
KLMA_60219	705491
KLMA_60221	440
KLMA_60222	753
KLMA_60223	529
KLMA_60225	55
KLMA_60226	2507
KLMA_60227	2643
KLMA_60229	1058
KLMA_60230	11441
KLMA_60231	156
KLMA_60232	666
KLMA_60233	5158
KLMA_60234	1235
KLMA_60235	1834
KLMA_60236	1226
KLMA_60237	2177
KLMA_60238	193
KLMA_60239	495
KLMA_60240	2047
KLMA_60241	537
KLMA_60242	1085
KLMA_60243	472
KLMA_60244	4127
KLMA_60245	3701
KLMA_60246	174
KLMA_60247	269
KLMA_60248	3335
KLMA_60249	870
KLMA_60250	635
KLMA_60251	50
KLMA_60252	554
KLMA_60253	1169
KLMA_60254	497
KLMA_60256	302
KLMA_60257	673
KLMA_60258	931
KLMA_60259	1619
KLMA_60260	122
KLMA_60261	645
KLMA_60262	518
KLMA_60263	1154
KLMA_60264	2546
KLMA_60265	661
KLMA_60266	88
KLMA_60267	585
KLMA_60268	1252
KLMA_60269	646
KLMA_60270	407
KLMA_60271	1541
KLMA_60272	2924
KLMA_60273	77
KLMA_60274	199
KLMA_60275	2876
KLMA_60276	559
KLMA_60277	252
KLMA_60278	128
KLMA_60279	4539
KLMA_60280	1450
KLMA_60281	238
KLMA_60282	627
KLMA_60283	1013
KLMA_60284	1497
KLMA_60285	689
KLMA_60286	2248
KLMA_60287	1742
KLMA_60288	1628
KLMA_60289	1244
KLMA_60290	896
KLMA_60291	8702
KLMA_60292	4928
KLMA_60293	98
KLMA_60294	205
KLMA_60295	276
KLMA_60296	855
KLMA_60297	2196
KLMA_60298	479
KLMA_60299	128
KLMA_60300	431
KLMA_60301	5060
KLMA_60302	1094
KLMA_60303	697
KLMA_60304	3507
KLMA_60305	978
KLMA_60306	374
KLMA_60307	77
KLMA_60308	454
KLMA_60309	155
KLMA_60310	447
KLMA_60311	2462
KLMA_60312	1144
KLMA_60313	49741
KLMA_60314	420
KLMA_60315	287
KLMA_60316	364
KLMA_60317	15297
KLMA_60318	764
KLMA_60319	2525
KLMA_60320	3489
KLMA_60321	360
KLMA_60322	98
KLMA_60323	139
KLMA_60324	647
KLMA_60325	897
KLMA_60326	1267
KLMA_60327	67
KLMA_60328	265
KLMA_60329	1085
KLMA_60330	411
KLMA_60331	1208
KLMA_60332	276
KLMA_60333	239
KLMA_60334	1209
KLMA_60335	7588
KLMA_60336	1299
KLMA_60337	457
KLMA_60338	282
KLMA_60339	292
KLMA_60340	2016
KLMA_60341	1521
KLMA_60342	1348
KLMA_60343	1540
KLMA_60344	1380
KLMA_60345	779
KLMA_60346	735
KLMA_60347	230
KLMA_60348	459
KLMA_60349	400
KLMA_60350	2258
KLMA_60351	879
KLMA_60352	14
KLMA_60354	446
KLMA_60355	1360
KLMA_60356	153
KLMA_60357	1161
KLMA_60358	2773
KLMA_60359	993
KLMA_60360	228
KLMA_60361	813
KLMA_60362	893
KLMA_60363	344
KLMA_60364	1132
KLMA_60365	83
KLMA_60366	5647
KLMA_60367	464
KLMA_60368	26
KLMA_60369	27
KLMA_60370	721
KLMA_60371	251
KLMA_60372	2121
KLMA_60373	199
KLMA_60374	234
KLMA_60375	123
KLMA_60376	764
KLMA_60377	454
KLMA_60378	661
KLMA_60379	990
KLMA_60380	522
KLMA_60381	21853
KLMA_60382	566
KLMA_60383	12780
KLMA_60385	213
KLMA_60386	567
KLMA_60387	1926
KLMA_60388	902
KLMA_60389	4691
KLMA_60390	14837
KLMA_60391	2079
KLMA_60392	1567
KLMA_60393	805
KLMA_60394	561
KLMA_60395	665
KLMA_60396	412
KLMA_60397	894
KLMA_60398	327
KLMA_60399	1171
KLMA_60400	145
KLMA_60401	170
KLMA_60402	1859
KLMA_60403	3195
KLMA_60404	300
KLMA_60405	1319
KLMA_60406	200
KLMA_60407	3487
KLMA_60408	1011
KLMA_60409	131
KLMA_60410	5466
KLMA_60411	2703
KLMA_60412	177492
KLMA_60413	119
KLMA_60414	31
KLMA_60415	99
KLMA_60416	452
KLMA_60417	15170
KLMA_60418	788
KLMA_60419	1258
KLMA_60420	9301
KLMA_60421	391
KLMA_60422	1107
KLMA_60423	1200
KLMA_60424	2775
KLMA_60425	11819
KLMA_60426	9
KLMA_60427	4447
KLMA_60428	2757
KLMA_60429	2450
KLMA_60430	5140
KLMA_60431	1580
KLMA_60432	1031
KLMA_60433	1653
KLMA_60434	1997
KLMA_60435	24676
KLMA_60437	184
KLMA_60438	52003
KLMA_60439	92
KLMA_60440	65
KLMA_60441	609
KLMA_60442	4777
KLMA_60443	129
KLMA_60444	584
KLMA_60445	22630
KLMA_60446	1164
KLMA_60447	1233
KLMA_60448	1901
KLMA_60449	1545
KLMA_60450	321
KLMA_60451	1979
KLMA_60452	33
KLMA_60453	891
KLMA_60454	846
KLMA_60455	1053
KLMA_60456	977
KLMA_60457	6076
KLMA_60458	796
KLMA_60459	6315
KLMA_60460	184
KLMA_60461	178262
KLMA_60462	14883
KLMA_60463	368
KLMA_60464	333
KLMA_60465	3147
KLMA_60466	325
KLMA_60467	597
KLMA_60468	436
KLMA_60469	12740
KLMA_60470	1727
KLMA_60471	461
KLMA_60472	47303
KLMA_60473	1130
KLMA_60474	229
KLMA_60475	213
KLMA_60476	8791
KLMA_60477	374
KLMA_60478	1216
KLMA_60479	325
KLMA_60480	270
KLMA_60481	4435
KLMA_60482	3679
KLMA_60483	7463
KLMA_60484	22104
KLMA_60486	1366
KLMA_60487	3794
KLMA_60489	358
KLMA_60490	410
KLMA_60491	32130
KLMA_60492	6216
KLMA_60493	5506
KLMA_60494	1984
KLMA_60495	313
KLMA_60496	625
KLMA_60497	7748
KLMA_60498	239
KLMA_60499	2447
KLMA_60500	255
KLMA_60501	1954
KLMA_60502	1357
KLMA_60503	2188
KLMA_60504	48650
KLMA_60505	8406
KLMA_60506	606
KLMA_60507	236
KLMA_60508	5294
KLMA_60509	438
KLMA_60510	206
KLMA_60511	2307
KLMA_60512	6532
KLMA_60514	765
KLMA_60515	457
KLMA_60516	4499
KLMA_60519	2093
KLMA_60520	813
KLMA_60521	1952
KLMA_60522	77
KLMA_60523	5606
KLMA_60524	597
KLMA_60525	2040
KLMA_60526	506
KLMA_60527	415
KLMA_60528	319
KLMA_60529	7314
KLMA_60530	1038
KLMA_60531	226
KLMA_60532	66895
KLMA_60533	67
KLMA_60534	1164
KLMA_60535	8213
KLMA_60536	753
KLMA_60537	821
KLMA_60538	337
KLMA_60539	2823
KLMA_60540	14803
KLMA_60541	2840
KLMA_60542	2713
KLMA_60543	18422
KLMA_60545	867
KLMA_60546	2068
KLMA_60547	1089
KLMA_60548	2881
KLMA_60549	9568
KLMA_60551	2741
KLMA_60552	232
KLMA_60553	284
KLMA_60554	960
KLMA_60555	1011
KLMA_60556	311
KLMA_60557	675
KLMA_60558	834
KLMA_70001	521
KLMA_70002	158
KLMA_70003	162
KLMA_70004	411
KLMA_70005	1291
KLMA_70006	1338
KLMA_70007	2122
KLMA_70008	256
KLMA_70009	2
KLMA_70010	2
KLMA_70011	2999
KLMA_70012	395
KLMA_70013	397
KLMA_70014	3434
KLMA_70015	455
KLMA_70016	774
KLMA_70017	22785
KLMA_70019	1217
KLMA_70020	181
KLMA_70021	2971
KLMA_70022	131
KLMA_70023	259
KLMA_70024	785
KLMA_70025	10972
KLMA_70026	1123
KLMA_70027	2422
KLMA_70028	1055
KLMA_70029	1840
KLMA_70030	509
KLMA_70031	1176
KLMA_70032	939
KLMA_70033	518
KLMA_70034	10327
KLMA_70035	174
KLMA_70036	224
KLMA_70037	54586
KLMA_70039	633
KLMA_70040	464
KLMA_70041	269
KLMA_70042	1433
KLMA_70043	1251
KLMA_70044	531
KLMA_70045	502
KLMA_70046	1659
KLMA_70047	594
KLMA_70048	618
KLMA_70049	1687
KLMA_70050	135
KLMA_70051	83035
KLMA_70053	1032
KLMA_70054	5085
KLMA_70055	1575
KLMA_70056	5307
KLMA_70058	431
KLMA_70059	1452
KLMA_70060	347
KLMA_70061	354
KLMA_70062	22491
KLMA_70063	717
KLMA_70064	1636
KLMA_70065	593
KLMA_70066	516
KLMA_70067	2069
KLMA_70068	6961
KLMA_70069	942
KLMA_70070	1097
KLMA_70071	872
KLMA_70072	170
KLMA_70073	573
KLMA_70074	272
KLMA_70075	1421
KLMA_70076	573
KLMA_70077	349
KLMA_70078	557
KLMA_70079	2619
KLMA_70080	2439
KLMA_70081	954
KLMA_70082	13390
KLMA_70083	1148
KLMA_70084	279
KLMA_70085	47
KLMA_70086	1954
KLMA_70087	5664
KLMA_70089	109
KLMA_70090	346
KLMA_70091	1214
KLMA_70092	3698
KLMA_70093	746
KLMA_70094	2719
KLMA_70095	4343
KLMA_70096	760
KLMA_70097	1460
KLMA_70098	180
KLMA_70099	6087
KLMA_70100	261
KLMA_70101	194
KLMA_70102	824
KLMA_70103	273
KLMA_70104	337
KLMA_70105	117
KLMA_70106	2223
KLMA_70107	217
KLMA_70108	803
KLMA_70109	1583
KLMA_70110	2565
KLMA_70111	1317
KLMA_70112	1112
KLMA_70113	4302
KLMA_70115	682
KLMA_70116	835
KLMA_70117	322
KLMA_70118	193
KLMA_70119	504
KLMA_70120	541
KLMA_70121	449
KLMA_70122	8369
KLMA_70123	52351
KLMA_70124	976
KLMA_70125	271
KLMA_70126	6520
KLMA_70127	6683
KLMA_70128	379
KLMA_70129	1282
KLMA_70130	2807
KLMA_70131	929
KLMA_70132	249
KLMA_70133	751
KLMA_70134	507
KLMA_70136	606
KLMA_70137	2450
KLMA_70138	5979
KLMA_70139	666
KLMA_70140	19475
KLMA_70141	1040
KLMA_70142	2618
KLMA_70144	1239
KLMA_70145	67
KLMA_70146	427
KLMA_70147	2903
KLMA_70148	16570
KLMA_70149	41032
KLMA_70150	3208
KLMA_70151	606
KLMA_70152	968
KLMA_70153	587
KLMA_70154	581
KLMA_70155	45163
KLMA_70156	139
KLMA_70157	54
KLMA_70158	512
KLMA_70159	2602
KLMA_70160	1486
KLMA_70161	1455
KLMA_70162	498
KLMA_70163	1145
KLMA_70164	348
KLMA_70165	207
KLMA_70166	1073
KLMA_70167	951
KLMA_70168	1595
KLMA_70169	329
KLMA_70170	6716
KLMA_70171	201
KLMA_70172	215
KLMA_70173	1611
KLMA_70174	3442
KLMA_70175	1791
KLMA_70176	463
KLMA_70177	2089
KLMA_70178	47682
KLMA_70179	38
KLMA_70180	1392
KLMA_70181	246
KLMA_70182	3789
KLMA_70183	144817
KLMA_70184	579
KLMA_70185	354
KLMA_70186	6765
KLMA_70187	883
KLMA_70188	508
KLMA_70189	6909
KLMA_70190	48776
KLMA_70191	1860
KLMA_70192	1855
KLMA_70193	95
KLMA_70194	91
KLMA_70195	301
KLMA_70196	491
KLMA_70197	222
KLMA_70198	728
KLMA_70199	3245
KLMA_70200	832
KLMA_70201	832
KLMA_70202	2143
KLMA_70203	3944
KLMA_70204	472
KLMA_70205	184
KLMA_70206	397
KLMA_70207	1593
KLMA_70208	97
KLMA_70209	1323
KLMA_70210	334
KLMA_70211	735
KLMA_70212	419
KLMA_70213	2031
KLMA_70214	127
KLMA_70215	3152
KLMA_70216	2121
KLMA_70217	477
KLMA_70218	4717
KLMA_70219	10883
KLMA_70220	249
KLMA_70221	1342
KLMA_70222	1452
KLMA_70223	730
KLMA_70224	697
KLMA_70225	1237
KLMA_70226	1230
KLMA_70227	2879
KLMA_70228	840
KLMA_70229	481
KLMA_70230	347
KLMA_70231	472
KLMA_70232	656
KLMA_70233	984
KLMA_70234	3118
KLMA_70235	459
KLMA_70236	648
KLMA_70237	509
KLMA_70238	726
KLMA_70239	30
KLMA_70240	923
KLMA_70241	641
KLMA_70242	12
KLMA_70243	39
KLMA_70244	214
KLMA_70245	340
KLMA_70246	1023
KLMA_70248	3614
KLMA_70249	2942
KLMA_70250	4712
KLMA_70251	820
KLMA_70252	508
KLMA_70253	141
KLMA_70254	1683
KLMA_70255	1817
KLMA_70256	183
KLMA_70257	2390
KLMA_70258	2035
KLMA_70260	7051
KLMA_70261	2432
KLMA_70262	1301
KLMA_70263	867
KLMA_70264	634
KLMA_70265	5189
KLMA_70266	1151
KLMA_70267	167
KLMA_70268	12252
KLMA_70269	893
KLMA_70270	233
KLMA_70271	1139
KLMA_70272	255
KLMA_70273	1049
KLMA_70275	1681
KLMA_70277	1254
KLMA_70278	3202
KLMA_70279	1300
KLMA_70281	14077
KLMA_70282	535
KLMA_70283	1097
KLMA_70284	567
KLMA_70285	402
KLMA_70286	521
KLMA_70287	634
KLMA_70288	527
KLMA_70289	841
KLMA_70290	741
KLMA_70291	771
KLMA_70292	569
KLMA_70293	952
KLMA_70294	247
KLMA_70295	774
KLMA_70296	1690
KLMA_70297	46751
KLMA_70298	382
KLMA_70299	944
KLMA_70300	1516
KLMA_70301	186
KLMA_70302	490
KLMA_70303	23
KLMA_70304	3259
KLMA_70305	3162
KLMA_70306	619
KLMA_70307	943
KLMA_70308	1450
KLMA_70309	2793
KLMA_70310	1347
KLMA_70311	1143
KLMA_70312	140
KLMA_70313	1886
KLMA_70314	354
KLMA_70315	2818
KLMA_70316	1178
KLMA_70317	522
KLMA_70318	1988
KLMA_70319	64
KLMA_70320	451
KLMA_70321	4189
KLMA_70322	3184
KLMA_70323	778
KLMA_70324	953
KLMA_70325	2073
KLMA_70326	1167
KLMA_70327	299
KLMA_70328	1205
KLMA_70329	968
KLMA_70330	2480
KLMA_70331	306
KLMA_70332	7497
KLMA_70334	2267
KLMA_70335	182
KLMA_70337	260
KLMA_70338	536
KLMA_70339	518
KLMA_70340	897
KLMA_70341	1528
KLMA_70342	1309
KLMA_70343	1171
KLMA_70344	3825
KLMA_70346	461
KLMA_70347	340
KLMA_70348	1237
KLMA_70349	835
KLMA_70351	2215
KLMA_70352	352
KLMA_70354	12515
KLMA_70355	1354
KLMA_70356	197
KLMA_70357	489
KLMA_70358	69281
KLMA_70359	729
KLMA_70361	203
KLMA_70362	991
KLMA_70364	106
KLMA_70365	20112
KLMA_70366	711
KLMA_70367	1102
KLMA_70368	1388
KLMA_70369	190
KLMA_70370	237
KLMA_70371	3809
KLMA_70372	677
KLMA_70373	417
KLMA_70374	140
KLMA_70375	2395
KLMA_70376	1291
KLMA_70377	2588
KLMA_70378	1022
KLMA_70379	119
KLMA_70380	619
KLMA_70381	120
KLMA_70382	213
KLMA_70383	10865
KLMA_70384	1759
KLMA_70385	488
KLMA_70386	887
KLMA_70387	1899
KLMA_70390	2401
KLMA_70391	3303
KLMA_70392	138
KLMA_70393	1053
KLMA_70394	190
KLMA_70395	100
KLMA_70396	847
KLMA_70397	2172
KLMA_70398	1454
KLMA_70399	3405
KLMA_70400	4911
KLMA_70401	2970
KLMA_70402	696
KLMA_70403	1033
KLMA_70404	510
KLMA_70405	338
KLMA_70406	297
KLMA_70407	313
KLMA_70408	928
KLMA_70409	1291
KLMA_70410	604
KLMA_70411	1167
KLMA_70412	3282
KLMA_70413	1563
KLMA_70414	331
KLMA_70415	120
KLMA_70416	166
KLMA_70417	541
KLMA_70418	849
KLMA_70419	795
KLMA_70420	478
KLMA_70421	170
KLMA_70422	2064
KLMA_70424	619
KLMA_70425	690
KLMA_70426	114
KLMA_70427	228
KLMA_70428	43
KLMA_70429	19
KLMA_70430	366
KLMA_70431	711
KLMA_70432	1623
KLMA_70433	394
KLMA_70434	38
KLMA_70435	2012
KLMA_70436	301
KLMA_70438	2578
KLMA_70439	308
KLMA_70440	1220
KLMA_70441	1557
KLMA_70442	2069
KLMA_70443	106
KLMA_70444	19
KLMA_70445	671
KLMA_70446	1224
KLMA_70447	344
KLMA_70448	477
KLMA_70449	256
KLMA_70450	621
KLMA_70451	8342
KLMA_70453	380
KLMA_70455	333
KLMA_70456	300
KLMA_70457	272
KLMA_70458	1928
KLMA_70459	139
KLMA_70460	596
KLMA_70461	465
KLMA_70462	1265
KLMA_70463	0
KLMA_70464	0
KLMA_80001	297
KLMA_80002	0
KLMA_80003	21
KLMA_80004	385
KLMA_80005	173
KLMA_80006	244
KLMA_80007	1391
KLMA_80008	245
KLMA_80009	426
KLMA_80010	89
KLMA_80011	238
KLMA_80012	578
KLMA_80013	3060
KLMA_80014	3336
KLMA_80015	380
KLMA_80016	538
KLMA_80017	239
KLMA_80018	0
KLMA_80019	121
KLMA_80020	418
KLMA_80021	679
KLMA_80022	3816
KLMA_80023	369
KLMA_80024	1369
KLMA_80025	629
KLMA_80026	2239
KLMA_80027	437
KLMA_80028	5611
KLMA_80029	2293
KLMA_80030	455
KLMA_80031	417
KLMA_80032	541
KLMA_80033	487
KLMA_80034	590
KLMA_80035	575
KLMA_80036	5351
KLMA_80037	764
KLMA_80038	503
KLMA_80039	2326
KLMA_80040	1020
KLMA_80041	821
KLMA_80042	1576
KLMA_80043	511
KLMA_80044	462
KLMA_80045	501
KLMA_80046	337
KLMA_80047	1098
KLMA_80048	1098
KLMA_80049	1360
KLMA_80050	834
KLMA_80051	594
KLMA_80052	7140
KLMA_80053	1826
KLMA_80054	4210
KLMA_80056	150
KLMA_80057	2666
KLMA_80058	176
KLMA_80059	1106697
KLMA_80060	700
KLMA_80061	1352
KLMA_80062	119
KLMA_80063	761
KLMA_80064	2315
KLMA_80065	1834
KLMA_80066	715
KLMA_80067	987
KLMA_80068	32
KLMA_80069	217
KLMA_80071	482
KLMA_80072	84
KLMA_80073	55
KLMA_80074	917
KLMA_80075	176
KLMA_80077	952
KLMA_80078	147
KLMA_80079	65
KLMA_80080	565
KLMA_80081	1034
KLMA_80082	28
KLMA_80083	373
KLMA_80084	783
KLMA_80085	156
KLMA_80086	754
KLMA_80087	1300
KLMA_80088	63
KLMA_80089	337
KLMA_80090	650
KLMA_80091	1075
KLMA_80092	103
KLMA_80093	1800
KLMA_80094	50
KLMA_80095	384
KLMA_80096	37482
KLMA_80098	1322
KLMA_80099	3320
KLMA_80100	837
KLMA_80101	16
KLMA_80102	1764
KLMA_80103	947
KLMA_80104	1015
KLMA_80105	181
KLMA_80106	166
KLMA_80107	228
KLMA_80108	1555
KLMA_80109	771
KLMA_80110	520
KLMA_80111	2212
KLMA_80112	3418
KLMA_80113	1152
KLMA_80114	269
KLMA_80115	503
KLMA_80116	1121
KLMA_80117	308
KLMA_80118	9684
KLMA_80119	9830
KLMA_80120	844
KLMA_80121	298
KLMA_80122	560
KLMA_80123	56
KLMA_80124	1017
KLMA_80125	281
KLMA_80126	253
KLMA_80127	1194
KLMA_80128	1014
KLMA_80129	307
KLMA_80130	3144
KLMA_80131	150
KLMA_80132	814
KLMA_80133	834
KLMA_80134	208
KLMA_80135	466
KLMA_80136	59
KLMA_80137	142
KLMA_80138	532
KLMA_80139	3147
KLMA_80140	400
KLMA_80141	160
KLMA_80142	103
KLMA_80143	713
KLMA_80144	847
KLMA_80145	172
KLMA_80146	139
KLMA_80147	371
KLMA_80148	706
KLMA_80149	2122
KLMA_80150	2919
KLMA_80151	737
KLMA_80152	1416
KLMA_80153	4462
KLMA_80154	188
KLMA_80155	5813
KLMA_80156	888
KLMA_80157	679
KLMA_80158	372
KLMA_80159	2961
KLMA_80160	1545
KLMA_80161	678
KLMA_80162	939
KLMA_80163	26732
KLMA_80164	1235
KLMA_80165	2962
KLMA_80166	532
KLMA_80167	1391
KLMA_80168	1966
KLMA_80169	645
KLMA_80170	1289
KLMA_80171	338
KLMA_80172	49
KLMA_80173	2482
KLMA_80174	2201
KLMA_80175	225
KLMA_80176	382
KLMA_80177	1248
KLMA_80178	632
KLMA_80179	634
KLMA_80180	199
KLMA_80181	4935
KLMA_80182	2976
KLMA_80183	3370
KLMA_80184	428
KLMA_80185	21560
KLMA_80186	8646
KLMA_80187	5753
KLMA_80188	971
KLMA_80189	758
KLMA_80190	468
KLMA_80191	14
KLMA_80192	7
KLMA_80193	3659
KLMA_80194	209
KLMA_80195	241
KLMA_80196	23623
KLMA_80197	106
KLMA_80198	17816
KLMA_80199	349
KLMA_80200	491
KLMA_80201	1161
KLMA_80202	1199
KLMA_80203	2492
KLMA_80204	927
KLMA_80205	201
KLMA_80206	3818
KLMA_80207	2270
KLMA_80208	635
KLMA_80209	1455
KLMA_80210	580
KLMA_80211	366
KLMA_80212	1870
KLMA_80213	1786
KLMA_80214	1921
KLMA_80216	2329
KLMA_80217	3116
KLMA_80219	479
KLMA_80220	205
KLMA_80221	283
KLMA_80222	65810
KLMA_80223	132
KLMA_80224	1080
KLMA_80225	1584
KLMA_80226	5
KLMA_80227	1328
KLMA_80228	2164
KLMA_80229	847
KLMA_80230	782
KLMA_80231	1009
KLMA_80232	859
KLMA_80233	760
KLMA_80234	484
KLMA_80235	652
KLMA_80236	3834
KLMA_80237	837
KLMA_80238	680
KLMA_80239	1198
KLMA_80240	3405
KLMA_80241	2607
KLMA_80242	3120
KLMA_80243	3622
KLMA_80244	1257
KLMA_80245	1236
KLMA_80246	2118
KLMA_80247	212
KLMA_80248	460
KLMA_80249	5851
KLMA_80250	278
KLMA_80252	1432
KLMA_80253	683
KLMA_80254	1687
KLMA_80255	892
KLMA_80256	24981
KLMA_80257	10728
KLMA_80258	1480
KLMA_80259	138
KLMA_80260	3469
KLMA_80261	2790
KLMA_80262	497
KLMA_80263	313
KLMA_80264	1001
KLMA_80265	1582
KLMA_80266	116
KLMA_80267	828
KLMA_80268	535
KLMA_80269	538
KLMA_80270	1493
KLMA_80271	846
KLMA_80272	875
KLMA_80273	708
KLMA_80274	719
KLMA_80275	87
KLMA_80276	4018
KLMA_80277	641
KLMA_80278	1459
KLMA_80279	349
KLMA_80280	3288
KLMA_80281	1696
KLMA_80282	550
KLMA_80284	7025
KLMA_80285	6710
KLMA_80286	71
KLMA_80287	143
KLMA_80288	323
KLMA_80289	1587
KLMA_80290	3502
KLMA_80292	664
KLMA_80293	143
KLMA_80294	3992
KLMA_80295	975
KLMA_80296	2268
KLMA_80297	2809
KLMA_80298	294
KLMA_80299	798
KLMA_80300	1898
KLMA_80301	1151
KLMA_80302	27789
KLMA_80303	1038
KLMA_80304	39
KLMA_80305	101
KLMA_80306	185
KLMA_80307	26
KLMA_80308	355
KLMA_80309	355385
KLMA_80310	583
KLMA_80311	686
KLMA_80312	11317
KLMA_80313	172
KLMA_80314	905
KLMA_80315	761
KLMA_80316	1268
KLMA_80317	11808
KLMA_80318	378
KLMA_80319	414
KLMA_80320	1154
KLMA_80321	969
KLMA_80322	2358
KLMA_80323	520
KLMA_80324	504
KLMA_80325	3432
KLMA_80326	122
KLMA_80327	877
KLMA_80328	1000
KLMA_80329	192
KLMA_80330	120
KLMA_80331	314
KLMA_80332	1022
KLMA_80333	181
KLMA_80334	2150
KLMA_80335	1907
KLMA_80336	602
KLMA_80337	2578
KLMA_80338	3909
KLMA_80339	1184
KLMA_80340	546
KLMA_80341	688
KLMA_80342	1130
KLMA_80343	4171
KLMA_80344	4219
KLMA_80345	1310
KLMA_80346	1050
KLMA_80348	26326
KLMA_80349	472
KLMA_80350	1492
KLMA_80351	125
KLMA_80353	607
KLMA_80354	2449
KLMA_80355	370
KLMA_80356	848
KLMA_80357	380
KLMA_80358	5459
KLMA_80359	1220
KLMA_80360	681
KLMA_80361	2084
KLMA_80362	2043
KLMA_80363	3224
KLMA_80364	402
KLMA_80365	76434
KLMA_80366	73
KLMA_80367	9052
KLMA_80369	7092
KLMA_80371	330
KLMA_80372	573
KLMA_80373	2216
KLMA_80374	14
KLMA_80375	585
KLMA_80376	346
KLMA_80377	1009
KLMA_80378	557
KLMA_80379	678
KLMA_80380	1922
KLMA_80381	1369
KLMA_80382	1457
KLMA_80383	812
KLMA_80384	565
KLMA_80385	1587
KLMA_80386	448
KLMA_80387	536
KLMA_80389	189
KLMA_80390	1244
KLMA_80391	499
KLMA_80392	6252
KLMA_80393	575
KLMA_80394	5183
KLMA_80395	1228
KLMA_80396	387
KLMA_80397	240
KLMA_80398	458
KLMA_80399	901
KLMA_80400	613
KLMA_80401	5010
KLMA_80402	1056
KLMA_80403	906
KLMA_80404	525
KLMA_80405	4042
KLMA_80406	1735
KLMA_80407	1052
KLMA_80408	5177
KLMA_80409	159
KLMA_80410	899
KLMA_80411	435
KLMA_80412	19
KLMA_80413	33487
KLMA_80414	12960
KLMA_80415	1299
KLMA_80416	190
KLMA_80417	15399
KLMA_80418	2279
KLMA_80419	112
KLMA_80421	110
KLMA_80422	0
KLMA_80423	45
KLMA_80424	0
KLMA_80425	0
KLMA_80426	1069
KLMA_80427	3175
KLMA_80428	1277
KLMA_80429	0
KLMA_90001	1
KLMA_90002	2
KLMA_90003	131
KLMA_90004	24
KLMA_90005	0
KLMA_90006	2
KLMA_90007	0
KLMA_90009	0
KLMA_90010	13
KLMA_90011	17
KLMA_90012	1
__no_feature	1607108
__ambiguous	90765
__too_low_aQual	0
__not_aligned	0
__alignment_not_unique	369819
