ORF	merged.exon.length
SKDZ_01G0010	363
SKDZ_01G0020	1137
SKDZ_01G0030	918
SKDZ_01G0040	375
SKDZ_01G0050	1374
SKDZ_01G0060	1254
SKDZ_01G0070	1149
SKDZ_01G0080	567
SKDZ_01G0100	1506
SKDZ_01G0110	2643
SKDZ_01G0120	543
SKDZ_01G0130	2142
SKDZ_01G0140	2352
SKDZ_01G0150	3123
SKDZ_01G0160	741
SKDZ_01G0170	1986
SKDZ_01G0190	1911
SKDZ_01G0200	339
SKDZ_01G0210	333
SKDZ_01G0220	513
SKDZ_01G0230	2367
SKDZ_01G0250	1248
SKDZ_01G0260	2556
SKDZ_01G0270	1743
SKDZ_01G0280	798
SKDZ_01G0290	1503
SKDZ_01G0320	792
SKDZ_01G0330	1110
SKDZ_01G0340	2979
SKDZ_01G0350	867
SKDZ_01G0360	1230
SKDZ_01G0370	351
SKDZ_01G0380	516
SKDZ_01G0390	1143
SKDZ_01G0400	2292
SKDZ_01G0410	354
SKDZ_01G0420	4416
SKDZ_01G0430	1557
SKDZ_01G0440	786
SKDZ_01G0450	4065
SKDZ_01G0460	918
SKDZ_01G0470	4329
SKDZ_01G0480	2280
SKDZ_01G0490	1548
SKDZ_01G0500	2484
SKDZ_01G0510	1008
SKDZ_01G0530	3393
SKDZ_01G0540	966
SKDZ_01G0550	4071
SKDZ_01G0570	1890
SKDZ_01G0580	1200
SKDZ_01G0590	747
SKDZ_01G0600	1173
SKDZ_01G0610	1185
SKDZ_01G0620	1902
SKDZ_01G0630	1482
SKDZ_01G0640	780
SKDZ_01G0650	606
SKDZ_01G0660	648
SKDZ_01G0670	1929
SKDZ_01G0680	621
SKDZ_01G0690	3828
SKDZ_01G0700	3495
SKDZ_01G0710	1611
SKDZ_01G0720	660
SKDZ_01G0730	1287
SKDZ_01G0740	1866
SKDZ_01G0750	828
SKDZ_01G0760	363
SKDZ_01G0770	2925
SKDZ_01G0780	1308
SKDZ_01G0790	921
SKDZ_01G0800	2148
SKDZ_01G0810	606
SKDZ_01G0820	684
SKDZ_01G0830	492
SKDZ_01G0840	2091
SKDZ_01G0850	3492
SKDZ_01G0860	1893
SKDZ_01G0870	1404
SKDZ_01G0890	363
SKDZ_02G0010	363
SKDZ_02G0020	696
SKDZ_02G0030	591
SKDZ_02G0040	3033
SKDZ_02G0050	3456
SKDZ_02G0060	3117
SKDZ_02G0070	1470
SKDZ_02G0080	648
SKDZ_02G0090	3345
SKDZ_02G0110	1638
SKDZ_02G0120	1386
SKDZ_02G0130	2259
SKDZ_02G0140	813
SKDZ_02G0150	669
SKDZ_02G0160	393
SKDZ_02G0170	525
SKDZ_02G0180	1266
SKDZ_02G0190	534
SKDZ_02G0200	1380
SKDZ_02G0210	8370
SKDZ_02G0220	414
SKDZ_02G0230	1401
SKDZ_02G0240	2949
SKDZ_02G0250	2274
SKDZ_02G0260	1356
SKDZ_02G0270	1080
SKDZ_02G0280	1626
SKDZ_02G0290	4524
SKDZ_02G0300	354
SKDZ_02G0320	3219
SKDZ_02G0330	1950
SKDZ_02G0340	1077
SKDZ_02G0360	603
SKDZ_02G0370	249
SKDZ_02G0390	1290
SKDZ_02G0400	981
SKDZ_02G0410	2247
SKDZ_02G0420	3489
SKDZ_02G0440	786
SKDZ_02G0450	3333
SKDZ_02G0460	2100
SKDZ_02G0470	2082
SKDZ_02G0480	330
SKDZ_02G0485	495
SKDZ_02G0490	1281
SKDZ_02G0500	672
SKDZ_02G0510	1407
SKDZ_02G0520	1257
SKDZ_02G0530	1578
SKDZ_02G0540	2553
SKDZ_02G0550	2028
SKDZ_02G0560	879
SKDZ_02G0570	417
SKDZ_02G0580	4161
SKDZ_02G0590	1371
SKDZ_02G0600	1374
SKDZ_02G0610	795
SKDZ_02G0620	1908
SKDZ_02G0630	726
SKDZ_02G0640	471
SKDZ_02G0650	180
SKDZ_02G0660	1740
SKDZ_02G0680	699
SKDZ_02G0690	3078
SKDZ_02G0700	774
SKDZ_02G0710	2118
SKDZ_02G0720	4545
SKDZ_02G0730	1038
SKDZ_02G0740	1143
SKDZ_02G0750	1017
SKDZ_02G0760	957
SKDZ_02G0770	285
SKDZ_02G0780	1110
SKDZ_02G0790	321
SKDZ_02G0800	570
SKDZ_02G0810	288
SKDZ_02G0820	438
SKDZ_02G0830	2046
SKDZ_02G0840	2607
SKDZ_02G0850	3426
SKDZ_02G0860	435
SKDZ_02G0870	1722
SKDZ_02G0880	1563
SKDZ_02G0890	402
SKDZ_02G0900	4719
SKDZ_02G0910	1062
SKDZ_02G0920	1581
SKDZ_02G0930	2682
SKDZ_02G0940	1185
SKDZ_02G0960	2235
SKDZ_02G0970	843
SKDZ_02G0980	2031
SKDZ_02G0990	2523
SKDZ_02G1000	3642
SKDZ_02G1010	552
SKDZ_02G1030	2910
SKDZ_02G1040	7488
SKDZ_02G1050	399
SKDZ_02G1060	396
SKDZ_02G1070	315
SKDZ_02G1080	2343
SKDZ_02G1090	861
SKDZ_02G1100	1422
SKDZ_02G1110	1302
SKDZ_02G1120	642
SKDZ_02G1130	1494
SKDZ_02G1140	2187
SKDZ_02G1150	1641
SKDZ_02G1160	312
SKDZ_02G1170	411
SKDZ_02G1180	864
SKDZ_02G1190	615
SKDZ_02G1200	1791
SKDZ_02G1210	540
SKDZ_02G1220	2742
SKDZ_02G1230	1104
SKDZ_02G1240	2100
SKDZ_02G1250	1587
SKDZ_02G1260	1902
SKDZ_02G1270	534
SKDZ_02G1280	3507
SKDZ_02G1290	906
SKDZ_02G1300	1185
SKDZ_02G1310	1143
SKDZ_02G1320	1581
SKDZ_02G1330	1374
SKDZ_02G1340	1689
SKDZ_02G1350	1089
SKDZ_02G1360	2754
SKDZ_02G1370	1047
SKDZ_02G1380	687
SKDZ_02G1390	1233
SKDZ_02G1400	906
SKDZ_02G1410	2892
SKDZ_02G1420	936
SKDZ_02G1430	897
SKDZ_02G1440	2010
SKDZ_02G1450	1197
SKDZ_02G1460	2067
SKDZ_02G1470	1722
SKDZ_02G1480	1962
SKDZ_02G1490	1005
SKDZ_02G1500	528
SKDZ_02G1510	471
SKDZ_02G1520	2430
SKDZ_02G1530	999
SKDZ_02G1550	627
SKDZ_02G1560	1077
SKDZ_02G1570	1032
SKDZ_02G1580	2706
SKDZ_02G1590	1506
SKDZ_02G1600	192
SKDZ_02G1620	1098
SKDZ_02G1630	2349
SKDZ_02G1640	243
SKDZ_02G1650	3273
SKDZ_02G1660	1866
SKDZ_02G1670	933
SKDZ_02G1680	537
SKDZ_02G1690	1218
SKDZ_02G1700	1104
SKDZ_02G1710	663
SKDZ_02G1720	666
SKDZ_02G1730	1830
SKDZ_02G1740	1860
SKDZ_02G1750	714
SKDZ_02G1760	639
SKDZ_02G1770	645
SKDZ_02G1780	2763
SKDZ_02G1790	2922
SKDZ_02G1800	1065
SKDZ_02G1810	489
SKDZ_02G1820	1281
SKDZ_02G1830	2883
SKDZ_02G1840	2268
SKDZ_02G1850	4023
SKDZ_02G1860	333
SKDZ_02G1870	1464
SKDZ_02G1880	2928
SKDZ_02G1890	570
SKDZ_02G1900	924
SKDZ_02G1910	987
SKDZ_02G1920	258
SKDZ_02G1930	2826
SKDZ_02G1940	1065
SKDZ_02G1950	777
SKDZ_02G1970	309
SKDZ_02G1980	330
SKDZ_02G1990	1404
SKDZ_02G2000	1404
SKDZ_02G2010	2262
SKDZ_02G2020	1308
SKDZ_02G2030	693
SKDZ_02G2040	4365
SKDZ_02G2050	2082
SKDZ_02G2070	873
SKDZ_02G2080	2262
SKDZ_02G2090	1638
SKDZ_02G2100	990
SKDZ_02G2110	1092
SKDZ_02G2120	567
SKDZ_02G2130	738
SKDZ_02G2140	2946
SKDZ_02G2150	444
SKDZ_02G2160	1350
SKDZ_02G2170	708
SKDZ_02G2180	291
SKDZ_02G2190	2898
SKDZ_02G2210	2397
SKDZ_02G2220	4179
SKDZ_02G2230	2046
SKDZ_02G2240	1377
SKDZ_02G2250	684
SKDZ_02G2260	489
SKDZ_02G2270	1998
SKDZ_02G2290	534
SKDZ_02G2300	1962
SKDZ_02G2320	1182
SKDZ_02G2330	1488
SKDZ_02G2340	216
SKDZ_02G2350	1551
SKDZ_02G2360	1035
SKDZ_02G2370	969
SKDZ_02G2380	1290
SKDZ_02G2390	2139
SKDZ_02G2410	1797
SKDZ_02G2420	2487
SKDZ_02G2440	438
SKDZ_02G2450	7107
SKDZ_02G2460	540
SKDZ_02G2470	1569
SKDZ_02G2480	1515
SKDZ_02G2490	9273
SKDZ_02G2500	1011
SKDZ_02G2510	2307
SKDZ_02G2520	1314
SKDZ_02G2530	1056
SKDZ_02G2540	786
SKDZ_02G2550	927
SKDZ_02G2560	1830
SKDZ_02G2570	1035
SKDZ_02G2580	3231
SKDZ_02G2590	951
SKDZ_02G2600	864
SKDZ_02G2610	735
SKDZ_02G2620	648
SKDZ_02G2630	1158
SKDZ_02G2640	2079
SKDZ_02G2650	768
SKDZ_02G2660	1662
SKDZ_02G2670	1044
SKDZ_02G2680	897
SKDZ_02G2690	1134
SKDZ_02G2700	1377
SKDZ_02G2710	201
SKDZ_02G2720	1743
SKDZ_02G2730	552
SKDZ_02G2740	831
SKDZ_02G2750	1356
SKDZ_02G2760	423
SKDZ_02G2770	1242
SKDZ_02G2780	2082
SKDZ_02G2790	1743
SKDZ_02G2800	621
SKDZ_02G2810	2250
SKDZ_02G2820	447
SKDZ_02G2830	948
SKDZ_02G2840	939
SKDZ_02G2850	1356
SKDZ_02G2860	2568
SKDZ_02G2870	1719
SKDZ_02G2880	525
SKDZ_02G2890	1359
SKDZ_02G2900	954
SKDZ_02G2910	1644
SKDZ_02G2920	837
SKDZ_02G2930	1704
SKDZ_02G2940	846
SKDZ_02G2950	420
SKDZ_02G2960	588
SKDZ_02G2970	483
SKDZ_02G2980	1134
SKDZ_02G2990	663
SKDZ_02G3000	372
SKDZ_02G3010	1269
SKDZ_02G3020	1665
SKDZ_02G3030	606
SKDZ_02G3040	2412
SKDZ_02G3050	1395
SKDZ_02G3060	1662
SKDZ_02G3070	636
SKDZ_02G3080	2538
SKDZ_02G3090	2778
SKDZ_02G3100	1131
SKDZ_02G3110	1215
SKDZ_02G3120	1401
SKDZ_02G3130	5508
SKDZ_02G3140	1080
SKDZ_02G3150	429
SKDZ_02G3160	975
SKDZ_02G3170	2001
SKDZ_02G3180	825
SKDZ_02G3190	1572
SKDZ_02G3200	1839
SKDZ_02G3210	2013
SKDZ_02G3220	558
SKDZ_02G3230	3543
SKDZ_02G3250	1665
SKDZ_02G3260	1095
SKDZ_02G3270	1635
SKDZ_02G3290	1704
SKDZ_02G3300	2712
SKDZ_02G3310	1578
SKDZ_02G3320	915
SKDZ_02G3330	2865
SKDZ_02G3340	408
SKDZ_02G3350	201
SKDZ_02G3360	900
SKDZ_02G3380	1251
SKDZ_02G3390	288
SKDZ_02G3400	1155
SKDZ_02G3410	3342
SKDZ_02G3420	1311
SKDZ_02G3430	2547
SKDZ_02G3440	2220
SKDZ_02G3450	1590
SKDZ_02G3460	1359
SKDZ_02G3470	1467
SKDZ_02G3480	717
SKDZ_02G3490	1347
SKDZ_02G3500	528
SKDZ_02G3510	3210
SKDZ_02G3520	1164
SKDZ_02G3530	1452
SKDZ_02G3540	1659
SKDZ_02G3550	1107
SKDZ_02G3560	1572
SKDZ_02G3570	924
SKDZ_02G3580	444
SKDZ_02G3590	366
SKDZ_02G3600	534
SKDZ_02G3610	2055
SKDZ_02G3620	159
SKDZ_02G3630	717
SKDZ_02G3640	840
SKDZ_02G3650	429
SKDZ_02G3660	2073
SKDZ_02G3670	1983
SKDZ_02G3680	699
SKDZ_02G3690	321
SKDZ_02G3700	1473
SKDZ_02G3710	600
SKDZ_02G3720	963
SKDZ_02G3730	1182
SKDZ_02G3740	318
SKDZ_02G3750	417
SKDZ_02G3760	1638
SKDZ_02G3770	1254
SKDZ_02G3780	1449
SKDZ_02G3790	1314
SKDZ_02G3800	1584
SKDZ_02G3810	5793
SKDZ_02G3820	2424
SKDZ_02G3830	621
SKDZ_02G3840	1311
SKDZ_02G3850	1926
SKDZ_02G3860	2637
SKDZ_02G3870	441
SKDZ_02G3880	1473
SKDZ_02G3890	2394
SKDZ_02G3900	426
SKDZ_02G3910	1617
SKDZ_02G3920	1293
SKDZ_02G3930	1455
SKDZ_02G3940	2613
SKDZ_02G3950	978
SKDZ_02G3960	900
SKDZ_02G3970	1425
SKDZ_02G3980	2592
SKDZ_02G3990	3837
SKDZ_02G4000	1725
SKDZ_02G4010	1407
SKDZ_02G4020	1704
SKDZ_02G4030	1770
SKDZ_02G4040	696
SKDZ_02G4050	1704
SKDZ_02G4060	1509
SKDZ_02G4070	831
SKDZ_02G4090	1155
SKDZ_02G4100	1044
SKDZ_02G4110	1572
SKDZ_03G0010	654
SKDZ_03G0020	1086
SKDZ_03G0030	363
SKDZ_03G0040	1566
SKDZ_03G0050	819
SKDZ_03G0060	633
SKDZ_03G0070	525
SKDZ_03G0080	1083
SKDZ_03G0090	1281
SKDZ_03G0100	3459
SKDZ_03G0110	951
SKDZ_03G0120	342
SKDZ_03G0130	294
SKDZ_03G0140	2139
SKDZ_03G0150	435
SKDZ_03G0160	1005
SKDZ_03G0170	2523
SKDZ_03G0180	1251
SKDZ_03G0190	1731
SKDZ_03G0200	966
SKDZ_03G0210	939
SKDZ_03G0220	255
SKDZ_03G0230	1392
SKDZ_03G0240	777
SKDZ_03G0250	2283
SKDZ_03G0270	1251
SKDZ_03G0280	1566
SKDZ_03G0290	1503
SKDZ_03G0300	2250
SKDZ_03G0310	1578
SKDZ_03G0320	1305
SKDZ_03G0330	1701
SKDZ_03G0340	333
SKDZ_03G0350	1068
SKDZ_03G0360	507
SKDZ_03G0370	1035
SKDZ_03G0380	894
SKDZ_03G0390	2400
SKDZ_03G0400	1332
SKDZ_03G0410	1194
SKDZ_03G0430	1530
SKDZ_03G0440	582
SKDZ_03G0450	1902
SKDZ_03G0460	3108
SKDZ_03G0470	717
SKDZ_03G0480	1095
SKDZ_03G0490	1494
SKDZ_03G0500	1137
SKDZ_03G0510	4857
SKDZ_03G0520	402
SKDZ_03G0530	1290
SKDZ_03G0540	783
SKDZ_03G0550	930
SKDZ_03G0560	1158
SKDZ_03G0570	222
SKDZ_03G0590	783
SKDZ_03G0600	1566
SKDZ_03G0610	792
SKDZ_03G0620	567
SKDZ_03G0630	405
SKDZ_03G0640	252
SKDZ_03G0650	969
SKDZ_03G0660	552
SKDZ_03G0670	744
SKDZ_03G0680	1383
SKDZ_03G0685	636
SKDZ_03G0690	708
SKDZ_03G0700	1815
SKDZ_03G0710	798
SKDZ_03G0720	852
SKDZ_03G0730	3150
SKDZ_03G0740	1251
SKDZ_03G0760	1737
SKDZ_03G0770	966
SKDZ_03G0780	852
SKDZ_03G0790	2865
SKDZ_03G0800	669
SKDZ_03G0810	441
SKDZ_03G0820	1092
SKDZ_03G0830	648
SKDZ_03G0840	267
SKDZ_03G0850	237
SKDZ_03G0860	999
SKDZ_03G0870	1734
SKDZ_03G0880	1479
SKDZ_03G0890	123
SKDZ_03G0900	2241
SKDZ_03G0910	630
SKDZ_03G0920	1227
SKDZ_03G0930	1521
SKDZ_03G0940	408
SKDZ_03G0950	2619
SKDZ_03G0960	414
SKDZ_03G0970	6507
SKDZ_03G0980	3684
SKDZ_03G0990	1044
SKDZ_03G1000	1182
SKDZ_03G1010	1005
SKDZ_03G1020	2784
SKDZ_03G1040	1830
SKDZ_03G1050	633
SKDZ_03G1060	525
SKDZ_03G1070	4197
SKDZ_03G1080	384
SKDZ_03G1090	1071
SKDZ_03G1100	1476
SKDZ_03G1120	510
SKDZ_03G1130	828
SKDZ_03G1150	1839
SKDZ_03G1170	669
SKDZ_03G1180	1458
SKDZ_03G1190	1545
SKDZ_03G1200	1692
SKDZ_03G1210	2751
SKDZ_03G1220	777
SKDZ_03G1230	357
SKDZ_03G1240	1842
SKDZ_03G1250	474
SKDZ_03G1260	1716
SKDZ_03G1270	1470
SKDZ_03G1280	2979
SKDZ_03G1290	1563
SKDZ_03G1300	975
SKDZ_03G1310	441
SKDZ_03G1320	1548
SKDZ_03G1330	4005
SKDZ_03G1340	939
SKDZ_03G1350	783
SKDZ_03G1360	228
SKDZ_03G1370	726
SKDZ_03G1380	2385
SKDZ_03G1390	1329
SKDZ_03G1400	4308
SKDZ_03G1410	387
SKDZ_03G1420	384
SKDZ_03G1430	2142
SKDZ_03G1440	573
SKDZ_03G1450	432
SKDZ_03G1460	1758
SKDZ_03G1470	5256
SKDZ_03G1480	549
SKDZ_03G1490	2151
SKDZ_03G1500	3048
SKDZ_03G1510	6474
SKDZ_03G1520	1173
SKDZ_03G1530	1080
SKDZ_03G1540	375
SKDZ_03G1545	381
SKDZ_03G1550	375
SKDZ_03G1560	1035
SKDZ_03G1570	1491
SKDZ_03G1580	363
SKDZ_03G1590	324
SKDZ_04G0010	363
SKDZ_04G0020	1836
SKDZ_04G0030	1074
SKDZ_04G0040	1725
SKDZ_04G0050	1023
SKDZ_04G0060	3057
SKDZ_04G0070	2373
SKDZ_04G0080	1488
SKDZ_04G0090	1173
SKDZ_04G0100	930
SKDZ_04G0110	504
SKDZ_04G0120	2241
SKDZ_04G0130	1374
SKDZ_04G0140	111
SKDZ_04G0150	3378
SKDZ_04G0160	1020
SKDZ_04G0170	1842
SKDZ_04G0180	1761
SKDZ_04G0190	1056
SKDZ_04G0200	1656
SKDZ_04G0210	1956
SKDZ_04G0220	2991
SKDZ_04G0230	927
SKDZ_04G0240	2721
SKDZ_04G0250	450
SKDZ_04G0260	954
SKDZ_04G0270	630
SKDZ_04G0280	1326
SKDZ_04G0290	3279
SKDZ_04G0300	2091
SKDZ_04G0310	681
SKDZ_04G0320	633
SKDZ_04G0330	1107
SKDZ_04G0340	1716
SKDZ_04G0350	1032
SKDZ_04G0360	471
SKDZ_04G0370	1617
SKDZ_04G0380	2295
SKDZ_04G0390	984
SKDZ_04G0400	1185
SKDZ_04G0410	1875
SKDZ_04G0420	750
SKDZ_04G0430	861
SKDZ_04G0440	567
SKDZ_04G0450	2064
SKDZ_04G0460	903
SKDZ_04G0470	1650
SKDZ_04G0480	3822
SKDZ_04G0490	2655
SKDZ_04G0500	1119
SKDZ_04G0510	546
SKDZ_04G0520	363
SKDZ_04G0530	2886
SKDZ_04G0540	1371
SKDZ_04G0550	1134
SKDZ_04G0570	876
SKDZ_04G0590	1854
SKDZ_04G0600	78
SKDZ_04G0610	963
SKDZ_04G0620	1287
SKDZ_04G0630	258
SKDZ_04G0640	1638
SKDZ_04G0650	930
SKDZ_04G0660	1596
SKDZ_04G0670	516
SKDZ_04G0680	2127
SKDZ_04G0690	1035
SKDZ_04G0700	1773
SKDZ_04G0710	885
SKDZ_04G0730	6438
SKDZ_04G0740	1587
SKDZ_04G0750	669
SKDZ_04G0760	1158
SKDZ_04G0770	2124
SKDZ_04G0780	585
SKDZ_04G0790	576
SKDZ_04G0800	2265
SKDZ_04G0810	1362
SKDZ_04G0820	1524
SKDZ_04G0840	1572
SKDZ_04G0850	354
SKDZ_04G0860	1569
SKDZ_04G0870	1287
SKDZ_04G0880	2712
SKDZ_04G0890	1818
SKDZ_04G0910	1269
SKDZ_04G0920	2994
SKDZ_04G0930	2433
SKDZ_04G0940	1338
SKDZ_04G0950	1470
SKDZ_04G0960	3606
SKDZ_04G0970	1071
SKDZ_04G0980	1587
SKDZ_04G0990	843
SKDZ_04G1000	2073
SKDZ_04G1010	5181
SKDZ_04G1020	675
SKDZ_04G1030	2310
SKDZ_04G1040	546
SKDZ_04G1050	363
SKDZ_04G1060	609
SKDZ_04G1070	1110
SKDZ_04G1080	78
SKDZ_04G1090	1329
SKDZ_04G1100	2448
SKDZ_04G1110	1323
SKDZ_04G1120	261
SKDZ_04G1130	318
SKDZ_04G1140	873
SKDZ_04G1150	1236
SKDZ_04G1160	927
SKDZ_04G1170	2508
SKDZ_04G1180	435
SKDZ_04G1190	1014
SKDZ_04G1200	423
SKDZ_04G1210	2364
SKDZ_04G1220	450
SKDZ_04G1230	522
SKDZ_04G1240	924
SKDZ_04G1260	2664
SKDZ_04G1270	2181
SKDZ_04G1280	1056
SKDZ_04G1290	912
SKDZ_04G1300	1923
SKDZ_04G1310	4311
SKDZ_04G1320	798
SKDZ_04G1330	453
SKDZ_04G1340	1938
SKDZ_04G1350	909
SKDZ_04G1360	1050
SKDZ_04G1370	1692
SKDZ_04G1380	1215
SKDZ_04G1390	1224
SKDZ_04G1400	1434
SKDZ_04G1410	3294
SKDZ_04G1420	1542
SKDZ_04G1430	1065
SKDZ_04G1440	1062
SKDZ_04G1450	588
SKDZ_04G1460	1302
SKDZ_04G1470	2454
SKDZ_04G1480	2229
SKDZ_04G1490	441
SKDZ_04G1500	1368
SKDZ_04G1510	1293
SKDZ_04G1520	1467
SKDZ_04G1530	1599
SKDZ_04G1540	816
SKDZ_04G1550	822
SKDZ_04G1560	207
SKDZ_04G1570	1638
SKDZ_04G1580	1341
SKDZ_04G1590	432
SKDZ_04G1600	600
SKDZ_04G1610	321
SKDZ_04G1620	1863
SKDZ_04G1630	1812
SKDZ_04G1640	1032
SKDZ_04G1650	3150
SKDZ_04G1660	888
SKDZ_04G1670	342
SKDZ_04G1680	2103
SKDZ_04G1690	2946
SKDZ_04G1700	612
SKDZ_04G1710	1905
SKDZ_04G1720	693
SKDZ_04G1730	180
SKDZ_04G1740	1290
SKDZ_04G1750	1026
SKDZ_04G1760	474
SKDZ_04G1770	1869
SKDZ_04G1780	171
SKDZ_04G1790	2370
SKDZ_04G1800	711
SKDZ_04G1810	5373
SKDZ_04G1820	987
SKDZ_04G1830	2517
SKDZ_04G1840	1086
SKDZ_04G1850	1461
SKDZ_04G1860	558
SKDZ_04G1870	909
SKDZ_04G1880	825
SKDZ_04G1890	810
SKDZ_04G1900	1461
SKDZ_04G1910	936
SKDZ_04G1920	522
SKDZ_04G1930	288
SKDZ_04G1940	921
SKDZ_04G1950	1323
SKDZ_04G1960	801
SKDZ_04G1970	1704
SKDZ_04G1980	2568
SKDZ_04G1990	5355
SKDZ_04G2000	1377
SKDZ_04G2010	2655
SKDZ_04G2030	1344
SKDZ_04G2040	3006
SKDZ_04G2050	1596
SKDZ_04G2060	1176
SKDZ_04G2070	2310
SKDZ_04G2080	1227
SKDZ_04G2090	1833
SKDZ_04G2120	1176
SKDZ_04G2130	936
SKDZ_04G2140	1614
SKDZ_04G2150	3885
SKDZ_04G2160	678
SKDZ_04G2170	1524
SKDZ_04G2180	933
SKDZ_04G2190	1020
SKDZ_04G2200	1863
SKDZ_04G2210	321
SKDZ_04G2230	699
SKDZ_04G2240	498
SKDZ_04G2250	1314
SKDZ_04G2260	846
SKDZ_04G2270	1191
SKDZ_04G2280	486
SKDZ_04G2290	1698
SKDZ_04G2300	612
SKDZ_04G2310	1293
SKDZ_04G2320	2256
SKDZ_04G2330	606
SKDZ_04G2340	627
SKDZ_04G2350	1347
SKDZ_04G2360	1191
SKDZ_04G2370	2670
SKDZ_04G2380	681
SKDZ_04G2390	4506
SKDZ_04G2400	1089
SKDZ_04G2410	627
SKDZ_04G2420	1944
SKDZ_04G2430	486
SKDZ_04G2450	441
SKDZ_04G2460	3168
SKDZ_04G2470	1227
SKDZ_04G2480	1203
SKDZ_04G2490	702
SKDZ_04G2500	1200
SKDZ_04G2510	588
SKDZ_04G2520	1389
SKDZ_04G2530	471
SKDZ_04G2540	1515
SKDZ_04G2550	2685
SKDZ_04G2560	3057
SKDZ_04G2570	1515
SKDZ_04G2580	366
SKDZ_04G2590	597
SKDZ_04G2600	960
SKDZ_04G2610	2355
SKDZ_04G2620	156
SKDZ_04G2630	1113
SKDZ_04G2640	1503
SKDZ_04G2650	1779
SKDZ_04G2670	3273
SKDZ_04G2680	612
SKDZ_04G2690	606
SKDZ_04G2700	696
SKDZ_04G2710	987
SKDZ_04G2720	333
SKDZ_04G2730	1815
SKDZ_04G2740	1089
SKDZ_04G2750	1896
SKDZ_04G2760	747
SKDZ_04G2770	1005
SKDZ_04G2780	2103
SKDZ_04G2790	894
SKDZ_04G2800	1317
SKDZ_04G2810	609
SKDZ_04G2820	1689
SKDZ_04G2830	981
SKDZ_04G2840	447
SKDZ_04G2850	3090
SKDZ_04G2860	1623
SKDZ_04G2870	1686
SKDZ_04G2880	450
SKDZ_04G2890	456
SKDZ_04G2900	1116
SKDZ_04G2910	675
SKDZ_04G2920	906
SKDZ_04G2930	2781
SKDZ_04G2940	282
SKDZ_04G2950	576
SKDZ_04G2960	1587
SKDZ_04G2970	474
SKDZ_04G2980	2691
SKDZ_04G2990	927
SKDZ_04G3000	1209
SKDZ_04G3010	966
SKDZ_04G3020	672
SKDZ_04G3030	333
SKDZ_04G3040	219
SKDZ_04G3050	2997
SKDZ_04G3060	2784
SKDZ_04G3070	1482
SKDZ_04G3080	1179
SKDZ_04G3090	609
SKDZ_04G3100	1887
SKDZ_04G3110	243
SKDZ_04G3120	864
SKDZ_04G3130	1152
SKDZ_04G3140	2604
SKDZ_04G3150	933
SKDZ_04G3160	1827
SKDZ_04G3170	462
SKDZ_04G3180	4851
SKDZ_04G3190	2751
SKDZ_04G3200	3744
SKDZ_04G3210	753
SKDZ_04G3220	816
SKDZ_04G3230	432
SKDZ_04G3240	1782
SKDZ_04G3250	2754
SKDZ_04G3260	3771
SKDZ_04G3270	1425
SKDZ_04G3280	855
SKDZ_04G3290	2019
SKDZ_04G3300	2097
SKDZ_04G3310	2118
SKDZ_04G3320	1743
SKDZ_04G3330	1536
SKDZ_04G3340	1125
SKDZ_04G3350	750
SKDZ_04G3360	1689
SKDZ_04G3370	1959
SKDZ_04G3380	2280
SKDZ_04G3390	1665
SKDZ_04G3400	612
SKDZ_04G3410	3195
SKDZ_04G3420	915
SKDZ_04G3430	1011
SKDZ_04G3440	1341
SKDZ_04G3450	1011
SKDZ_04G3460	4767
SKDZ_04G3470	3456
SKDZ_04G3480	1929
SKDZ_04G3490	873
SKDZ_04G3500	1668
SKDZ_04G3510	1479
SKDZ_04G3520	411
SKDZ_04G3530	4551
SKDZ_04G3540	1974
SKDZ_04G3550	2178
SKDZ_04G3560	666
SKDZ_04G3570	5100
SKDZ_04G3580	1116
SKDZ_04G3590	1839
SKDZ_04G3600	1773
SKDZ_04G3610	1629
SKDZ_04G3620	2124
SKDZ_04G3630	1602
SKDZ_04G3640	1374
SKDZ_04G3650	9456
SKDZ_04G3660	978
SKDZ_04G3670	798
SKDZ_04G3680	1221
SKDZ_04G3690	489
SKDZ_04G3700	414
SKDZ_04G3710	1098
SKDZ_04G3720	3918
SKDZ_04G3730	2556
SKDZ_04G3740	1164
SKDZ_04G3750	702
SKDZ_04G3760	528
SKDZ_04G3770	2172
SKDZ_04G3780	1338
SKDZ_04G3790	2919
SKDZ_04G3800	624
SKDZ_04G3810	1521
SKDZ_04G3820	1539
SKDZ_04G3830	5970
SKDZ_04G3840	1131
SKDZ_04G3850	2037
SKDZ_04G3860	1044
SKDZ_04G3870	741
SKDZ_04G3880	972
SKDZ_04G3890	2097
SKDZ_04G3900	648
SKDZ_04G3910	546
SKDZ_04G3920	483
SKDZ_04G3930	1395
SKDZ_04G3940	4482
SKDZ_04G3950	1455
SKDZ_04G3960	1476
SKDZ_04G3970	687
SKDZ_04G3990	891
SKDZ_04G4000	540
SKDZ_04G4010	2649
SKDZ_04G4020	1641
SKDZ_04G4030	1995
SKDZ_04G4040	1392
SKDZ_04G4050	1113
SKDZ_04G4060	1293
SKDZ_04G4070	1995
SKDZ_04G4080	1596
SKDZ_04G4090	726
SKDZ_04G4100	1170
SKDZ_04G4110	1434
SKDZ_04G4120	1821
SKDZ_04G4130	507
SKDZ_04G4140	1056
SKDZ_04G4150	990
SKDZ_04G4160	2181
SKDZ_04G4170	2646
SKDZ_04G4180	2523
SKDZ_04G4190	2304
SKDZ_04G4200	2136
SKDZ_04G4210	1680
SKDZ_04G4220	2742
SKDZ_04G4230	1047
SKDZ_04G4240	3972
SKDZ_04G4250	3966
SKDZ_04G4260	1251
SKDZ_04G4270	1398
SKDZ_04G4280	2124
SKDZ_04G4290	1593
SKDZ_04G4300	396
SKDZ_04G4310	399
SKDZ_04G4320	669
SKDZ_04G4330	4125
SKDZ_04G4340	1854
SKDZ_04G4350	1386
SKDZ_04G4370	606
SKDZ_04G4380	1647
SKDZ_04G4390	891
SKDZ_04G4400	2082
SKDZ_04G4410	1635
SKDZ_04G4420	657
SKDZ_04G4430	879
SKDZ_04G4440	2922
SKDZ_04G4450	2376
SKDZ_04G4460	1473
SKDZ_04G4470	1650
SKDZ_04G4480	1815
SKDZ_04G4490	1836
SKDZ_04G4500	1182
SKDZ_04G4510	663
SKDZ_04G4520	1395
SKDZ_04G4530	561
SKDZ_04G4540	1122
SKDZ_04G4550	2523
SKDZ_04G4560	435
SKDZ_04G4570	564
SKDZ_04G4580	1377
SKDZ_04G4590	1266
SKDZ_04G4600	1542
SKDZ_04G4610	1488
SKDZ_04G4620	2433
SKDZ_04G4630	1140
SKDZ_04G4640	513
SKDZ_04G4650	1692
SKDZ_04G4660	876
SKDZ_04G4670	1293
SKDZ_04G4680	2295
SKDZ_04G4690	1014
SKDZ_04G4700	1926
SKDZ_04G4710	1017
SKDZ_04G4720	1140
SKDZ_04G4730	3027
SKDZ_04G4750	822
SKDZ_04G4760	1068
SKDZ_04G4770	714
SKDZ_04G4780	168
SKDZ_04G4790	1302
SKDZ_04G4800	1053
SKDZ_04G4810	918
SKDZ_04G4820	1242
SKDZ_04G4830	4983
SKDZ_04G4840	870
SKDZ_04G4850	2634
SKDZ_04G4860	345
SKDZ_04G4870	879
SKDZ_04G4880	912
SKDZ_04G4890	1254
SKDZ_04G4910	3231
SKDZ_04G4920	1866
SKDZ_04G4930	3762
SKDZ_04G4940	1770
SKDZ_04G4950	2013
SKDZ_04G4960	681
SKDZ_04G4970	1050
SKDZ_04G4980	639
SKDZ_04G4990	1623
SKDZ_04G5000	1287
SKDZ_04G5010	4068
SKDZ_04G5020	660
SKDZ_04G5030	2670
SKDZ_04G5040	678
SKDZ_04G5050	462
SKDZ_04G5060	1437
SKDZ_04G5070	2055
SKDZ_04G5080	423
SKDZ_04G5090	1149
SKDZ_04G5100	3174
SKDZ_04G5110	1938
SKDZ_04G5120	1362
SKDZ_04G5130	882
SKDZ_04G5140	2076
SKDZ_04G5150	909
SKDZ_04G5160	1416
SKDZ_04G5170	1245
SKDZ_04G5180	897
SKDZ_04G5190	825
SKDZ_04G5200	1929
SKDZ_04G5210	219
SKDZ_04G5220	1146
SKDZ_04G5230	1104
SKDZ_04G5240	291
SKDZ_04G5250	1548
SKDZ_04G5260	2259
SKDZ_04G5270	3105
SKDZ_04G5280	4314
SKDZ_04G5290	588
SKDZ_04G5300	1320
SKDZ_04G5310	1494
SKDZ_04G5320	1236
SKDZ_04G5330	2067
SKDZ_04G5340	2163
SKDZ_04G5350	4530
SKDZ_04G5360	3675
SKDZ_04G5370	966
SKDZ_04G5380	861
SKDZ_04G5390	2079
SKDZ_04G5400	570
SKDZ_04G5410	1824
SKDZ_04G5420	1713
SKDZ_04G5430	1713
SKDZ_04G5440	1704
SKDZ_04G5450	1440
SKDZ_04G5460	966
SKDZ_04G5470	1488
SKDZ_04G5480	1761
SKDZ_04G5490	2052
SKDZ_04G5500	2595
SKDZ_04G5510	957
SKDZ_04G5520	960
SKDZ_04G5530	1152
SKDZ_04G5550	2844
SKDZ_04G5560	369
SKDZ_04G5570	1668
SKDZ_04G5580	2937
SKDZ_04G5590	858
SKDZ_04G5600	2025
SKDZ_04G5610	1377
SKDZ_04G5620	273
SKDZ_04G5630	1365
SKDZ_04G5640	1890
SKDZ_04G5650	693
SKDZ_04G5660	939
SKDZ_04G5670	2532
SKDZ_04G5680	1329
SKDZ_04G5690	1536
SKDZ_04G5710	1041
SKDZ_04G5720	573
SKDZ_04G5730	909
SKDZ_04G5740	270
SKDZ_04G5750	1371
SKDZ_04G5760	1482
SKDZ_04G5770	306
SKDZ_04G5780	3012
SKDZ_04G5790	240
SKDZ_04G5800	1908
SKDZ_04G5810	681
SKDZ_04G5815	342
SKDZ_04G5820	336
SKDZ_04G5830	717
SKDZ_04G5840	828
SKDZ_04G5850	2529
SKDZ_04G5860	1887
SKDZ_04G5870	1668
SKDZ_04G5880	1383
SKDZ_04G5890	1974
SKDZ_04G5900	1908
SKDZ_04G5910	687
SKDZ_04G5920	1011
SKDZ_04G5930	1350
SKDZ_04G5940	1287
SKDZ_04G5950	2835
SKDZ_04G5960	441
SKDZ_04G5970	1929
SKDZ_04G5980	666
SKDZ_04G5990	1023
SKDZ_04G6000	1470
SKDZ_04G6010	1611
SKDZ_04G6020	516
SKDZ_04G6030	783
SKDZ_04G6040	4593
SKDZ_04G6050	3873
SKDZ_04G6060	645
SKDZ_04G6070	2688
SKDZ_04G6080	915
SKDZ_04G6090	1014
SKDZ_04G6100	708
SKDZ_04G6110	1089
SKDZ_04G6120	1125
SKDZ_04G6130	2562
SKDZ_04G6140	498
SKDZ_04G6150	1899
SKDZ_04G6160	4575
SKDZ_04G6170	2865
SKDZ_04G6180	2436
SKDZ_04G6195	279
SKDZ_04G6200	1881
SKDZ_04G6210	1182
SKDZ_04G6220	786
SKDZ_04G6230	825
SKDZ_04G6240	2970
SKDZ_04G6250	1242
SKDZ_04G6270	1617
SKDZ_04G6280	987
SKDZ_04G6290	2145
SKDZ_04G6300	423
SKDZ_04G6310	1098
SKDZ_04G6320	1044
SKDZ_04G6330	1761
SKDZ_04G6340	546
SKDZ_04G6350	4257
SKDZ_04G6360	2046
SKDZ_04G6370	906
SKDZ_04G6380	411
SKDZ_04G6390	1305
SKDZ_04G6400	1323
SKDZ_04G6410	441
SKDZ_04G6420	1047
SKDZ_04G6430	2046
SKDZ_04G6440	591
SKDZ_04G6450	564
SKDZ_04G6470	1902
SKDZ_04G6480	9810
SKDZ_04G6490	1995
SKDZ_04G6500	1143
SKDZ_04G6510	966
SKDZ_04G6520	111
SKDZ_04G6530	243
SKDZ_04G6540	447
SKDZ_04G6550	1545
SKDZ_04G6560	4347
SKDZ_04G6580	1245
SKDZ_04G6590	2712
SKDZ_04G6600	675
SKDZ_04G6610	522
SKDZ_04G6620	1506
SKDZ_04G6630	411
SKDZ_04G6640	852
SKDZ_04G6650	1422
SKDZ_04G6660	2622
SKDZ_04G6670	675
SKDZ_04G6680	1905
SKDZ_04G6690	597
SKDZ_04G6700	1659
SKDZ_04G6710	972
SKDZ_04G6720	1701
SKDZ_04G6730	405
SKDZ_04G6740	1323
SKDZ_04G6750	1923
SKDZ_04G6760	2442
SKDZ_04G6770	690
SKDZ_04G6780	627
SKDZ_04G6790	1617
SKDZ_04G6800	885
SKDZ_04G6810	2271
SKDZ_04G6820	951
SKDZ_04G6830	372
SKDZ_04G6840	1089
SKDZ_04G6850	3036
SKDZ_04G6860	1983
SKDZ_04G6870	1755
SKDZ_04G6880	1161
SKDZ_04G6890	2244
SKDZ_04G6900	1575
SKDZ_04G6910	1155
SKDZ_04G6920	825
SKDZ_04G6930	2484
SKDZ_04G6940	1830
SKDZ_04G6950	3408
SKDZ_04G6960	1995
SKDZ_04G6970	306
SKDZ_04G6980	402
SKDZ_04G6990	276
SKDZ_04G7000	438
SKDZ_04G7010	1452
SKDZ_04G7020	1341
SKDZ_04G7030	1503
SKDZ_04G7040	1119
SKDZ_04G7050	1554
SKDZ_04G7060	399
SKDZ_04G7070	2328
SKDZ_04G7080	1410
SKDZ_04G7090	1458
SKDZ_04G7100	1458
SKDZ_04G7110	201
SKDZ_04G7120	348
SKDZ_04G7130	240
SKDZ_04G7140	1296
SKDZ_04G7150	1266
SKDZ_04G7160	384
SKDZ_04G7170	1080
SKDZ_04G7180	1158
SKDZ_04G7190	714
SKDZ_04G7200	1662
SKDZ_04G7210	1707
SKDZ_04G7220	729
SKDZ_04G7230	1512
SKDZ_05G0010	1155
SKDZ_05G0020	615
SKDZ_05G0030	1509
SKDZ_05G0040	1704
SKDZ_05G0050	486
SKDZ_05G0060	1884
SKDZ_05G0070	1452
SKDZ_05G0080	1773
SKDZ_05G0090	1848
SKDZ_05G0100	3003
SKDZ_05G0110	1827
SKDZ_05G0120	225
SKDZ_05G0130	1674
SKDZ_05G0140	702
SKDZ_05G0150	1206
SKDZ_05G0160	3060
SKDZ_05G0170	498
SKDZ_05G0180	2205
SKDZ_05G0190	1530
SKDZ_05G0200	774
SKDZ_05G0210	1182
SKDZ_05G0220	363
SKDZ_05G0230	459
SKDZ_05G0240	1413
SKDZ_05G0250	1164
SKDZ_05G0260	501
SKDZ_05G0270	2907
SKDZ_05G0280	1554
SKDZ_05G0290	1473
SKDZ_05G0300	1386
SKDZ_05G0310	342
SKDZ_05G0320	684
SKDZ_05G0330	1194
SKDZ_05G0340	1476
SKDZ_05G0350	474
SKDZ_05G0360	2913
SKDZ_05G0380	3648
SKDZ_05G0390	1920
SKDZ_05G0400	939
SKDZ_05G0410	483
SKDZ_05G0420	381
SKDZ_05G0430	3609
SKDZ_05G0440	648
SKDZ_05G0450	2046
SKDZ_05G0460	4386
SKDZ_05G0470	804
SKDZ_05G0490	264
SKDZ_05G0500	1683
SKDZ_05G0510	804
SKDZ_05G0530	840
SKDZ_05G0540	132
SKDZ_05G0550	996
SKDZ_05G0560	1440
SKDZ_05G0570	1656
SKDZ_05G0580	1737
SKDZ_05G0590	648
SKDZ_05G0600	2115
SKDZ_05G0610	849
SKDZ_05G0620	249
SKDZ_05G0630	1914
SKDZ_05G0640	1014
SKDZ_05G0650	849
SKDZ_05G0660	1029
SKDZ_05G0670	336
SKDZ_05G0680	1293
SKDZ_05G0690	678
SKDZ_05G0700	2160
SKDZ_05G0710	714
SKDZ_05G0720	1143
SKDZ_05G0730	684
SKDZ_05G0740	1893
SKDZ_05G0750	1563
SKDZ_05G0760	1539
SKDZ_05G0770	546
SKDZ_05G0780	4014
SKDZ_05G0790	378
SKDZ_05G0800	705
SKDZ_05G0810	795
SKDZ_05G0820	597
SKDZ_05G0830	3450
SKDZ_05G0840	1620
SKDZ_05G0850	2235
SKDZ_05G0860	1029
SKDZ_05G0870	2295
SKDZ_05G0880	666
SKDZ_05G0890	1347
SKDZ_05G0900	267
SKDZ_05G0910	1353
SKDZ_05G0920	1572
SKDZ_05G0930	2064
SKDZ_05G0940	861
SKDZ_05G0960	2769
SKDZ_05G0970	1584
SKDZ_05G0980	828
SKDZ_05G0990	1257
SKDZ_05G1000	1185
SKDZ_05G1010	591
SKDZ_05G1020	456
SKDZ_05G1030	672
SKDZ_05G1040	2616
SKDZ_05G1050	3156
SKDZ_05G1060	549
SKDZ_05G1070	435
SKDZ_05G1080	1833
SKDZ_05G1090	966
SKDZ_05G1100	1401
SKDZ_05G1110	750
SKDZ_05G1130	2196
SKDZ_05G1140	2289
SKDZ_05G1150	555
SKDZ_05G1160	1350
SKDZ_05G1170	447
SKDZ_05G1180	1212
SKDZ_05G1190	1437
SKDZ_05G1200	432
SKDZ_05G1210	2676
SKDZ_05G1220	1176
SKDZ_05G1230	285
SKDZ_05G1240	1920
SKDZ_05G1250	417
SKDZ_05G1260	1482
SKDZ_05G1270	1584
SKDZ_05G1280	900
SKDZ_05G1290	114
SKDZ_05G1300	1647
SKDZ_05G1310	894
SKDZ_05G1320	1602
SKDZ_05G1330	366
SKDZ_05G1340	390
SKDZ_05G1350	324
SKDZ_05G1360	1263
SKDZ_05G1370	1587
SKDZ_05G1380	1671
SKDZ_05G1390	1329
SKDZ_05G1400	753
SKDZ_05G1410	654
SKDZ_05G1420	1512
SKDZ_05G1430	1674
SKDZ_05G1440	486
SKDZ_05G1450	1755
SKDZ_05G1460	2592
SKDZ_05G1470	2661
SKDZ_05G1480	384
SKDZ_05G1490	390
SKDZ_05G1500	1563
SKDZ_05G1510	408
SKDZ_05G1515	258
SKDZ_05G1520	2706
SKDZ_05G1530	1965
SKDZ_05G1540	1536
SKDZ_05G1560	645
SKDZ_05G1580	1893
SKDZ_05G1590	1410
SKDZ_05G1600	1665
SKDZ_05G1610	858
SKDZ_05G1620	198
SKDZ_05G1630	519
SKDZ_05G1640	1731
SKDZ_05G1650	1731
SKDZ_05G1660	249
SKDZ_05G1670	1842
SKDZ_05G1680	1395
SKDZ_05G1690	1524
SKDZ_05G1710	2304
SKDZ_05G1720	384
SKDZ_05G1730	4293
SKDZ_05G1740	441
SKDZ_05G1750	618
SKDZ_05G1760	1203
SKDZ_05G1770	1578
SKDZ_05G1780	2247
SKDZ_05G1790	957
SKDZ_05G1800	753
SKDZ_05G1810	1293
SKDZ_05G1820	603
SKDZ_05G1830	1929
SKDZ_05G1840	627
SKDZ_05G1850	4170
SKDZ_05G1860	1044
SKDZ_05G1870	1098
SKDZ_05G1890	2433
SKDZ_05G1900	3342
SKDZ_05G1910	3267
SKDZ_05G1920	537
SKDZ_05G1930	939
SKDZ_05G1940	5250
SKDZ_05G1950	360
SKDZ_05G1960	1329
SKDZ_05G1970	3444
SKDZ_05G1980	636
SKDZ_05G1990	1074
SKDZ_05G2000	786
SKDZ_05G2010	2430
SKDZ_05G2020	1722
SKDZ_05G2030	1578
SKDZ_05G2040	1491
SKDZ_05G2050	354
SKDZ_05G2060	735
SKDZ_05G2070	1347
SKDZ_05G2080	1107
SKDZ_05G2090	414
SKDZ_05G2100	819
SKDZ_05G2110	576
SKDZ_05G2120	3132
SKDZ_05G2130	2124
SKDZ_05G2140	534
SKDZ_05G2150	1356
SKDZ_05G2160	444
SKDZ_05G2170	681
SKDZ_05G2180	1668
SKDZ_05G2190	1461
SKDZ_05G2200	891
SKDZ_05G2210	1287
SKDZ_05G2220	2424
SKDZ_05G2230	1215
SKDZ_05G2250	282
SKDZ_05G2260	1869
SKDZ_05G2270	723
SKDZ_05G2290	1263
SKDZ_05G2300	447
SKDZ_05G2310	2733
SKDZ_05G2320	1332
SKDZ_05G2340	765
SKDZ_05G2350	1209
SKDZ_05G2360	6480
SKDZ_05G2370	1017
SKDZ_05G2380	2400
SKDZ_05G2390	1668
SKDZ_05G2400	438
SKDZ_05G2410	1002
SKDZ_05G2420	2259
SKDZ_05G2430	699
SKDZ_05G2440	4407
SKDZ_05G2450	1734
SKDZ_05G2460	4722
SKDZ_05G2480	2559
SKDZ_05G2490	1641
SKDZ_05G2500	2409
SKDZ_05G2510	708
SKDZ_05G2520	2328
SKDZ_05G2530	6480
SKDZ_05G2540	1974
SKDZ_05G2550	735
SKDZ_05G2560	900
SKDZ_05G2570	3306
SKDZ_05G2580	807
SKDZ_05G2590	1263
SKDZ_05G2600	672
SKDZ_05G2610	807
SKDZ_05G2620	258
SKDZ_05G2630	711
SKDZ_05G2640	636
SKDZ_05G2650	2364
SKDZ_05G2660	960
SKDZ_05G2670	1704
SKDZ_05G2680	1509
SKDZ_06G0010	363
SKDZ_06G0020	681
SKDZ_06G0030	897
SKDZ_06G0040	849
SKDZ_06G0050	1677
SKDZ_06G0060	1941
SKDZ_06G0070	1776
SKDZ_06G0080	1770
SKDZ_06G0090	1398
SKDZ_06G0100	1245
SKDZ_06G0110	1911
SKDZ_06G0120	1428
SKDZ_06G0130	1635
SKDZ_06G0140	3807
SKDZ_06G0150	2565
SKDZ_06G0160	1842
SKDZ_06G0170	1332
SKDZ_06G0180	2145
SKDZ_06G0190	624
SKDZ_06G0200	765
SKDZ_06G0210	909
SKDZ_06G0220	2016
SKDZ_06G0230	1872
SKDZ_06G0240	1623
SKDZ_06G0250	1128
SKDZ_06G0260	621
SKDZ_06G0270	1374
SKDZ_06G0280	4074
SKDZ_06G0290	864
SKDZ_06G0300	369
SKDZ_06G0310	3207
SKDZ_06G0320	5277
SKDZ_06G0330	717
SKDZ_06G0350	1158
SKDZ_06G0360	1107
SKDZ_06G0370	870
SKDZ_06G0380	1494
SKDZ_06G0390	1296
SKDZ_06G0400	3081
SKDZ_06G0410	2535
SKDZ_06G0420	2271
SKDZ_06G0430	1512
SKDZ_06G0440	1428
SKDZ_06G0450	363
SKDZ_06G0460	1500
SKDZ_06G0470	234
SKDZ_06G0480	480
SKDZ_06G0490	1548
SKDZ_06G0500	351
SKDZ_06G0510	330
SKDZ_06G0520	2064
SKDZ_06G0540	669
SKDZ_06G0550	1641
SKDZ_06G0560	600
SKDZ_06G0570	2346
SKDZ_06G0580	3693
SKDZ_06G0590	6432
SKDZ_06G0600	648
SKDZ_06G0610	2472
SKDZ_06G0620	2640
SKDZ_06G0630	1821
SKDZ_06G0640	1326
SKDZ_06G0650	612
SKDZ_06G0660	2520
SKDZ_06G0670	471
SKDZ_06G0680	921
SKDZ_06G0690	1347
SKDZ_06G0700	1608
SKDZ_06G0710	1062
SKDZ_06G0720	669
SKDZ_06G0730	3684
SKDZ_06G0740	2124
SKDZ_06G0750	1341
SKDZ_06G0760	2406
SKDZ_06G0770	1407
SKDZ_06G0780	513
SKDZ_06G0800	1500
SKDZ_06G0810	2259
SKDZ_06G0830	591
SKDZ_06G0840	1074
SKDZ_06G0850	6873
SKDZ_06G0860	1503
SKDZ_06G0870	2199
SKDZ_06G0880	1836
SKDZ_06G0890	1380
SKDZ_06G0900	1008
SKDZ_06G0910	645
SKDZ_06G0920	843
SKDZ_06G0930	1662
SKDZ_06G0940	2025
SKDZ_06G0950	3108
SKDZ_06G0960	3513
SKDZ_06G0970	765
SKDZ_06G0980	837
SKDZ_06G0990	180
SKDZ_06G1000	468
SKDZ_06G1010	951
SKDZ_06G1030	351
SKDZ_06G1040	1680
SKDZ_06G1060	2520
SKDZ_06G1070	1515
SKDZ_06G1080	2988
SKDZ_06G1090	888
SKDZ_06G1100	603
SKDZ_06G1110	861
SKDZ_06G1120	1446
SKDZ_06G1130	858
SKDZ_06G1140	1089
SKDZ_06G1150	888
SKDZ_06G1160	1986
SKDZ_06G1170	372
SKDZ_06G1180	801
SKDZ_06G1190	1641
SKDZ_06G1200	825
SKDZ_06G1220	1458
SKDZ_06G1230	5163
SKDZ_06G1240	1206
SKDZ_06G1250	1143
SKDZ_06G1260	363
SKDZ_06G1270	1572
SKDZ_07G0010	558
SKDZ_07G0020	573
SKDZ_07G0030	3066
SKDZ_07G0040	1416
SKDZ_07G0050	1698
SKDZ_07G0060	1320
SKDZ_07G0070	1812
SKDZ_07G0080	234
SKDZ_07G0090	621
SKDZ_07G0100	1701
SKDZ_07G0110	1149
SKDZ_07G0120	1119
SKDZ_07G0130	891
SKDZ_07G0140	1461
SKDZ_07G0150	1767
SKDZ_07G0160	3555
SKDZ_07G0170	741
SKDZ_07G0180	2139
SKDZ_07G0190	1110
SKDZ_07G0200	594
SKDZ_07G0210	1170
SKDZ_07G0220	2127
SKDZ_07G0230	1695
SKDZ_07G0240	1176
SKDZ_07G0250	546
SKDZ_07G0260	3018
SKDZ_07G0270	753
SKDZ_07G0290	2883
SKDZ_07G0300	795
SKDZ_07G0310	2013
SKDZ_07G0320	2409
SKDZ_07G0330	2733
SKDZ_07G0340	870
SKDZ_07G0350	573
SKDZ_07G0360	465
SKDZ_07G0370	2484
SKDZ_07G0380	1725
SKDZ_07G0390	2874
SKDZ_07G0400	261
SKDZ_07G0410	372
SKDZ_07G0420	375
SKDZ_07G0430	1011
SKDZ_07G0440	843
SKDZ_07G0450	1257
SKDZ_07G0460	528
SKDZ_07G0470	855
SKDZ_07G0480	258
SKDZ_07G0490	1386
SKDZ_07G0510	2424
SKDZ_07G0520	1368
SKDZ_07G0530	1194
SKDZ_07G0550	927
SKDZ_07G0560	1080
SKDZ_07G0570	669
SKDZ_07G0580	1152
SKDZ_07G0590	1242
SKDZ_07G0600	3108
SKDZ_07G0610	4962
SKDZ_07G0620	2250
SKDZ_07G0630	2220
SKDZ_07G0640	1503
SKDZ_07G0650	3060
SKDZ_07G0660	612
SKDZ_07G0680	693
SKDZ_07G0690	4446
SKDZ_07G0700	1287
SKDZ_07G0710	8019
SKDZ_07G0720	243
SKDZ_07G0730	1359
SKDZ_07G0740	1806
SKDZ_07G0750	390
SKDZ_07G0760	1581
SKDZ_07G0770	360
SKDZ_07G0780	105
SKDZ_07G0790	468
SKDZ_07G0800	1737
SKDZ_07G0810	1140
SKDZ_07G0820	1398
SKDZ_07G0830	660
SKDZ_07G0840	1191
SKDZ_07G0850	2688
SKDZ_07G0860	1692
SKDZ_07G0870	2544
SKDZ_07G0880	1671
SKDZ_07G0890	1032
SKDZ_07G0900	801
SKDZ_07G0910	4581
SKDZ_07G0920	1350
SKDZ_07G0930	1677
SKDZ_07G0940	1233
SKDZ_07G0950	1281
SKDZ_07G0960	2853
SKDZ_07G0970	666
SKDZ_07G0980	1314
SKDZ_07G0990	2697
SKDZ_07G1000	894
SKDZ_07G1010	924
SKDZ_07G1020	1716
SKDZ_07G1030	1113
SKDZ_07G1040	1509
SKDZ_07G1050	1047
SKDZ_07G1060	3252
SKDZ_07G1070	1131
SKDZ_07G1080	810
SKDZ_07G1090	1029
SKDZ_07G1100	3393
SKDZ_07G1110	4398
SKDZ_07G1120	1131
SKDZ_07G1130	576
SKDZ_07G1140	933
SKDZ_07G1150	2097
SKDZ_07G1160	2067
SKDZ_07G1170	1242
SKDZ_07G1180	1851
SKDZ_07G1190	2733
SKDZ_07G1200	3657
SKDZ_07G1210	2409
SKDZ_07G1220	1038
SKDZ_07G1230	2700
SKDZ_07G1240	960
SKDZ_07G1250	654
SKDZ_07G1260	1305
SKDZ_07G1270	3816
SKDZ_07G1280	4182
SKDZ_07G1290	1380
SKDZ_07G1300	1353
SKDZ_07G1310	852
SKDZ_07G1320	372
SKDZ_07G1330	1140
SKDZ_07G1340	1803
SKDZ_07G1350	1935
SKDZ_07G1360	768
SKDZ_07G1380	1473
SKDZ_07G1390	378
SKDZ_07G1400	2304
SKDZ_07G1410	1518
SKDZ_07G1420	798
SKDZ_07G1430	1842
SKDZ_07G1440	969
SKDZ_07G1450	2178
SKDZ_07G1460	2013
SKDZ_07G1470	1551
SKDZ_07G1480	1392
SKDZ_07G1490	1836
SKDZ_07G1500	417
SKDZ_07G1510	1947
SKDZ_07G1520	450
SKDZ_07G1530	1134
SKDZ_07G1540	1491
SKDZ_07G1560	351
SKDZ_07G1570	648
SKDZ_07G1580	1050
SKDZ_07G1590	1923
SKDZ_07G1600	738
SKDZ_07G1610	1449
SKDZ_07G1620	825
SKDZ_07G1630	1722
SKDZ_07G1640	3348
SKDZ_07G1650	2760
SKDZ_07G1660	3978
SKDZ_07G1670	987
SKDZ_07G1680	1275
SKDZ_07G1690	363
SKDZ_07G1700	414
SKDZ_07G1710	2148
SKDZ_07G1720	825
SKDZ_07G1730	1683
SKDZ_07G1740	2415
SKDZ_07G1750	1152
SKDZ_07G1760	978
SKDZ_07G1770	390
SKDZ_07G1780	648
SKDZ_07G1790	1551
SKDZ_07G1800	1689
SKDZ_07G1810	735
SKDZ_07G1820	1170
SKDZ_07G1840	2511
SKDZ_07G1850	2058
SKDZ_07G1860	369
SKDZ_07G1880	585
SKDZ_07G1890	1155
SKDZ_07G1900	2109
SKDZ_07G1910	1512
SKDZ_07G1920	1749
SKDZ_07G1930	1113
SKDZ_07G1950	3537
SKDZ_07G1960	744
SKDZ_07G1970	1917
SKDZ_07G1980	1476
SKDZ_07G1990	513
SKDZ_07G2000	804
SKDZ_07G2010	1584
SKDZ_07G2020	1530
SKDZ_07G2030	417
SKDZ_07G2040	606
SKDZ_07G2050	822
SKDZ_07G2060	2751
SKDZ_07G2070	1218
SKDZ_07G2080	609
SKDZ_07G2090	1632
SKDZ_07G2100	942
SKDZ_07G2110	930
SKDZ_07G2120	462
SKDZ_07G2140	1029
SKDZ_07G2150	1047
SKDZ_07G2160	1419
SKDZ_07G2170	651
SKDZ_07G2180	2793
SKDZ_07G2190	1509
SKDZ_07G2200	669
SKDZ_07G2210	264
SKDZ_07G2220	468
SKDZ_07G2230	318
SKDZ_07G2240	363
SKDZ_07G2250	1572
SKDZ_07G2260	2502
SKDZ_07G2270	2124
SKDZ_07G2280	1221
SKDZ_07G2300	1965
SKDZ_07G2310	2157
SKDZ_07G2320	2205
SKDZ_07G2330	708
SKDZ_07G2340	837
SKDZ_07G2350	555
SKDZ_07G2360	1512
SKDZ_07G2370	3246
SKDZ_07G2380	393
SKDZ_07G2390	2673
SKDZ_07G2410	3261
SKDZ_07G2420	1422
SKDZ_07G2430	759
SKDZ_07G2440	534
SKDZ_07G2450	2340
SKDZ_07G2460	2748
SKDZ_07G2470	339
SKDZ_07G2480	3534
SKDZ_07G2490	840
SKDZ_07G2500	1257
SKDZ_07G2510	1701
SKDZ_07G2520	651
SKDZ_07G2530	1050
SKDZ_07G2540	765
SKDZ_07G2550	1428
SKDZ_07G2560	2241
SKDZ_07G2570	1386
SKDZ_07G2580	1203
SKDZ_07G2590	762
SKDZ_07G2600	972
SKDZ_07G2610	243
SKDZ_07G2620	1995
SKDZ_07G2630	1188
SKDZ_07G2650	1182
SKDZ_07G2660	1866
SKDZ_07G2670	3510
SKDZ_07G2680	990
SKDZ_07G2690	573
SKDZ_07G2700	891
SKDZ_07G2710	1416
SKDZ_07G2720	357
SKDZ_07G2730	870
SKDZ_07G2750	1722
SKDZ_07G2760	714
SKDZ_07G2770	834
SKDZ_07G2780	327
SKDZ_07G2790	1089
SKDZ_07G2800	552
SKDZ_07G2810	477
SKDZ_07G2820	1026
SKDZ_07G2830	291
SKDZ_07G2840	5679
SKDZ_07G2850	738
SKDZ_07G2860	384
SKDZ_07G2870	351
SKDZ_07G2880	309
SKDZ_07G2890	720
SKDZ_07G2900	264
SKDZ_07G2910	669
SKDZ_07G2920	1107
SKDZ_07G2930	1617
SKDZ_07G2940	765
SKDZ_07G2950	1002
SKDZ_07G2960	891
SKDZ_07G2970	1158
SKDZ_07G2980	3078
SKDZ_07G2990	1092
SKDZ_07G3000	564
SKDZ_07G3010	1110
SKDZ_07G3020	852
SKDZ_07G3030	1929
SKDZ_07G3040	1725
SKDZ_07G3050	2775
SKDZ_07G3060	723
SKDZ_07G3070	1005
SKDZ_07G3080	1524
SKDZ_07G3090	930
SKDZ_07G3100	4077
SKDZ_07G3110	951
SKDZ_07G3120	309
SKDZ_07G3130	1779
SKDZ_07G3140	894
SKDZ_07G3150	2433
SKDZ_07G3160	1758
SKDZ_07G3180	3453
SKDZ_07G3190	2610
SKDZ_07G3200	1161
SKDZ_07G3210	441
SKDZ_07G3220	711
SKDZ_07G3230	474
SKDZ_07G3240	1773
SKDZ_07G3250	600
SKDZ_07G3260	1101
SKDZ_07G3270	999
SKDZ_07G3280	633
SKDZ_07G3290	552
SKDZ_07G3300	1959
SKDZ_07G3310	939
SKDZ_07G3320	525
SKDZ_07G3330	1011
SKDZ_07G3340	1689
SKDZ_07G3350	2808
SKDZ_07G3360	3717
SKDZ_07G3370	1488
SKDZ_07G3380	1722
SKDZ_07G3390	1527
SKDZ_07G3400	3315
SKDZ_07G3410	672
SKDZ_07G3420	945
SKDZ_07G3430	3420
SKDZ_07G3440	4893
SKDZ_07G3450	2082
SKDZ_07G3460	2859
SKDZ_07G3470	1041
SKDZ_07G3480	552
SKDZ_07G3490	1806
SKDZ_07G3500	912
SKDZ_07G3510	234
SKDZ_07G3520	798
SKDZ_07G3530	1419
SKDZ_07G3540	1152
SKDZ_07G3550	1359
SKDZ_07G3560	1203
SKDZ_07G3570	1170
SKDZ_07G3580	1032
SKDZ_07G3590	4356
SKDZ_07G3600	1428
SKDZ_07G3610	438
SKDZ_07G3620	1629
SKDZ_07G3630	789
SKDZ_07G3640	1476
SKDZ_07G3650	1194
SKDZ_07G3660	1542
SKDZ_07G3670	1719
SKDZ_07G3680	3111
SKDZ_07G3690	693
SKDZ_07G3700	930
SKDZ_07G3710	2142
SKDZ_07G3720	642
SKDZ_07G3730	2424
SKDZ_07G3740	525
SKDZ_07G3750	864
SKDZ_07G3760	498
SKDZ_07G3770	3381
SKDZ_07G3780	777
SKDZ_07G3790	723
SKDZ_07G3810	1836
SKDZ_07G3820	2829
SKDZ_07G3830	1416
SKDZ_07G3840	1230
SKDZ_07G3850	2319
SKDZ_07G3860	1131
SKDZ_07G3870	981
SKDZ_07G3880	2127
SKDZ_07G3890	636
SKDZ_07G3910	867
SKDZ_07G3920	468
SKDZ_07G3930	1299
SKDZ_07G3940	2619
SKDZ_07G3950	819
SKDZ_07G3960	651
SKDZ_07G3970	1071
SKDZ_07G3980	1524
SKDZ_07G3990	1278
SKDZ_07G4000	2616
SKDZ_07G4010	771
SKDZ_07G4020	1185
SKDZ_07G4040	795
SKDZ_07G4050	282
SKDZ_07G4060	2856
SKDZ_07G4070	1026
SKDZ_07G4080	1038
SKDZ_07G4090	1680
SKDZ_07G4100	711
SKDZ_07G4110	1128
SKDZ_07G4120	1203
SKDZ_07G4130	279
SKDZ_07G4140	3435
SKDZ_07G4150	1725
SKDZ_07G4160	747
SKDZ_07G4170	1107
SKDZ_07G4180	444
SKDZ_07G4190	1491
SKDZ_07G4210	1608
SKDZ_07G4220	2169
SKDZ_07G4230	1209
SKDZ_07G4240	1038
SKDZ_07G4250	546
SKDZ_07G4260	318
SKDZ_07G4270	204
SKDZ_07G4280	5853
SKDZ_07G4290	1185
SKDZ_07G4300	2220
SKDZ_07G4310	1182
SKDZ_07G4320	3069
SKDZ_07G4330	1587
SKDZ_07G4340	1812
SKDZ_07G4350	999
SKDZ_07G4360	1236
SKDZ_07G4370	1755
SKDZ_07G4380	741
SKDZ_07G4390	2508
SKDZ_07G4400	1605
SKDZ_07G4410	2460
SKDZ_07G4420	2280
SKDZ_07G4430	2367
SKDZ_07G4440	678
SKDZ_07G4450	1272
SKDZ_07G4460	447
SKDZ_07G4470	2841
SKDZ_07G4480	873
SKDZ_07G4490	306
SKDZ_07G4500	786
SKDZ_07G4510	930
SKDZ_07G4520	315
SKDZ_07G4530	1236
SKDZ_07G4540	1461
SKDZ_07G4550	1431
SKDZ_07G4560	951
SKDZ_07G4570	759
SKDZ_07G4580	327
SKDZ_07G4590	1848
SKDZ_07G4600	6090
SKDZ_07G4610	3255
SKDZ_07G4620	810
SKDZ_07G4630	1902
SKDZ_07G4640	894
SKDZ_07G4650	1353
SKDZ_07G4660	1929
SKDZ_07G4670	1782
SKDZ_07G4690	1578
SKDZ_07G4700	1503
SKDZ_07G4710	456
SKDZ_07G4720	933
SKDZ_07G4730	687
SKDZ_07G4740	3471
SKDZ_07G4750	702
SKDZ_07G4760	288
SKDZ_07G4770	2367
SKDZ_07G4780	2652
SKDZ_07G4790	861
SKDZ_07G4800	2964
SKDZ_07G4820	1692
SKDZ_07G4840	441
SKDZ_07G4850	1284
SKDZ_07G4860	2310
SKDZ_07G4870	1794
SKDZ_07G4880	723
SKDZ_07G4890	768
SKDZ_07G4900	1359
SKDZ_07G4910	2340
SKDZ_07G4920	585
SKDZ_07G4930	1320
SKDZ_07G4940	783
SKDZ_07G4950	1314
SKDZ_07G4960	1440
SKDZ_07G4970	1479
SKDZ_07G4980	1107
SKDZ_07G4990	3348
SKDZ_07G5000	1605
SKDZ_07G5010	2412
SKDZ_07G5020	786
SKDZ_07G5030	1278
SKDZ_07G5040	2256
SKDZ_07G5050	2106
SKDZ_07G5060	732
SKDZ_07G5070	582
SKDZ_07G5080	4161
SKDZ_07G5100	6024
SKDZ_07G5110	690
SKDZ_07G5120	525
SKDZ_07G5130	3201
SKDZ_07G5140	468
SKDZ_07G5150	1659
SKDZ_07G5160	912
SKDZ_07G5170	1734
SKDZ_07G5180	1164
SKDZ_07G5190	792
SKDZ_07G5200	4434
SKDZ_07G5210	942
SKDZ_07G5220	1026
SKDZ_07G5230	933
SKDZ_07G5240	1302
SKDZ_07G5250	1128
SKDZ_07G5260	1701
SKDZ_07G5270	1746
SKDZ_07G5280	1206
SKDZ_07G5290	1851
SKDZ_07G5300	1770
SKDZ_07G5310	1227
SKDZ_07G5320	1851
SKDZ_07G5330	1755
SKDZ_07G5340	1410
SKDZ_07G5350	597
SKDZ_07G5360	594
SKDZ_07G5380	696
SKDZ_07G5400	363
SKDZ_07G5410	1572
SKDZ_08G0010	363
SKDZ_08G0020	1155
SKDZ_08G0030	1896
SKDZ_08G0040	1755
SKDZ_08G0050	1896
SKDZ_08G0060	1641
SKDZ_08G0070	4764
SKDZ_08G0080	873
SKDZ_08G0090	771
SKDZ_08G0100	2133
SKDZ_08G0110	672
SKDZ_08G0120	5607
SKDZ_08G0130	2034
SKDZ_08G0140	1791
SKDZ_08G0150	1881
SKDZ_08G0160	939
SKDZ_08G0170	1014
SKDZ_08G0180	2091
SKDZ_08G0190	3411
SKDZ_08G0200	1191
SKDZ_08G0210	1392
SKDZ_08G0220	1188
SKDZ_08G0230	1791
SKDZ_08G0240	363
SKDZ_08G0250	1599
SKDZ_08G0260	2208
SKDZ_08G0270	363
SKDZ_08G0280	1215
SKDZ_08G0290	933
SKDZ_08G0300	1482
SKDZ_08G0310	963
SKDZ_08G0320	1758
SKDZ_08G0330	999
SKDZ_08G0340	1860
SKDZ_08G0350	2772
SKDZ_08G0360	459
SKDZ_08G0370	1188
SKDZ_08G0380	1236
SKDZ_08G0390	1362
SKDZ_08G0400	417
SKDZ_08G0410	1314
SKDZ_08G0420	234
SKDZ_08G0430	1074
SKDZ_08G0440	1290
SKDZ_08G0450	1344
SKDZ_08G0460	1419
SKDZ_08G0470	282
SKDZ_08G0480	1608
SKDZ_08G0490	1593
SKDZ_08G0500	702
SKDZ_08G0510	1572
SKDZ_08G0520	411
SKDZ_08G0530	1341
SKDZ_08G0540	570
SKDZ_08G0550	717
SKDZ_08G0560	876
SKDZ_08G0570	1959
SKDZ_08G0580	1428
SKDZ_08G0590	1155
SKDZ_08G0600	1392
SKDZ_08G0610	1665
SKDZ_08G0620	2070
SKDZ_08G0630	249
SKDZ_08G0640	1077
SKDZ_08G0660	5784
SKDZ_08G0670	1449
SKDZ_08G0680	1074
SKDZ_08G0690	642
SKDZ_08G0700	2994
SKDZ_08G0710	2457
SKDZ_08G0720	885
SKDZ_08G0730	1440
SKDZ_08G0740	2166
SKDZ_08G0750	1854
SKDZ_08G0770	1401
SKDZ_08G0780	1014
SKDZ_08G0790	1767
SKDZ_08G0800	1398
SKDZ_08G0810	1728
SKDZ_08G0820	693
SKDZ_08G0830	1935
SKDZ_08G0840	345
SKDZ_08G0850	1104
SKDZ_08G0860	468
SKDZ_08G0870	2076
SKDZ_08G0890	741
SKDZ_08G0900	1686
SKDZ_08G0910	888
SKDZ_08G0920	1569
SKDZ_08G0930	732
SKDZ_08G0940	1653
SKDZ_08G0960	447
SKDZ_08G0970	1128
SKDZ_08G0980	2646
SKDZ_08G1000	618
SKDZ_08G1010	888
SKDZ_08G1020	393
SKDZ_08G1030	549
SKDZ_08G1040	954
SKDZ_08G1050	882
SKDZ_08G1060	1140
SKDZ_08G1070	1617
SKDZ_08G1080	1512
SKDZ_08G1090	1362
SKDZ_08G1100	843
SKDZ_08G1110	1164
SKDZ_08G1120	1080
SKDZ_08G1140	1539
SKDZ_08G1150	663
SKDZ_08G1160	2196
SKDZ_08G1170	177
SKDZ_08G1180	2985
SKDZ_08G1210	2145
SKDZ_08G1220	1203
SKDZ_08G1230	1032
SKDZ_08G1240	3282
SKDZ_08G1250	1659
SKDZ_08G1260	3354
SKDZ_08G1270	360
SKDZ_08G1280	4086
SKDZ_08G1290	552
SKDZ_08G1300	3105
SKDZ_08G1310	990
SKDZ_08G1320	2067
SKDZ_08G1330	1005
SKDZ_08G1340	1542
SKDZ_08G1350	336
SKDZ_08G1360	888
SKDZ_08G1370	636
SKDZ_08G1380	849
SKDZ_08G1390	1929
SKDZ_08G1400	1731
SKDZ_08G1410	1713
SKDZ_08G1420	1779
SKDZ_08G1430	696
SKDZ_08G1440	2796
SKDZ_08G1450	11232
SKDZ_08G1460	558
SKDZ_08G1470	1011
SKDZ_08G1480	3234
SKDZ_08G1490	2565
SKDZ_08G1500	984
SKDZ_08G1510	645
SKDZ_08G1520	1026
SKDZ_08G1530	1224
SKDZ_08G1540	1755
SKDZ_08G1550	1758
SKDZ_08G1560	639
SKDZ_08G1570	1323
SKDZ_08G1580	1137
SKDZ_08G1590	1473
SKDZ_08G1600	1902
SKDZ_08G1610	1242
SKDZ_08G1620	393
SKDZ_08G1630	1917
SKDZ_08G1640	1311
SKDZ_08G1650	3264
SKDZ_08G1660	2880
SKDZ_08G1670	564
SKDZ_08G1680	693
SKDZ_08G1690	1176
SKDZ_08G1700	1887
SKDZ_08G1710	492
SKDZ_08G1720	768
SKDZ_08G1730	651
SKDZ_08G1740	1155
SKDZ_08G1750	2520
SKDZ_08G1770	1284
SKDZ_08G1780	396
SKDZ_08G1790	873
SKDZ_08G1800	762
SKDZ_08G1810	1620
SKDZ_08G1820	336
SKDZ_08G1830	1554
SKDZ_08G1840	345
SKDZ_08G1850	984
SKDZ_08G1860	252
SKDZ_08G1870	726
SKDZ_08G1880	321
SKDZ_08G1890	951
SKDZ_08G1900	948
SKDZ_08G1910	213
SKDZ_08G1920	948
SKDZ_08G1930	1617
SKDZ_08G1940	645
SKDZ_08G1950	552
SKDZ_08G1960	2187
SKDZ_08G1970	1740
SKDZ_08G1980	1581
SKDZ_08G1990	516
SKDZ_08G2000	600
SKDZ_08G2010	3231
SKDZ_08G2020	3690
SKDZ_08G2030	1038
SKDZ_08G2040	549
SKDZ_08G2050	3510
SKDZ_08G2060	1530
SKDZ_08G2070	849
SKDZ_08G2080	1866
SKDZ_08G2090	390
SKDZ_08G2100	753
SKDZ_08G2110	4563
SKDZ_08G2120	7248
SKDZ_08G2130	1881
SKDZ_08G2140	786
SKDZ_08G2150	1581
SKDZ_08G2160	1314
SKDZ_08G2170	1557
SKDZ_08G2180	1893
SKDZ_08G2190	2472
SKDZ_08G2200	1314
SKDZ_08G2210	519
SKDZ_08G2220	1299
SKDZ_08G2230	1380
SKDZ_08G2240	2220
SKDZ_08G2250	1203
SKDZ_08G2260	684
SKDZ_08G2270	2361
SKDZ_08G2280	1470
SKDZ_08G2290	1713
SKDZ_08G2300	720
SKDZ_08G2310	4674
SKDZ_08G2320	930
SKDZ_08G2330	1833
SKDZ_08G2340	573
SKDZ_08G2350	1335
SKDZ_08G2360	402
SKDZ_08G2370	837
SKDZ_08G2380	525
SKDZ_08G2400	1749
SKDZ_08G2410	963
SKDZ_08G2420	1728
SKDZ_08G2430	2292
SKDZ_08G2440	942
SKDZ_08G2450	933
SKDZ_08G2460	792
SKDZ_08G2470	1182
SKDZ_08G2480	1806
SKDZ_08G2490	591
SKDZ_08G2500	2394
SKDZ_08G2510	2484
SKDZ_08G2520	1872
SKDZ_08G2530	1575
SKDZ_08G2540	1182
SKDZ_08G2550	879
SKDZ_08G2560	1026
SKDZ_08G2570	1905
SKDZ_08G2580	1404
SKDZ_08G2590	363
SKDZ_09G0010	1572
SKDZ_09G0020	363
SKDZ_09G0030	5001
SKDZ_09G0040	1770
SKDZ_09G0050	1704
SKDZ_09G0060	2445
SKDZ_09G0070	1014
SKDZ_09G0080	1629
SKDZ_09G0090	969
SKDZ_09G0100	1599
SKDZ_09G0110	708
SKDZ_09G0120	1254
SKDZ_09G0130	4140
SKDZ_09G0140	450
SKDZ_09G0150	591
SKDZ_09G0160	3195
SKDZ_09G0170	1950
SKDZ_09G0180	1059
SKDZ_09G0190	1182
SKDZ_09G0200	681
SKDZ_09G0210	3345
SKDZ_09G0220	1716
SKDZ_09G0230	5040
SKDZ_09G0240	3666
SKDZ_09G0250	1614
SKDZ_09G0260	930
SKDZ_09G0270	2073
SKDZ_09G0280	2532
SKDZ_09G0300	1584
SKDZ_09G0310	2475
SKDZ_09G0320	741
SKDZ_09G0330	486
SKDZ_09G0340	2841
SKDZ_09G0350	1182
SKDZ_09G0360	1350
SKDZ_09G0370	942
SKDZ_09G0380	600
SKDZ_09G0390	633
SKDZ_09G0400	1461
SKDZ_09G0410	2874
SKDZ_09G0420	7122
SKDZ_09G0430	3096
SKDZ_09G0440	624
SKDZ_09G0450	4080
SKDZ_09G0460	3045
SKDZ_09G0470	894
SKDZ_09G0480	1371
SKDZ_09G0490	1056
SKDZ_09G0500	1704
SKDZ_09G0510	1182
SKDZ_09G0520	696
SKDZ_09G0530	954
SKDZ_09G0540	1158
SKDZ_09G0550	4383
SKDZ_09G0570	846
SKDZ_09G0580	612
SKDZ_09G0590	3234
SKDZ_09G0600	345
SKDZ_09G0610	1134
SKDZ_09G0620	2781
SKDZ_09G0630	2094
SKDZ_09G0640	2484
SKDZ_09G0650	942
SKDZ_09G0660	2031
SKDZ_09G0680	1521
SKDZ_09G0690	1287
SKDZ_09G0700	1908
SKDZ_09G0720	1635
SKDZ_09G0730	468
SKDZ_09G0740	1542
SKDZ_09G0750	1011
SKDZ_09G0760	2430
SKDZ_09G0770	1116
SKDZ_09G0780	795
SKDZ_09G0790	1947
SKDZ_09G0800	2169
SKDZ_09G0810	1476
SKDZ_09G0815	618
SKDZ_09G0820	1473
SKDZ_09G0830	474
SKDZ_09G0840	1551
SKDZ_09G0850	984
SKDZ_09G0860	1104
SKDZ_09G0870	1107
SKDZ_09G0880	2205
SKDZ_09G0890	960
SKDZ_09G0900	891
SKDZ_09G0910	2832
SKDZ_09G0920	1410
SKDZ_09G0930	2928
SKDZ_09G0940	1818
SKDZ_09G0950	1353
SKDZ_09G0960	801
SKDZ_09G0970	408
SKDZ_09G0980	2415
SKDZ_09G0990	2037
SKDZ_09G1000	2613
SKDZ_09G1010	468
SKDZ_09G1020	690
SKDZ_09G1030	984
SKDZ_09G1040	465
SKDZ_09G1050	903
SKDZ_09G1060	495
SKDZ_09G1070	1908
SKDZ_09G1080	1881
SKDZ_09G1090	294
SKDZ_09G1100	753
SKDZ_09G1110	366
SKDZ_09G1120	438
SKDZ_09G1130	858
SKDZ_09G1140	762
SKDZ_09G1150	3447
SKDZ_09G1160	2709
SKDZ_09G1170	1914
SKDZ_09G1180	1611
SKDZ_09G1190	915
SKDZ_09G1200	855
SKDZ_09G1210	1191
SKDZ_09G1220	984
SKDZ_09G1230	417
SKDZ_09G1240	1422
SKDZ_09G1250	2526
SKDZ_09G1260	1950
SKDZ_09G1270	1815
SKDZ_09G1280	1119
SKDZ_09G1290	864
SKDZ_09G1300	1251
SKDZ_09G1310	3117
SKDZ_09G1320	3963
SKDZ_09G1340	993
SKDZ_09G1350	426
SKDZ_09G1360	3459
SKDZ_09G1370	570
SKDZ_09G1380	1050
SKDZ_09G1390	1296
SKDZ_09G1400	957
SKDZ_09G1410	786
SKDZ_09G1420	1041
SKDZ_09G1430	765
SKDZ_09G1440	2772
SKDZ_09G1450	477
SKDZ_09G1460	1734
SKDZ_09G1470	321
SKDZ_09G1480	1890
SKDZ_09G1490	4224
SKDZ_09G1500	321
SKDZ_09G1510	786
SKDZ_09G1520	654
SKDZ_09G1525	540
SKDZ_09G1530	2085
SKDZ_09G1540	300
SKDZ_09G1550	672
SKDZ_09G1560	1122
SKDZ_09G1570	2106
SKDZ_09G1580	429
SKDZ_09G1590	822
SKDZ_09G1600	210
SKDZ_09G1610	2841
SKDZ_09G1620	1542
SKDZ_09G1630	753
SKDZ_09G1640	2985
SKDZ_09G1650	2055
SKDZ_09G1660	1266
SKDZ_09G1670	450
SKDZ_09G1680	4320
SKDZ_09G1690	2298
SKDZ_09G1700	1230
SKDZ_09G1710	336
SKDZ_09G1720	1701
SKDZ_09G1730	984
SKDZ_09G1740	1299
SKDZ_09G1750	366
SKDZ_09G1760	747
SKDZ_09G1770	414
SKDZ_09G1780	507
SKDZ_09G1800	750
SKDZ_09G1810	5397
SKDZ_09G1820	1092
SKDZ_09G1830	504
SKDZ_09G1840	2979
SKDZ_09G1860	648
SKDZ_09G1870	1098
SKDZ_09G1880	1092
SKDZ_09G1890	1383
SKDZ_09G1900	1911
SKDZ_09G1910	1032
SKDZ_09G1920	747
SKDZ_09G1930	1665
SKDZ_09G1940	588
SKDZ_09G1950	3354
SKDZ_09G1960	1239
SKDZ_09G1970	765
SKDZ_09G1980	792
SKDZ_09G1990	492
SKDZ_09G2000	705
SKDZ_09G2010	2109
SKDZ_09G2020	921
SKDZ_09G2030	1701
SKDZ_09G2040	1509
SKDZ_09G2050	831
SKDZ_09G2060	1155
SKDZ_09G2070	1044
SKDZ_10G0010	1572
SKDZ_10G0020	363
SKDZ_10G0030	681
SKDZ_10G0040	897
SKDZ_10G0050	1023
SKDZ_10G0060	771
SKDZ_10G0070	1359
SKDZ_10G0080	2400
SKDZ_10G0100	816
SKDZ_10G0110	1956
SKDZ_10G0120	990
SKDZ_10G0130	6096
SKDZ_10G0140	2274
SKDZ_10G0150	165
SKDZ_10G0160	2529
SKDZ_10G0170	837
SKDZ_10G0180	1800
SKDZ_10G0190	2370
SKDZ_10G0200	291
SKDZ_10G0210	2649
SKDZ_10G0220	3768
SKDZ_10G0230	933
SKDZ_10G0250	1545
SKDZ_10G0260	1209
SKDZ_10G0270	702
SKDZ_10G0280	417
SKDZ_10G0290	393
SKDZ_10G0300	156
SKDZ_10G0310	2418
SKDZ_10G0320	1761
SKDZ_10G0330	867
SKDZ_10G0340	372
SKDZ_10G0360	1269
SKDZ_10G0370	1794
SKDZ_10G0380	978
SKDZ_10G0390	330
SKDZ_10G0400	822
SKDZ_10G0410	555
SKDZ_10G0420	2487
SKDZ_10G0430	831
SKDZ_10G0440	369
SKDZ_10G0450	1731
SKDZ_10G0460	1191
SKDZ_10G0470	630
SKDZ_10G0480	2205
SKDZ_10G0490	1059
SKDZ_10G0500	285
SKDZ_10G0510	2556
SKDZ_10G0520	1194
SKDZ_10G0530	1659
SKDZ_10G0540	1680
SKDZ_10G0550	543
SKDZ_10G0560	900
SKDZ_10G0570	1197
SKDZ_10G0580	687
SKDZ_10G0590	2499
SKDZ_10G0600	2094
SKDZ_10G0610	1359
SKDZ_10G0620	2835
SKDZ_10G0630	1602
SKDZ_10G0640	399
SKDZ_10G0660	1986
SKDZ_10G0670	687
SKDZ_10G0680	1149
SKDZ_10G0690	1410
SKDZ_10G0700	885
SKDZ_10G0710	354
SKDZ_10G0720	477
SKDZ_10G0740	2388
SKDZ_10G0750	666
SKDZ_10G0760	1275
SKDZ_10G0770	1188
SKDZ_10G0780	1146
SKDZ_10G0800	264
SKDZ_10G0810	1230
SKDZ_10G0820	225
SKDZ_10G0830	945
SKDZ_10G0840	2253
SKDZ_10G0850	1071
SKDZ_10G0860	6645
SKDZ_10G0870	3666
SKDZ_10G0880	2025
SKDZ_10G0900	159
SKDZ_10G0910	1923
SKDZ_10G0920	924
SKDZ_10G0930	1164
SKDZ_10G0940	519
SKDZ_10G0950	1407
SKDZ_10G0960	528
SKDZ_10G0970	717
SKDZ_10G0990	660
SKDZ_10G1000	936
SKDZ_10G1010	1008
SKDZ_10G1020	849
SKDZ_10G1030	2127
SKDZ_10G1040	1656
SKDZ_10G1050	1650
SKDZ_10G1060	5313
SKDZ_10G1070	2340
SKDZ_10G1080	1941
SKDZ_10G1090	1704
SKDZ_10G1100	453
SKDZ_10G1110	1884
SKDZ_10G1120	2460
SKDZ_10G1130	2037
SKDZ_10G1140	1824
SKDZ_10G1150	2244
SKDZ_10G1160	3177
SKDZ_10G1170	654
SKDZ_10G1180	486
SKDZ_10G1190	4446
SKDZ_10G1200	2622
SKDZ_10G1210	2103
SKDZ_10G1220	3522
SKDZ_10G1230	1473
SKDZ_10G1240	2298
SKDZ_10G1250	2502
SKDZ_10G1260	1017
SKDZ_10G1270	2487
SKDZ_10G1280	1872
SKDZ_10G1290	3111
SKDZ_10G1300	1833
SKDZ_10G1310	2196
SKDZ_10G1320	1467
SKDZ_10G1330	3660
SKDZ_10G1340	882
SKDZ_10G1350	2718
SKDZ_10G1360	3633
SKDZ_10G1370	3693
SKDZ_10G1380	1935
SKDZ_10G1390	648
SKDZ_10G1400	1716
SKDZ_10G1410	2649
SKDZ_10G1420	1812
SKDZ_10G1430	900
SKDZ_10G1440	759
SKDZ_10G1460	489
SKDZ_10G1480	717
SKDZ_10G1490	258
SKDZ_10G1500	2496
SKDZ_10G1510	2151
SKDZ_10G1515	645
SKDZ_10G1520	1335
SKDZ_10G1530	1227
SKDZ_10G1540	1587
SKDZ_10G1550	2010
SKDZ_10G1560	2640
SKDZ_10G1570	741
SKDZ_10G1580	1443
SKDZ_10G1590	1140
SKDZ_10G1610	999
SKDZ_10G1620	2442
SKDZ_10G1630	3198
SKDZ_10G1640	1359
SKDZ_10G1650	1194
SKDZ_10G1660	159
SKDZ_10G1670	2529
SKDZ_10G1680	1092
SKDZ_10G1690	675
SKDZ_10G1700	660
SKDZ_10G1710	5052
SKDZ_10G1720	2220
SKDZ_10G1730	4191
SKDZ_10G1740	768
SKDZ_10G1750	1368
SKDZ_10G1760	1905
SKDZ_10G1770	1272
SKDZ_10G1780	753
SKDZ_10G1790	2049
SKDZ_10G1800	2313
SKDZ_10G1810	984
SKDZ_10G1820	591
SKDZ_10G1830	2472
SKDZ_10G1840	1200
SKDZ_10G1860	1545
SKDZ_10G1870	585
SKDZ_10G1880	1044
SKDZ_10G1900	3294
SKDZ_10G1910	2043
SKDZ_10G1920	1683
SKDZ_10G1930	1608
SKDZ_10G1940	1515
SKDZ_10G1950	2166
SKDZ_10G1960	486
SKDZ_10G1970	2001
SKDZ_10G1990	1707
SKDZ_10G2000	972
SKDZ_10G2010	6078
SKDZ_10G2020	612
SKDZ_10G2030	357
SKDZ_10G2040	1431
SKDZ_10G2050	648
SKDZ_10G2060	1809
SKDZ_10G2070	1788
SKDZ_10G2080	1566
SKDZ_10G2090	2019
SKDZ_10G2100	2103
SKDZ_10G2110	279
SKDZ_10G2120	1470
SKDZ_10G2130	915
SKDZ_10G2140	1017
SKDZ_10G2150	999
SKDZ_10G2160	1536
SKDZ_10G2170	285
SKDZ_10G2180	783
SKDZ_10G2190	363
SKDZ_10G2200	1212
SKDZ_10G2210	612
SKDZ_10G2220	1479
SKDZ_10G2230	1758
SKDZ_10G2240	513
SKDZ_10G2260	1050
SKDZ_10G2275	951
SKDZ_10G2280	330
SKDZ_10G2290	738
SKDZ_10G2300	534
SKDZ_10G2310	2514
SKDZ_10G2320	4254
SKDZ_10G2330	1182
SKDZ_10G2340	4071
SKDZ_10G2350	327
SKDZ_10G2360	3312
SKDZ_10G2370	2676
SKDZ_10G2390	3339
SKDZ_10G2400	2331
SKDZ_10G2410	3522
SKDZ_10G2420	2238
SKDZ_10G2430	1053
SKDZ_10G2440	423
SKDZ_10G2450	1974
SKDZ_10G2460	1833
SKDZ_10G2470	474
SKDZ_10G2480	330
SKDZ_10G2490	1596
SKDZ_10G2500	708
SKDZ_10G2510	1506
SKDZ_10G2520	1704
SKDZ_10G2530	1710
SKDZ_10G2540	1497
SKDZ_10G2550	498
SKDZ_10G2560	705
SKDZ_10G2570	657
SKDZ_10G2580	444
SKDZ_10G2590	2442
SKDZ_10G2600	1062
SKDZ_10G2610	2808
SKDZ_10G2620	1344
SKDZ_10G2630	378
SKDZ_10G2640	1689
SKDZ_10G2650	1350
SKDZ_10G2660	7401
SKDZ_10G2670	423
SKDZ_10G2680	1062
SKDZ_10G2690	594
SKDZ_10G2700	978
SKDZ_10G2710	1170
SKDZ_10G2720	621
SKDZ_10G2730	576
SKDZ_10G2740	1197
SKDZ_10G2750	1251
SKDZ_10G2760	936
SKDZ_10G2770	1359
SKDZ_10G2780	1185
SKDZ_10G2790	342
SKDZ_10G2800	933
SKDZ_10G2810	1275
SKDZ_10G2820	318
SKDZ_10G2830	327
SKDZ_10G2840	879
SKDZ_10G2850	2880
SKDZ_10G2860	3450
SKDZ_10G2870	3267
SKDZ_10G2880	4263
SKDZ_10G2890	981
SKDZ_10G2900	1101
SKDZ_10G2910	279
SKDZ_10G2920	969
SKDZ_10G2930	849
SKDZ_10G2940	507
SKDZ_10G2950	1968
SKDZ_10G2960	717
SKDZ_10G2970	984
SKDZ_10G2980	801
SKDZ_10G2990	609
SKDZ_10G3000	1743
SKDZ_10G3010	465
SKDZ_10G3020	1023
SKDZ_10G3030	2184
SKDZ_10G3040	1032
SKDZ_10G3050	3357
SKDZ_10G3060	2070
SKDZ_10G3070	852
SKDZ_10G3080	603
SKDZ_10G3090	378
SKDZ_10G3100	747
SKDZ_10G3110	297
SKDZ_10G3120	837
SKDZ_10G3130	1362
SKDZ_10G3140	588
SKDZ_10G3150	2175
SKDZ_10G3160	222
SKDZ_10G3170	1536
SKDZ_10G3180	1488
SKDZ_10G3190	678
SKDZ_10G3200	1344
SKDZ_10G3210	1233
SKDZ_10G3220	2364
SKDZ_10G3230	3780
SKDZ_10G3240	1011
SKDZ_10G3250	1923
SKDZ_10G3260	1656
SKDZ_10G3270	3147
SKDZ_10G3280	630
SKDZ_10G3290	2118
SKDZ_10G3300	720
SKDZ_10G3310	264
SKDZ_10G3320	1332
SKDZ_10G3330	4329
SKDZ_10G3340	4746
SKDZ_10G3350	1080
SKDZ_10G3360	4947
SKDZ_10G3380	1047
SKDZ_10G3390	1029
SKDZ_10G3400	2289
SKDZ_10G3410	807
SKDZ_10G3420	786
SKDZ_10G3430	1059
SKDZ_10G3440	1131
SKDZ_10G3450	1143
SKDZ_10G3460	891
SKDZ_10G3470	3009
SKDZ_10G3480	1632
SKDZ_10G3490	1086
SKDZ_10G3500	1038
SKDZ_10G3510	1131
SKDZ_10G3520	1023
SKDZ_10G3530	897
SKDZ_10G3540	681
SKDZ_10G3550	363
SKDZ_11G0010	363
SKDZ_11G0020	1143
SKDZ_11G0030	981
SKDZ_11G0040	1845
SKDZ_11G0050	945
SKDZ_11G0060	3861
SKDZ_11G0070	609
SKDZ_11G0080	2154
SKDZ_11G0090	1872
SKDZ_11G0100	1455
SKDZ_11G0110	3078
SKDZ_11G0120	3888
SKDZ_11G0130	813
SKDZ_11G0140	762
SKDZ_11G0150	804
SKDZ_11G0160	3300
SKDZ_11G0170	1902
SKDZ_11G0180	7419
SKDZ_11G0190	3444
SKDZ_11G0200	1974
SKDZ_11G0210	3129
SKDZ_11G0220	603
SKDZ_11G0230	1185
SKDZ_11G0240	1389
SKDZ_11G0250	1017
SKDZ_11G0260	375
SKDZ_11G0270	1599
SKDZ_11G0280	528
SKDZ_11G0290	1188
SKDZ_11G0300	2568
SKDZ_11G0310	2241
SKDZ_11G0320	558
SKDZ_11G0330	1809
SKDZ_11G0340	1401
SKDZ_11G0350	912
SKDZ_11G0360	6156
SKDZ_11G0370	1284
SKDZ_11G0380	555
SKDZ_11G0390	2037
SKDZ_11G0400	1413
SKDZ_11G0420	2466
SKDZ_11G0430	1482
SKDZ_11G0440	1851
SKDZ_11G0450	3009
SKDZ_11G0460	1278
SKDZ_11G0470	2796
SKDZ_11G0480	417
SKDZ_11G0490	2160
SKDZ_11G0500	417
SKDZ_11G0510	1188
SKDZ_11G0520	2760
SKDZ_11G0530	1005
SKDZ_11G0540	1236
SKDZ_11G0550	720
SKDZ_11G0560	1209
SKDZ_11G0570	1527
SKDZ_11G0580	435
SKDZ_11G0590	663
SKDZ_11G0600	2859
SKDZ_11G0610	249
SKDZ_11G0620	1893
SKDZ_11G0630	735
SKDZ_11G0640	744
SKDZ_11G0650	1017
SKDZ_11G0660	909
SKDZ_11G0670	1218
SKDZ_11G0680	1923
SKDZ_11G0690	2079
SKDZ_11G0700	1407
SKDZ_11G0720	639
SKDZ_11G0730	1386
SKDZ_11G0740	660
SKDZ_11G0750	597
SKDZ_11G0760	1647
SKDZ_11G0770	1545
SKDZ_11G0780	210
SKDZ_11G0790	396
SKDZ_11G0800	336
SKDZ_11G0810	2181
SKDZ_11G0820	2319
SKDZ_11G0830	1392
SKDZ_11G0840	1308
SKDZ_11G0850	738
SKDZ_11G0860	3831
SKDZ_11G0870	888
SKDZ_11G0880	1713
SKDZ_11G0890	2043
SKDZ_11G0900	1887
SKDZ_11G0910	1737
SKDZ_11G0920	510
SKDZ_11G0930	2559
SKDZ_11G0940	975
SKDZ_11G0950	648
SKDZ_11G0960	720
SKDZ_11G0970	1560
SKDZ_11G0980	1098
SKDZ_11G0990	1143
SKDZ_11G1000	2199
SKDZ_11G1010	942
SKDZ_11G1020	1665
SKDZ_11G1030	1362
SKDZ_11G1040	930
SKDZ_11G1050	1356
SKDZ_11G1060	3294
SKDZ_11G1070	2154
SKDZ_11G1080	1545
SKDZ_11G1090	4554
SKDZ_11G1100	1764
SKDZ_11G1110	753
SKDZ_11G1120	1077
SKDZ_11G1130	273
SKDZ_11G1140	702
SKDZ_11G1150	828
SKDZ_11G1160	942
SKDZ_11G1170	1020
SKDZ_11G1180	3303
SKDZ_11G1190	933
SKDZ_11G1200	1326
SKDZ_11G1210	1647
SKDZ_11G1220	1671
SKDZ_11G1230	675
SKDZ_11G1240	384
SKDZ_11G1250	1005
SKDZ_11G1260	351
SKDZ_11G1280	1302
SKDZ_11G1290	1236
SKDZ_11G1300	1179
SKDZ_11G1310	1971
SKDZ_11G1320	2211
SKDZ_11G1330	1179
SKDZ_11G1340	1353
SKDZ_11G1350	1563
SKDZ_11G1360	2646
SKDZ_11G1370	2334
SKDZ_11G1380	546
SKDZ_11G1390	237
SKDZ_11G1400	3045
SKDZ_11G1410	462
SKDZ_11G1420	624
SKDZ_11G1430	2913
SKDZ_11G1440	501
SKDZ_11G1450	1887
SKDZ_11G1460	342
SKDZ_11G1470	1080
SKDZ_11G1480	1317
SKDZ_11G1490	369
SKDZ_11G1500	3114
SKDZ_11G1510	504
SKDZ_11G1520	831
SKDZ_11G1530	2181
SKDZ_11G1540	261
SKDZ_11G1550	864
SKDZ_11G1560	1053
SKDZ_11G1570	2763
SKDZ_11G1580	690
SKDZ_11G1590	1911
SKDZ_11G1600	1551
SKDZ_11G1610	1350
SKDZ_11G1620	1587
SKDZ_11G1630	336
SKDZ_11G1640	1092
SKDZ_11G1650	1095
SKDZ_11G1660	675
SKDZ_11G1670	771
SKDZ_11G1680	1563
SKDZ_11G1690	3516
SKDZ_11G1700	1500
SKDZ_11G1710	2277
SKDZ_11G1720	711
SKDZ_11G1730	3123
SKDZ_11G1740	1785
SKDZ_11G1750	2013
SKDZ_11G1760	1455
SKDZ_11G1770	1341
SKDZ_11G1780	1950
SKDZ_11G1790	504
SKDZ_11G1800	2043
SKDZ_11G1810	615
SKDZ_11G1820	228
SKDZ_11G1830	819
SKDZ_11G1840	2406
SKDZ_11G1850	1248
SKDZ_11G1860	3234
SKDZ_11G1870	951
SKDZ_11G1880	300
SKDZ_11G1890	990
SKDZ_11G1900	2049
SKDZ_11G1910	525
SKDZ_11G1920	2985
SKDZ_11G1930	5301
SKDZ_11G1940	516
SKDZ_11G1950	1752
SKDZ_11G1960	1062
SKDZ_11G1970	4452
SKDZ_11G1980	711
SKDZ_11G1990	1257
SKDZ_11G2000	807
SKDZ_11G2010	294
SKDZ_11G2020	417
SKDZ_11G2030	1752
SKDZ_11G2040	1206
SKDZ_11G2050	396
SKDZ_11G2060	699
SKDZ_11G2070	609
SKDZ_11G2080	2115
SKDZ_11G2090	1710
SKDZ_11G2100	1347
SKDZ_11G2110	1134
SKDZ_11G2120	1629
SKDZ_11G2130	795
SKDZ_11G2140	552
SKDZ_11G2150	1878
SKDZ_11G2160	2703
SKDZ_11G2170	2298
SKDZ_11G2180	1065
SKDZ_11G2190	1038
SKDZ_11G2200	705
SKDZ_11G2210	1695
SKDZ_11G2220	1617
SKDZ_11G2230	1656
SKDZ_11G2240	2178
SKDZ_11G2250	1839
SKDZ_11G2260	495
SKDZ_11G2270	2739
SKDZ_11G2280	969
SKDZ_11G2290	1593
SKDZ_11G2300	2220
SKDZ_11G2310	864
SKDZ_11G2320	918
SKDZ_11G2330	2298
SKDZ_11G2340	3117
SKDZ_11G2350	2229
SKDZ_11G2360	825
SKDZ_11G2370	5079
SKDZ_11G2390	807
SKDZ_11G2400	615
SKDZ_11G2410	1941
SKDZ_11G2420	906
SKDZ_11G2430	1161
SKDZ_11G2440	1809
SKDZ_11G2450	777
SKDZ_11G2460	1092
SKDZ_11G2470	816
SKDZ_11G2480	1329
SKDZ_11G2490	537
SKDZ_11G2500	852
SKDZ_11G2510	1257
SKDZ_11G2520	402
SKDZ_11G2530	2658
SKDZ_11G2540	1263
SKDZ_11G2550	915
SKDZ_11G2560	1215
SKDZ_11G2570	12291
SKDZ_11G2580	876
SKDZ_11G2590	1812
SKDZ_11G2600	264
SKDZ_11G2610	1851
SKDZ_11G2620	1188
SKDZ_11G2630	825
SKDZ_11G2640	1278
SKDZ_11G2650	987
SKDZ_11G2660	1506
SKDZ_11G2670	2598
SKDZ_11G2680	594
SKDZ_11G2690	1089
SKDZ_11G2700	2223
SKDZ_11G2710	582
SKDZ_11G2720	1776
SKDZ_11G2730	1152
SKDZ_11G2740	1050
SKDZ_11G2750	1683
SKDZ_11G2760	219
SKDZ_11G2770	444
SKDZ_11G2780	915
SKDZ_11G2790	1113
SKDZ_11G2800	1083
SKDZ_11G2810	1758
SKDZ_11G2820	2517
SKDZ_11G2830	963
SKDZ_11G2840	1035
SKDZ_11G2850	3474
SKDZ_11G2860	402
SKDZ_11G2870	1839
SKDZ_11G2880	588
SKDZ_11G2890	3213
SKDZ_11G2900	1038
SKDZ_11G2910	1014
SKDZ_11G2920	2730
SKDZ_11G2930	2172
SKDZ_11G2940	789
SKDZ_11G2950	1161
SKDZ_11G2960	1806
SKDZ_11G2970	387
SKDZ_11G2980	5658
SKDZ_11G2990	267
SKDZ_11G3000	3696
SKDZ_11G3010	1650
SKDZ_11G3020	2139
SKDZ_11G3030	2433
SKDZ_11G3040	1077
SKDZ_11G3050	1950
SKDZ_11G3060	4752
SKDZ_11G3070	4743
SKDZ_11G3090	1746
SKDZ_11G3100	1833
SKDZ_11G3110	1143
SKDZ_11G3120	372
SKDZ_11G3130	1572
SKDZ_12G0010	363
SKDZ_12G0020	1185
SKDZ_12G0030	978
SKDZ_12G0040	1716
SKDZ_12G0050	1239
SKDZ_12G0060	897
SKDZ_12G0070	1596
SKDZ_12G0080	2529
SKDZ_12G0090	870
SKDZ_12G0100	2139
SKDZ_12G0110	432
SKDZ_12G0120	540
SKDZ_12G0130	4986
SKDZ_12G0140	771
SKDZ_12G0150	771
SKDZ_12G0160	1998
SKDZ_12G0170	504
SKDZ_12G0180	801
SKDZ_12G0190	9423
SKDZ_12G0200	918
SKDZ_12G0210	744
SKDZ_12G0220	1512
SKDZ_12G0230	1899
SKDZ_12G0240	2514
SKDZ_12G0250	696
SKDZ_12G0260	2496
SKDZ_12G0270	3051
SKDZ_12G0280	2247
SKDZ_12G0290	1764
SKDZ_12G0300	750
SKDZ_12G0310	2727
SKDZ_12G0320	375
SKDZ_12G0330	1920
SKDZ_12G0340	843
SKDZ_12G0350	1083
SKDZ_12G0360	4884
SKDZ_12G0370	2184
SKDZ_12G0390	321
SKDZ_12G0400	1674
SKDZ_12G0410	3762
SKDZ_12G0420	4686
SKDZ_12G0430	327
SKDZ_12G0440	2598
SKDZ_12G0450	1722
SKDZ_12G0460	1470
SKDZ_12G0470	1233
SKDZ_12G0480	210
SKDZ_12G0490	2214
SKDZ_12G0500	1998
SKDZ_12G0510	1272
SKDZ_12G0520	2604
SKDZ_12G0530	1854
SKDZ_12G0540	2841
SKDZ_12G0550	1320
SKDZ_12G0560	2274
SKDZ_12G0570	2583
SKDZ_12G0580	1977
SKDZ_12G0590	873
SKDZ_12G0600	1590
SKDZ_12G0610	1389
SKDZ_12G0620	2109
SKDZ_12G0630	996
SKDZ_12G0640	507
SKDZ_12G0650	585
SKDZ_12G0660	480
SKDZ_12G0670	579
SKDZ_12G0680	300
SKDZ_12G0690	423
SKDZ_12G0700	2700
SKDZ_12G0710	1497
SKDZ_12G0720	615
SKDZ_12G0730	1014
SKDZ_12G0740	909
SKDZ_12G0750	1179
SKDZ_12G0760	1617
SKDZ_12G0770	540
SKDZ_12G0780	753
SKDZ_12G0790	1629
SKDZ_12G0800	5607
SKDZ_12G0810	729
SKDZ_12G0820	1023
SKDZ_12G0830	1257
SKDZ_12G0840	1776
SKDZ_12G0850	615
SKDZ_12G0860	1410
SKDZ_12G0870	3516
SKDZ_12G0880	1503
SKDZ_12G0890	1422
SKDZ_12G0900	2091
SKDZ_12G0910	375
SKDZ_12G0920	252
SKDZ_12G0930	3045
SKDZ_12G0940	675
SKDZ_12G0950	471
SKDZ_12G0960	312
SKDZ_12G0970	1692
SKDZ_12G0980	2667
SKDZ_12G0990	957
SKDZ_12G1000	2061
SKDZ_12G1010	756
SKDZ_12G1020	1272
SKDZ_12G1030	486
SKDZ_12G1040	654
SKDZ_12G1050	753
SKDZ_12G1060	339
SKDZ_12G1070	2175
SKDZ_12G1080	1752
SKDZ_12G1090	1098
SKDZ_12G1100	2556
SKDZ_12G1110	1410
SKDZ_12G1120	816
SKDZ_12G1130	1788
SKDZ_12G1140	369
SKDZ_12G1150	996
SKDZ_12G1160	822
SKDZ_12G1170	549
SKDZ_12G1180	555
SKDZ_12G1190	2898
SKDZ_12G1200	456
SKDZ_12G1210	2286
SKDZ_12G1220	3246
SKDZ_12G1230	2097
SKDZ_12G1240	597
SKDZ_12G1250	486
SKDZ_12G1260	666
SKDZ_12G1270	1752
SKDZ_12G1280	735
SKDZ_12G1290	870
SKDZ_12G1300	1347
SKDZ_12G1310	1722
SKDZ_12G1320	1179
SKDZ_12G1330	1995
SKDZ_12G1340	3663
SKDZ_12G1350	1317
SKDZ_12G1360	4254
SKDZ_12G1370	8877
SKDZ_12G1380	1839
SKDZ_12G1390	1779
SKDZ_12G1400	1368
SKDZ_12G1410	1017
SKDZ_12G1420	2682
SKDZ_12G1430	762
SKDZ_12G1440	1509
SKDZ_12G1450	2370
SKDZ_12G1460	3483
SKDZ_12G1470	1044
SKDZ_12G1480	1950
SKDZ_12G1490	1185
SKDZ_12G1500	264
SKDZ_12G1510	1047
SKDZ_12G1520	792
SKDZ_12G1530	1953
SKDZ_12G1540	390
SKDZ_12G1550	1134
SKDZ_12G1560	14724
SKDZ_12G1570	1206
SKDZ_12G1580	1455
SKDZ_12G1590	531
SKDZ_12G1600	405
SKDZ_12G1610	1296
SKDZ_12G1620	2163
SKDZ_12G1630	2586
SKDZ_12G1640	1374
SKDZ_12G1650	2061
SKDZ_12G1660	684
SKDZ_12G1670	564
SKDZ_12G1680	1710
SKDZ_12G1690	1488
SKDZ_12G1700	429
SKDZ_12G1710	756
SKDZ_12G1720	2565
SKDZ_12G1730	804
SKDZ_12G1740	2832
SKDZ_12G1750	1269
SKDZ_12G1760	2304
SKDZ_12G1770	873
SKDZ_12G1780	1749
SKDZ_12G1790	1692
SKDZ_12G1800	2253
SKDZ_12G1810	870
SKDZ_12G1820	1086
SKDZ_12G1830	2967
SKDZ_12G1840	1911
SKDZ_12G1850	1113
SKDZ_12G1860	1434
SKDZ_12G1870	2055
SKDZ_12G1880	2340
SKDZ_12G1890	606
SKDZ_12G1900	903
SKDZ_12G1910	186
SKDZ_12G1920	300
SKDZ_12G1930	2760
SKDZ_12G1940	2193
SKDZ_12G1960	846
SKDZ_12G1970	1002
SKDZ_12G1980	1743
SKDZ_12G1990	2052
SKDZ_12G2000	330
SKDZ_12G2010	1389
SKDZ_12G2030	519
SKDZ_12G2040	762
SKDZ_12G2050	2616
SKDZ_12G2060	459
SKDZ_12G2070	693
SKDZ_12G2080	471
SKDZ_12G2090	903
SKDZ_12G2100	1827
SKDZ_12G2110	1239
SKDZ_12G2120	1458
SKDZ_12G2130	2310
SKDZ_12G2140	1845
SKDZ_12G2150	660
SKDZ_12G2160	606
SKDZ_12G2170	1149
SKDZ_12G2180	1014
SKDZ_12G2190	2403
SKDZ_12G2200	1485
SKDZ_12G2210	267
SKDZ_12G2220	759
SKDZ_12G2230	3054
SKDZ_12G2240	2079
SKDZ_12G2250	3612
SKDZ_12G2260	1449
SKDZ_12G2270	1209
SKDZ_12G2280	798
SKDZ_12G2290	528
SKDZ_12G2300	759
SKDZ_12G2310	1368
SKDZ_12G2320	1743
SKDZ_12G2330	1518
SKDZ_12G2340	831
SKDZ_12G2350	345
SKDZ_12G2360	783
SKDZ_12G2370	1311
SKDZ_12G2380	333
SKDZ_12G2390	957
SKDZ_12G2400	1848
SKDZ_12G2410	2481
SKDZ_12G2420	894
SKDZ_12G2430	936
SKDZ_12G2440	1371
SKDZ_12G2450	681
SKDZ_12G2460	1422
SKDZ_12G2470	1269
SKDZ_12G2480	2064
SKDZ_12G2490	1092
SKDZ_12G2500	1116
SKDZ_12G2510	294
SKDZ_12G2520	2226
SKDZ_12G2530	969
SKDZ_12G2540	669
SKDZ_12G2550	2454
SKDZ_12G2560	3198
SKDZ_12G2570	1110
SKDZ_12G2580	1224
SKDZ_12G2590	1188
SKDZ_12G2600	1473
SKDZ_12G2610	2445
SKDZ_12G2620	576
SKDZ_12G2640	1362
SKDZ_12G2660	1971
SKDZ_12G2670	1977
SKDZ_12G2680	267
SKDZ_12G2690	1794
SKDZ_12G2700	1437
SKDZ_12G2710	993
SKDZ_12G2720	2628
SKDZ_12G2730	2346
SKDZ_12G2740	966
SKDZ_12G2750	819
SKDZ_12G2760	1164
SKDZ_12G2770	429
SKDZ_12G2780	1071
SKDZ_12G2790	4674
SKDZ_12G2800	1833
SKDZ_12G2810	3135
SKDZ_12G2820	705
SKDZ_12G2830	594
SKDZ_12G2840	1710
SKDZ_12G2850	573
SKDZ_12G2860	4440
SKDZ_12G2870	966
SKDZ_12G2880	2118
SKDZ_12G2890	1716
SKDZ_12G2900	2043
SKDZ_12G2920	651
SKDZ_12G2930	195
SKDZ_12G2940	2523
SKDZ_12G2950	204
SKDZ_12G2970	1041
SKDZ_12G2980	2085
SKDZ_12G2990	1713
SKDZ_12G3000	645
SKDZ_12G3010	1053
SKDZ_12G3020	798
SKDZ_12G3030	3546
SKDZ_12G3040	2001
SKDZ_12G3050	2325
SKDZ_12G3060	333
SKDZ_12G3070	1782
SKDZ_12G3080	2340
SKDZ_12G3090	4014
SKDZ_12G3110	468
SKDZ_12G3130	936
SKDZ_12G3140	840
SKDZ_12G3150	786
SKDZ_12G3160	1770
SKDZ_12G3180	1071
SKDZ_12G3190	192
SKDZ_12G3200	1422
SKDZ_12G3210	1938
SKDZ_12G3220	834
SKDZ_12G3230	1137
SKDZ_12G3240	582
SKDZ_12G3250	660
SKDZ_12G3260	378
SKDZ_12G3270	390
SKDZ_12G3280	696
SKDZ_12G3290	1983
SKDZ_12G3300	1347
SKDZ_12G3310	738
SKDZ_12G3320	1335
SKDZ_12G3330	2337
SKDZ_12G3340	5703
SKDZ_12G3350	567
SKDZ_12G3360	906
SKDZ_12G3370	264
SKDZ_12G3380	939
SKDZ_12G3390	2742
SKDZ_12G3400	4782
SKDZ_12G3410	1212
SKDZ_12G3420	747
SKDZ_12G3430	1962
SKDZ_12G3440	1551
SKDZ_12G3450	471
SKDZ_12G3460	975
SKDZ_12G3470	2631
SKDZ_12G3480	2370
SKDZ_12G3490	4383
SKDZ_12G3500	1284
SKDZ_12G3520	780
SKDZ_12G3530	1572
SKDZ_12G3540	237
SKDZ_12G3550	726
SKDZ_12G3560	261
SKDZ_12G3570	1206
SKDZ_12G3580	795
SKDZ_12G3590	1821
SKDZ_12G3600	1149
SKDZ_12G3610	327
SKDZ_12G3620	2139
SKDZ_12G3630	2706
SKDZ_12G3640	2361
SKDZ_12G3650	939
SKDZ_12G3660	1431
SKDZ_12G3670	5640
SKDZ_12G3680	1671
SKDZ_12G3690	1107
SKDZ_12G3700	1296
SKDZ_12G3710	384
SKDZ_12G3720	1530
SKDZ_12G3730	306
SKDZ_12G3740	2586
SKDZ_12G3760	897
SKDZ_12G3780	651
SKDZ_12G3790	876
SKDZ_12G3800	2403
SKDZ_12G3810	1800
SKDZ_12G3820	1011
SKDZ_12G3830	1188
SKDZ_12G3840	594
SKDZ_12G3850	2673
SKDZ_12G3860	1449
SKDZ_12G3870	1305
SKDZ_12G3880	1746
SKDZ_12G3890	291
SKDZ_12G3900	2208
SKDZ_12G3910	657
SKDZ_12G3920	258
SKDZ_12G3930	330
SKDZ_12G3940	393
SKDZ_12G3950	1797
SKDZ_12G3960	1974
SKDZ_12G3970	531
SKDZ_12G3980	4047
SKDZ_12G3990	1038
SKDZ_12G4000	2706
SKDZ_12G4010	1035
SKDZ_12G4020	729
SKDZ_12G4030	1047
SKDZ_12G4040	1443
SKDZ_12G4060	1230
SKDZ_12G4070	2193
SKDZ_12G4080	2688
SKDZ_12G4090	3363
SKDZ_12G4100	3999
SKDZ_12G4110	396
SKDZ_12G4120	2643
SKDZ_12G4130	1311
SKDZ_12G4140	171
SKDZ_12G4150	3069
SKDZ_12G4160	198
SKDZ_12G4170	765
SKDZ_12G4180	1557
SKDZ_12G4190	840
SKDZ_12G4200	1326
SKDZ_12G4210	237
SKDZ_12G4220	2076
SKDZ_12G4230	2334
SKDZ_12G4240	3864
SKDZ_12G4250	2088
SKDZ_12G4270	2031
SKDZ_12G4280	2127
SKDZ_12G4290	858
SKDZ_12G4300	1206
SKDZ_12G4310	342
SKDZ_12G4320	687
SKDZ_12G4330	324
SKDZ_12G4340	2820
SKDZ_12G4350	3447
SKDZ_12G4360	723
SKDZ_12G4370	825
SKDZ_12G4390	2025
SKDZ_12G4400	792
SKDZ_12G4410	1713
SKDZ_12G4420	1191
SKDZ_12G4430	4311
SKDZ_12G4440	1095
SKDZ_12G4450	474
SKDZ_12G4460	5802
SKDZ_12G4470	1257
SKDZ_12G4480	2193
SKDZ_12G4490	687
SKDZ_12G4500	3924
SKDZ_12G4510	981
SKDZ_12G4520	2013
SKDZ_12G4530	1938
SKDZ_12G4540	6696
SKDZ_12G4550	1365
SKDZ_12G4560	1572
SKDZ_12G4570	1656
SKDZ_12G4580	621
SKDZ_12G4590	3900
SKDZ_12G4600	399
SKDZ_12G4620	1275
SKDZ_12G4630	270
SKDZ_12G4640	960
SKDZ_12G4650	2118
SKDZ_12G4660	768
SKDZ_12G4670	3009
SKDZ_12G4680	1347
SKDZ_12G4700	567
SKDZ_12G4710	1299
SKDZ_12G4720	1038
SKDZ_12G4730	531
SKDZ_12G4740	1173
SKDZ_12G4750	3117
SKDZ_12G4760	2667
SKDZ_12G4770	2103
SKDZ_12G4780	1194
SKDZ_12G4790	7872
SKDZ_12G4800	921
SKDZ_12G4810	612
SKDZ_12G4820	960
SKDZ_12G4830	1182
SKDZ_12G4840	1131
SKDZ_12G4850	375
SKDZ_12G4860	1119
SKDZ_12G4870	363
SKDZ_13G0010	1572
SKDZ_13G0020	1167
SKDZ_13G0030	393
SKDZ_13G0040	885
SKDZ_13G0050	702
SKDZ_13G0060	1098
SKDZ_13G0070	1692
SKDZ_13G0080	213
SKDZ_13G0090	1536
SKDZ_13G0100	1746
SKDZ_13G0110	1386
SKDZ_13G0120	939
SKDZ_13G0130	1338
SKDZ_13G0140	1758
SKDZ_13G0150	933
SKDZ_13G0160	1542
SKDZ_13G0170	1071
SKDZ_13G0180	1497
SKDZ_13G0190	3384
SKDZ_13G0210	1614
SKDZ_13G0220	1620
SKDZ_13G0230	1545
SKDZ_13G0240	729
SKDZ_13G0250	891
SKDZ_13G0260	2763
SKDZ_13G0270	924
SKDZ_13G0280	2838
SKDZ_13G0290	318
SKDZ_13G0300	1005
SKDZ_13G0310	681
SKDZ_13G0320	825
SKDZ_13G0330	3399
SKDZ_13G0340	4965
SKDZ_13G0350	1425
SKDZ_13G0360	486
SKDZ_13G0370	3309
SKDZ_13G0380	2643
SKDZ_13G0390	504
SKDZ_13G0400	1359
SKDZ_13G0410	1560
SKDZ_13G0420	651
SKDZ_13G0440	489
SKDZ_13G0450	2697
SKDZ_13G0460	753
SKDZ_13G0470	3612
SKDZ_13G0480	2010
SKDZ_13G0490	939
SKDZ_13G0500	1581
SKDZ_13G0510	1344
SKDZ_13G0520	1254
SKDZ_13G0530	1950
SKDZ_13G0540	180
SKDZ_13G0550	3762
SKDZ_13G0560	1272
SKDZ_13G0570	756
SKDZ_13G0580	549
SKDZ_13G0590	480
SKDZ_13G0600	2820
SKDZ_13G0610	3165
SKDZ_13G0620	1185
SKDZ_13G0630	531
SKDZ_13G0640	4626
SKDZ_13G0650	1596
SKDZ_13G0660	1755
SKDZ_13G0670	1650
SKDZ_13G0680	1392
SKDZ_13G0690	1062
SKDZ_13G0700	1110
SKDZ_13G0710	2769
SKDZ_13G0720	738
SKDZ_13G0730	768
SKDZ_13G0740	1179
SKDZ_13G0750	2574
SKDZ_13G0760	1131
SKDZ_13G0770	5025
SKDZ_13G0780	207
SKDZ_13G0790	312
SKDZ_13G0810	1839
SKDZ_13G0820	1575
SKDZ_13G0830	537
SKDZ_13G0840	1776
SKDZ_13G0860	573
SKDZ_13G0870	909
SKDZ_13G0875	1380
SKDZ_13G0880	936
SKDZ_13G0890	3918
SKDZ_13G0900	1215
SKDZ_13G0910	1059
SKDZ_13G0920	1890
SKDZ_13G0930	1539
SKDZ_13G0940	2013
SKDZ_13G0950	843
SKDZ_13G0960	1326
SKDZ_13G0970	1023
SKDZ_13G0980	513
SKDZ_13G0990	2433
SKDZ_13G1000	2517
SKDZ_13G1010	1401
SKDZ_13G1020	1965
SKDZ_13G1030	480
SKDZ_13G1040	2529
SKDZ_13G1050	591
SKDZ_13G1060	1161
SKDZ_13G1070	444
SKDZ_13G1080	525
SKDZ_13G1090	411
SKDZ_13G1100	1677
SKDZ_13G1110	564
SKDZ_13G1120	1089
SKDZ_13G1130	1995
SKDZ_13G1140	999
SKDZ_13G1150	1182
SKDZ_13G1160	1770
SKDZ_13G1170	2076
SKDZ_13G1180	1041
SKDZ_13G1190	825
SKDZ_13G1200	1773
SKDZ_13G1210	636
SKDZ_13G1220	534
SKDZ_13G1230	3174
SKDZ_13G1250	213
SKDZ_13G1260	1152
SKDZ_13G1270	2007
SKDZ_13G1280	2340
SKDZ_13G1290	1377
SKDZ_13G1300	981
SKDZ_13G1310	3273
SKDZ_13G1320	627
SKDZ_13G1330	2118
SKDZ_13G1340	465
SKDZ_13G1350	603
SKDZ_13G1360	1536
SKDZ_13G1370	1161
SKDZ_13G1380	2136
SKDZ_13G1390	1959
SKDZ_13G1400	540
SKDZ_13G1410	1221
SKDZ_13G1420	1644
SKDZ_13G1430	3834
SKDZ_13G1440	1560
SKDZ_13G1460	1542
SKDZ_13G1470	1617
SKDZ_13G1480	2349
SKDZ_13G1490	1212
SKDZ_13G1500	1557
SKDZ_13G1510	2730
SKDZ_13G1520	1527
SKDZ_13G1530	1254
SKDZ_13G1540	498
SKDZ_13G1550	1581
SKDZ_13G1560	1137
SKDZ_13G1570	888
SKDZ_13G1580	1200
SKDZ_13G1590	1416
SKDZ_13G1600	1101
SKDZ_13G1610	1563
SKDZ_13G1620	1128
SKDZ_13G1630	2532
SKDZ_13G1640	2010
SKDZ_13G1650	1404
SKDZ_13G1660	1305
SKDZ_13G1670	534
SKDZ_13G1680	1434
SKDZ_13G1690	2115
SKDZ_13G1700	750
SKDZ_13G1710	930
SKDZ_13G1720	504
SKDZ_13G1730	1056
SKDZ_13G1740	576
SKDZ_13G1750	855
SKDZ_13G1760	1428
SKDZ_13G1770	3330
SKDZ_13G1780	951
SKDZ_13G1790	2418
SKDZ_13G1800	615
SKDZ_13G1810	2535
SKDZ_13G1820	2664
SKDZ_13G1830	921
SKDZ_13G1840	930
SKDZ_13G1850	1914
SKDZ_13G1860	387
SKDZ_13G1870	972
SKDZ_13G1880	2028
SKDZ_13G1890	1326
SKDZ_13G1900	720
SKDZ_13G1910	1506
SKDZ_13G1920	1506
SKDZ_13G1930	2700
SKDZ_13G1940	1251
SKDZ_13G1950	1269
SKDZ_13G1960	765
SKDZ_13G1970	1431
SKDZ_13G1980	504
SKDZ_13G1990	552
SKDZ_13G2000	606
SKDZ_13G2010	438
SKDZ_13G2020	2058
SKDZ_13G2040	3834
SKDZ_13G2050	666
SKDZ_13G2060	2226
SKDZ_13G2070	915
SKDZ_13G2080	2916
SKDZ_13G2090	1014
SKDZ_13G2100	1128
SKDZ_13G2110	1155
SKDZ_13G2120	2919
SKDZ_13G2130	840
SKDZ_13G2140	1689
SKDZ_13G2150	2475
SKDZ_13G2160	684
SKDZ_13G2170	1302
SKDZ_13G2180	1848
SKDZ_13G2190	1542
SKDZ_13G2200	1440
SKDZ_13G2210	675
SKDZ_13G2220	894
SKDZ_13G2230	1110
SKDZ_13G2240	1839
SKDZ_13G2250	747
SKDZ_13G2260	894
SKDZ_13G2270	1866
SKDZ_13G2280	1035
SKDZ_13G2290	2505
SKDZ_13G2300	2034
SKDZ_13G2310	1710
SKDZ_13G2320	1869
SKDZ_13G2330	348
SKDZ_13G2340	2064
SKDZ_13G2350	3606
SKDZ_13G2360	1599
SKDZ_13G2370	1401
SKDZ_13G2380	348
SKDZ_13G2390	1284
SKDZ_13G2400	1113
SKDZ_13G2410	1518
SKDZ_13G2420	960
SKDZ_13G2430	642
SKDZ_13G2440	591
SKDZ_13G2450	1875
SKDZ_13G2460	1779
SKDZ_13G2470	615
SKDZ_13G2480	243
SKDZ_13G2490	369
SKDZ_13G2500	2766
SKDZ_13G2510	2586
SKDZ_13G2520	1029
SKDZ_13G2530	1008
SKDZ_13G2540	3819
SKDZ_13G2550	4017
SKDZ_13G2560	930
SKDZ_13G2570	1530
SKDZ_13G2580	627
SKDZ_13G2590	1293
SKDZ_13G2600	714
SKDZ_13G2610	1365
SKDZ_13G2630	1671
SKDZ_13G2640	2028
SKDZ_13G2650	576
SKDZ_13G2660	1113
SKDZ_13G2670	1470
SKDZ_13G2680	600
SKDZ_13G2690	432
SKDZ_13G2700	1008
SKDZ_13G2710	1683
SKDZ_13G2720	1044
SKDZ_13G2730	660
SKDZ_13G2740	423
SKDZ_13G2750	861
SKDZ_13G2760	573
SKDZ_13G2770	1098
SKDZ_13G2780	1428
SKDZ_13G2790	2184
SKDZ_13G2800	1611
SKDZ_13G2810	717
SKDZ_13G2820	762
SKDZ_13G2830	468
SKDZ_13G2840	423
SKDZ_13G2860	2538
SKDZ_13G2870	675
SKDZ_13G2880	4962
SKDZ_13G2890	2124
SKDZ_13G2900	2406
SKDZ_13G2910	2586
SKDZ_13G2920	1104
SKDZ_13G2930	2310
SKDZ_13G2940	1827
SKDZ_13G2950	1521
SKDZ_13G2960	1566
SKDZ_13G2970	1644
SKDZ_13G2980	2028
SKDZ_13G2990	1470
SKDZ_13G3000	540
SKDZ_13G3010	246
SKDZ_13G3020	4266
SKDZ_13G3030	1527
SKDZ_13G3040	822
SKDZ_13G3050	2286
SKDZ_13G3060	945
SKDZ_13G3070	468
SKDZ_13G3080	651
SKDZ_13G3090	888
SKDZ_13G3100	591
SKDZ_13G3110	2952
SKDZ_13G3120	2136
SKDZ_13G3130	1311
SKDZ_13G3140	714
SKDZ_13G3150	3090
SKDZ_13G3160	4356
SKDZ_13G3170	1122
SKDZ_13G3180	2211
SKDZ_13G3190	777
SKDZ_13G3200	246
SKDZ_13G3210	372
SKDZ_13G3220	3261
SKDZ_13G3230	654
SKDZ_13G3240	1785
SKDZ_13G3250	1641
SKDZ_13G3260	771
SKDZ_13G3270	927
SKDZ_13G3280	672
SKDZ_13G3290	1164
SKDZ_13G3300	1230
SKDZ_13G3310	2880
SKDZ_13G3320	924
SKDZ_13G3330	6372
SKDZ_13G3340	1332
SKDZ_13G3350	1380
SKDZ_13G3360	1353
SKDZ_13G3370	1428
SKDZ_13G3380	2349
SKDZ_13G3390	1785
SKDZ_13G3400	1128
SKDZ_13G3410	1554
SKDZ_13G3420	2298
SKDZ_13G3430	1578
SKDZ_13G3440	3309
SKDZ_13G3450	5136
SKDZ_13G3460	1356
SKDZ_13G3470	1512
SKDZ_13G3480	672
SKDZ_13G3490	1422
SKDZ_13G3500	2085
SKDZ_13G3510	297
SKDZ_13G3520	804
SKDZ_13G3530	1821
SKDZ_13G3540	1026
SKDZ_13G3550	5175
SKDZ_13G3560	318
SKDZ_13G3570	3093
SKDZ_13G3580	2028
SKDZ_13G3590	684
SKDZ_13G3600	1050
SKDZ_13G3610	1221
SKDZ_13G3620	474
SKDZ_13G3630	2175
SKDZ_13G3640	1377
SKDZ_13G3650	1425
SKDZ_13G3660	1317
SKDZ_13G3670	939
SKDZ_13G3680	558
SKDZ_13G3690	210
SKDZ_13G3700	1329
SKDZ_13G3710	1062
SKDZ_13G3720	315
SKDZ_13G3730	2085
SKDZ_13G3740	4695
SKDZ_13G3750	1758
SKDZ_13G3760	1089
SKDZ_13G3770	177
SKDZ_13G3780	405
SKDZ_13G3790	1275
SKDZ_13G3800	564
SKDZ_13G3810	183
SKDZ_13G3820	2403
SKDZ_13G3830	1662
SKDZ_13G3840	4254
SKDZ_13G3850	462
SKDZ_13G3860	3168
SKDZ_13G3870	942
SKDZ_13G3880	558
SKDZ_13G3890	615
SKDZ_13G3900	1374
SKDZ_13G3910	2874
SKDZ_13G3920	933
SKDZ_13G3930	1338
SKDZ_13G3940	585
SKDZ_13G3950	1098
SKDZ_13G3960	684
SKDZ_13G3970	1155
SKDZ_13G4000	2739
SKDZ_13G4010	948
SKDZ_13G4020	2934
SKDZ_13G4030	1095
SKDZ_13G4040	2208
SKDZ_13G4050	1869
SKDZ_13G4060	1620
SKDZ_13G4070	4299
SKDZ_13G4080	903
SKDZ_13G4090	1743
SKDZ_13G4100	1485
SKDZ_13G4110	1809
SKDZ_13G4120	1548
SKDZ_13G4130	276
SKDZ_13G4140	2910
SKDZ_13G4150	2916
SKDZ_13G4160	1113
SKDZ_13G4170	1518
SKDZ_13G4180	1758
SKDZ_13G4190	417
SKDZ_13G4200	1395
SKDZ_13G4210	1125
SKDZ_13G4220	597
SKDZ_13G4230	1677
SKDZ_13G4240	1599
SKDZ_13G4250	453
SKDZ_13G4260	948
SKDZ_13G4270	1533
SKDZ_13G4280	2076
SKDZ_13G4290	2553
SKDZ_13G4300	1047
SKDZ_13G4310	3696
SKDZ_13G4320	1146
SKDZ_13G4330	5358
SKDZ_13G4340	1680
SKDZ_13G4350	3270
SKDZ_13G4360	2436
SKDZ_13G4370	954
SKDZ_13G4380	690
SKDZ_13G4390	825
SKDZ_13G4400	1932
SKDZ_13G4410	705
SKDZ_13G4420	1050
SKDZ_13G4430	1026
SKDZ_13G4440	3441
SKDZ_13G4450	1083
SKDZ_13G4460	1653
SKDZ_13G4470	978
SKDZ_13G4480	1764
SKDZ_13G4490	1653
SKDZ_13G4500	1704
SKDZ_13G4510	1509
SKDZ_13G4520	1437
SKDZ_13G4530	363
SKDZ_13G4540	1572
SKDZ_14G0010	363
SKDZ_14G0020	945
SKDZ_14G0030	1053
SKDZ_14G0040	363
SKDZ_14G0050	1023
SKDZ_14G0060	1302
SKDZ_14G0070	3090
SKDZ_14G0080	441
SKDZ_14G0090	3201
SKDZ_14G0100	1011
SKDZ_14G0110	2619
SKDZ_14G0120	1245
SKDZ_14G0130	948
SKDZ_14G0140	2727
SKDZ_14G0150	855
SKDZ_14G0160	1626
SKDZ_14G0170	1404
SKDZ_14G0180	1005
SKDZ_14G0190	957
SKDZ_14G0200	786
SKDZ_14G0210	2715
SKDZ_14G0220	822
SKDZ_14G0230	2295
SKDZ_14G0240	528
SKDZ_14G0250	1218
SKDZ_14G0260	1818
SKDZ_14G0270	1128
SKDZ_14G0280	654
SKDZ_14G0290	897
SKDZ_14G0300	1254
SKDZ_14G0310	435
SKDZ_14G0320	561
SKDZ_14G0330	342
SKDZ_14G0340	1929
SKDZ_14G0350	2520
SKDZ_14G0360	4911
SKDZ_14G0380	1575
SKDZ_14G0390	1620
SKDZ_14G0400	1905
SKDZ_14G0410	1212
SKDZ_14G0420	1647
SKDZ_14G0430	1023
SKDZ_14G0440	840
SKDZ_14G0450	1164
SKDZ_14G0460	2811
SKDZ_14G0470	858
SKDZ_14G0480	885
SKDZ_14G0490	1461
SKDZ_14G0500	588
SKDZ_14G0510	462
SKDZ_14G0520	1317
SKDZ_14G0530	1989
SKDZ_14G0540	3243
SKDZ_14G0550	1452
SKDZ_14G0560	1731
SKDZ_14G0570	1053
SKDZ_14G0580	3741
SKDZ_14G0590	2259
SKDZ_14G0600	5835
SKDZ_14G0610	1722
SKDZ_14G0620	1833
SKDZ_14G0630	3201
SKDZ_14G0640	846
SKDZ_14G0650	1053
SKDZ_14G0660	954
SKDZ_14G0670	6666
SKDZ_14G0680	1437
SKDZ_14G0690	489
SKDZ_14G0700	222
SKDZ_14G0710	2271
SKDZ_14G0720	3711
SKDZ_14G0730	2475
SKDZ_14G0740	462
SKDZ_14G0750	1194
SKDZ_14G0760	1269
SKDZ_14G0770	864
SKDZ_14G0780	1731
SKDZ_14G0790	3951
SKDZ_14G0800	1731
SKDZ_14G0810	1248
SKDZ_14G0820	2304
SKDZ_14G0830	678
SKDZ_14G0840	549
SKDZ_14G0850	327
SKDZ_14G0860	2910
SKDZ_14G0870	4770
SKDZ_14G0880	1515
SKDZ_14G0890	1482
SKDZ_14G0900	1365
SKDZ_14G0910	2460
SKDZ_14G0920	1380
SKDZ_14G0930	2922
SKDZ_14G0940	1296
SKDZ_14G0950	2703
SKDZ_14G0960	876
SKDZ_14G0970	1056
SKDZ_14G0980	1134
SKDZ_14G0990	1086
SKDZ_14G1000	1791
SKDZ_14G1020	1749
SKDZ_14G1030	2289
SKDZ_14G1040	1485
SKDZ_14G1050	621
SKDZ_14G1060	2613
SKDZ_14G1070	1302
SKDZ_14G1080	1668
SKDZ_14G1090	1767
SKDZ_14G1100	981
SKDZ_14G1110	2481
SKDZ_14G1120	963
SKDZ_14G1130	600
SKDZ_14G1140	645
SKDZ_14G1150	2349
SKDZ_14G1160	255
SKDZ_14G1170	825
SKDZ_14G1180	1842
SKDZ_14G1190	627
SKDZ_14G1200	1278
SKDZ_14G1210	1374
SKDZ_14G1220	903
SKDZ_14G1230	879
SKDZ_14G1240	2577
SKDZ_14G1250	741
SKDZ_14G1260	1602
SKDZ_14G1270	2007
SKDZ_14G1280	909
SKDZ_14G1290	786
SKDZ_14G1300	888
SKDZ_14G1310	1668
SKDZ_14G1320	3420
SKDZ_14G1330	1074
SKDZ_14G1340	615
SKDZ_14G1350	1629
SKDZ_14G1360	1308
SKDZ_14G1370	1074
SKDZ_14G1380	2352
SKDZ_14G1390	477
SKDZ_14G1400	960
SKDZ_14G1410	2376
SKDZ_14G1420	1668
SKDZ_14G1430	1221
SKDZ_14G1440	996
SKDZ_14G1450	723
SKDZ_14G1460	927
SKDZ_14G1470	1902
SKDZ_14G1490	1203
SKDZ_14G1510	1089
SKDZ_14G1520	5247
SKDZ_14G1530	1506
SKDZ_14G1540	780
SKDZ_14G1550	1950
SKDZ_14G1560	1326
SKDZ_14G1570	1233
SKDZ_14G1580	1053
SKDZ_14G1590	3333
SKDZ_14G1600	219
SKDZ_14G1610	321
SKDZ_14G1620	2268
SKDZ_14G1630	1065
SKDZ_14G1640	873
SKDZ_14G1650	597
SKDZ_14G1660	507
SKDZ_14G1670	900
SKDZ_14G1680	825
SKDZ_14G1690	1686
SKDZ_14G1700	390
SKDZ_14G1710	1242
SKDZ_14G1720	759
SKDZ_14G1730	390
SKDZ_14G1740	738
SKDZ_14G1750	348
SKDZ_14G1770	306
SKDZ_14G1780	117
SKDZ_14G1790	2187
SKDZ_14G1810	1500
SKDZ_14G1820	1044
SKDZ_14G1840	4785
SKDZ_14G1850	258
SKDZ_14G1860	1593
SKDZ_14G1870	1461
SKDZ_14G1880	1263
SKDZ_14G1890	345
SKDZ_14G1900	1131
SKDZ_14G1910	525
SKDZ_14G1920	3171
SKDZ_14G1930	459
SKDZ_14G1940	1182
SKDZ_14G1950	723
SKDZ_14G1960	1278
SKDZ_14G1970	2880
SKDZ_14G1980	2532
SKDZ_14G1990	2013
SKDZ_14G2000	1455
SKDZ_14G2010	2994
SKDZ_14G2020	297
SKDZ_14G2030	1854
SKDZ_14G2040	1482
SKDZ_14G2050	2925
SKDZ_14G2060	1665
SKDZ_14G2070	1593
SKDZ_14G2080	1938
SKDZ_14G2090	429
SKDZ_14G2100	1647
SKDZ_14G2110	363
SKDZ_14G2120	663
SKDZ_14G2130	813
SKDZ_14G2150	681
SKDZ_14G2160	3564
SKDZ_14G2170	1860
SKDZ_14G2190	2022
SKDZ_14G2200	4416
SKDZ_14G2210	2142
SKDZ_14G2220	711
SKDZ_14G2230	720
SKDZ_14G2240	972
SKDZ_14G2260	945
SKDZ_14G2270	573
SKDZ_14G2280	1947
SKDZ_14G2290	1764
SKDZ_14G2300	663
SKDZ_14G2310	1203
SKDZ_14G2320	3729
SKDZ_14G2330	579
SKDZ_14G2340	4260
SKDZ_14G2350	3528
SKDZ_14G2360	297
SKDZ_14G2370	2499
SKDZ_14G2380	1050
SKDZ_14G2390	1635
SKDZ_14G2400	2646
SKDZ_14G2410	414
SKDZ_14G2420	1101
SKDZ_14G2430	600
SKDZ_14G2440	1206
SKDZ_14G2450	1599
SKDZ_14G2460	1761
SKDZ_14G2470	873
SKDZ_14G2480	1350
SKDZ_14G2490	1734
SKDZ_14G2500	924
SKDZ_14G2510	1434
SKDZ_14G2520	597
SKDZ_14G2530	2571
SKDZ_14G2550	576
SKDZ_14G2560	1296
SKDZ_14G2570	1689
SKDZ_14G2580	1233
SKDZ_14G2590	951
SKDZ_14G2600	1437
SKDZ_14G2610	1827
SKDZ_14G2620	2268
SKDZ_14G2630	930
SKDZ_14G2650	594
SKDZ_14G2660	852
SKDZ_14G2670	3669
SKDZ_14G2680	1473
SKDZ_14G2690	462
SKDZ_14G2700	1212
SKDZ_14G2710	882
SKDZ_14G2720	2631
SKDZ_14G2730	1647
SKDZ_14G2740	1971
SKDZ_14G2750	528
SKDZ_14G2760	2016
SKDZ_14G2770	531
SKDZ_14G2790	1188
SKDZ_14G2800	2520
SKDZ_14G2810	672
SKDZ_14G2820	1083
SKDZ_14G2830	690
SKDZ_14G2840	1788
SKDZ_14G2850	1371
SKDZ_14G2860	1170
SKDZ_14G2870	1845
SKDZ_14G2880	855
SKDZ_14G2890	846
SKDZ_14G2900	411
SKDZ_14G2910	312
SKDZ_14G2920	1575
SKDZ_14G2930	2022
SKDZ_14G2940	1455
SKDZ_14G2950	972
SKDZ_14G2960	219
SKDZ_14G2970	750
SKDZ_14G2980	2913
SKDZ_14G2990	1473
SKDZ_14G3000	2121
SKDZ_14G3010	1920
SKDZ_14G3020	855
SKDZ_14G3030	1845
SKDZ_14G3040	1377
SKDZ_14G3050	228
SKDZ_14G3060	3135
SKDZ_14G3070	1896
SKDZ_14G3080	1341
SKDZ_14G3090	726
SKDZ_14G3100	1263
SKDZ_14G3110	2028
SKDZ_14G3120	1119
SKDZ_14G3130	912
SKDZ_14G3140	1116
SKDZ_14G3150	1365
SKDZ_14G3160	855
SKDZ_14G3170	969
SKDZ_14G3180	1161
SKDZ_14G3190	1443
SKDZ_14G3200	849
SKDZ_14G3210	954
SKDZ_14G3230	495
SKDZ_14G3250	1890
SKDZ_14G3260	933
SKDZ_14G3270	1986
SKDZ_14G3280	753
SKDZ_14G3290	453
SKDZ_14G3300	2664
SKDZ_14G3310	1506
SKDZ_14G3320	2682
SKDZ_14G3330	627
SKDZ_14G3340	1143
SKDZ_14G3350	6702
SKDZ_14G3360	672
SKDZ_14G3370	675
SKDZ_14G3380	1929
SKDZ_14G3390	684
SKDZ_14G3400	1215
SKDZ_14G3410	420
SKDZ_14G3420	1698
SKDZ_14G3430	558
SKDZ_14G3450	1416
SKDZ_14G3460	954
SKDZ_14G3470	921
SKDZ_14G3480	1290
SKDZ_14G3490	1656
SKDZ_14G3500	4740
SKDZ_14G3510	1107
SKDZ_14G3520	222
SKDZ_14G3530	2373
SKDZ_14G3540	966
SKDZ_14G3550	297
SKDZ_14G3560	1029
SKDZ_14G3570	462
SKDZ_14G3580	276
SKDZ_14G3590	1890
SKDZ_14G3600	1818
SKDZ_14G3610	810
SKDZ_14G3620	1107
SKDZ_14G3640	1191
SKDZ_14G3650	2148
SKDZ_14G3660	1464
SKDZ_14G3670	408
SKDZ_14G3680	2691
SKDZ_14G3690	1182
SKDZ_14G3700	630
SKDZ_14G3710	1341
SKDZ_14G3720	1551
SKDZ_14G3730	1335
SKDZ_14G3740	1461
SKDZ_14G3750	969
SKDZ_14G3760	1773
SKDZ_14G3770	1755
SKDZ_14G3780	1596
SKDZ_14G3790	717
SKDZ_14G3800	1443
SKDZ_14G3810	1743
SKDZ_14G3820	2160
SKDZ_14G3830	684
SKDZ_14G3840	1005
SKDZ_14G3850	1824
SKDZ_14G3860	882
SKDZ_14G3870	4713
SKDZ_14G3880	3453
SKDZ_14G3890	2538
SKDZ_14G3900	4122
SKDZ_14G3910	1029
SKDZ_14G3920	1695
SKDZ_14G3930	1509
SKDZ_14G3940	1074
SKDZ_14G3950	1224
SKDZ_14G3960	1842
SKDZ_14G3970	1755
SKDZ_14G3980	375
SKDZ_14G3990	918
SKDZ_14G4000	1137
SKDZ_14G4010	363
SKDZ_15G0010	363
SKDZ_15G0020	786
SKDZ_15G0030	1632
SKDZ_15G0040	1770
SKDZ_15G0050	1704
SKDZ_15G0060	3552
SKDZ_15G0070	750
SKDZ_15G0080	1746
SKDZ_15G0090	1029
SKDZ_15G0100	699
SKDZ_15G0110	1821
SKDZ_15G0120	711
SKDZ_15G0130	585
SKDZ_15G0140	3252
SKDZ_15G0150	1479
SKDZ_15G0160	510
SKDZ_15G0170	723
SKDZ_15G0180	2088
SKDZ_15G0190	1272
SKDZ_15G0200	642
SKDZ_15G0210	3999
SKDZ_15G0220	1494
SKDZ_15G0230	1194
SKDZ_15G0240	666
SKDZ_15G0250	366
SKDZ_15G0260	1413
SKDZ_15G0270	330
SKDZ_15G0280	2580
SKDZ_15G0290	555
SKDZ_15G0300	1137
SKDZ_15G0310	429
SKDZ_15G0320	1134
SKDZ_15G0330	1431
SKDZ_15G0340	1302
SKDZ_15G0350	1620
SKDZ_15G0360	1746
SKDZ_15G0370	435
SKDZ_15G0380	561
SKDZ_15G0390	1506
SKDZ_15G0400	1950
SKDZ_15G0410	1146
SKDZ_15G0420	1779
SKDZ_15G0430	609
SKDZ_15G0440	1968
SKDZ_15G0450	1482
SKDZ_15G0460	645
SKDZ_15G0470	714
SKDZ_15G0480	342
SKDZ_15G0490	1029
SKDZ_15G0500	453
SKDZ_15G0510	1539
SKDZ_15G0520	1038
SKDZ_15G0530	1854
SKDZ_15G0540	693
SKDZ_15G0550	939
SKDZ_15G0560	3249
SKDZ_15G0570	3120
SKDZ_15G0590	1302
SKDZ_15G0600	939
SKDZ_15G0610	2145
SKDZ_15G0620	972
SKDZ_15G0630	882
SKDZ_15G0640	927
SKDZ_15G0650	1836
SKDZ_15G0660	2895
SKDZ_15G0670	3099
SKDZ_15G0680	834
SKDZ_15G0690	3333
SKDZ_15G0700	276
SKDZ_15G0710	1047
SKDZ_15G0730	3006
SKDZ_15G0740	1239
SKDZ_15G0750	1266
SKDZ_15G0760	9243
SKDZ_15G0770	846
SKDZ_15G0790	3552
SKDZ_15G0800	207
SKDZ_15G0810	876
SKDZ_15G0820	2391
SKDZ_15G0830	3885
SKDZ_15G0840	969
SKDZ_15G0850	1374
SKDZ_15G0860	480
SKDZ_15G0870	1509
SKDZ_15G0880	1356
SKDZ_15G0890	1431
SKDZ_15G0900	534
SKDZ_15G0910	1767
SKDZ_15G0920	1155
SKDZ_15G0930	1074
SKDZ_15G0940	2874
SKDZ_15G0950	1476
SKDZ_15G0960	1491
SKDZ_15G0970	2157
SKDZ_15G0980	1326
SKDZ_15G0990	1263
SKDZ_15G1000	2133
SKDZ_15G1010	912
SKDZ_15G1020	1656
SKDZ_15G1030	1221
SKDZ_15G1040	1041
SKDZ_15G1050	186
SKDZ_15G1060	1191
SKDZ_15G1070	3366
SKDZ_15G1090	1479
SKDZ_15G1100	1026
SKDZ_15G1110	1071
SKDZ_15G1120	3306
SKDZ_15G1130	1152
SKDZ_15G1140	1143
SKDZ_15G1150	1092
SKDZ_15G1160	1383
SKDZ_15G1170	429
SKDZ_15G1180	321
SKDZ_15G1190	765
SKDZ_15G1200	2289
SKDZ_15G1210	3282
SKDZ_15G1220	1599
SKDZ_15G1230	741
SKDZ_15G1240	1254
SKDZ_15G1250	1437
SKDZ_15G1260	1548
SKDZ_15G1270	1725
SKDZ_15G1280	342
SKDZ_15G1290	1989
SKDZ_15G1300	513
SKDZ_15G1310	2043
SKDZ_15G1320	1218
SKDZ_15G1330	3093
SKDZ_15G1340	1779
SKDZ_15G1350	1629
SKDZ_15G1360	1206
SKDZ_15G1370	2151
SKDZ_15G1380	1350
SKDZ_15G1390	1656
SKDZ_15G1400	408
SKDZ_15G1410	1647
SKDZ_15G1420	405
SKDZ_15G1430	2049
SKDZ_15G1440	1104
SKDZ_15G1450	819
SKDZ_15G1460	633
SKDZ_15G1470	1029
SKDZ_15G1480	2334
SKDZ_15G1490	369
SKDZ_15G1500	4701
SKDZ_15G1510	1140
SKDZ_15G1520	954
SKDZ_15G1530	882
SKDZ_15G1540	2205
SKDZ_15G1550	1635
SKDZ_15G1560	1443
SKDZ_15G1570	774
SKDZ_15G1580	2844
SKDZ_15G1590	939
SKDZ_15G1600	1047
SKDZ_15G1610	1110
SKDZ_15G1630	1470
SKDZ_15G1640	750
SKDZ_15G1650	4182
SKDZ_15G1660	810
SKDZ_15G1670	2304
SKDZ_15G1680	624
SKDZ_15G1690	2337
SKDZ_15G1700	2508
SKDZ_15G1710	2193
SKDZ_15G1720	321
SKDZ_15G1730	273
SKDZ_15G1740	642
SKDZ_15G1750	2130
SKDZ_15G1760	1704
SKDZ_15G1780	1359
SKDZ_15G1790	1026
SKDZ_15G1800	1770
SKDZ_15G1810	870
SKDZ_15G1820	333
SKDZ_15G1830	1848
SKDZ_15G1840	210
SKDZ_15G1850	1326
SKDZ_15G1870	2112
SKDZ_15G1880	2226
SKDZ_15G1890	2367
SKDZ_15G1900	867
SKDZ_15G1910	1101
SKDZ_15G1920	2634
SKDZ_15G1930	777
SKDZ_15G1940	858
SKDZ_15G1950	1269
SKDZ_15G1960	1449
SKDZ_15G1970	321
SKDZ_15G1980	1449
SKDZ_15G1990	1335
SKDZ_15G2000	3045
SKDZ_15G2010	1065
SKDZ_15G2020	1239
SKDZ_15G2030	450
SKDZ_15G2050	1923
SKDZ_15G2060	1425
SKDZ_15G2070	1197
SKDZ_15G2080	2658
SKDZ_15G2090	807
SKDZ_15G2100	1353
SKDZ_15G2110	774
SKDZ_15G2120	1020
SKDZ_15G2130	807
SKDZ_15G2140	1164
SKDZ_15G2150	660
SKDZ_15G2160	930
SKDZ_15G2170	1902
SKDZ_15G2180	1734
SKDZ_15G2190	2043
SKDZ_15G2200	1920
SKDZ_15G2220	1743
SKDZ_15G2230	915
SKDZ_15G2250	1041
SKDZ_15G2260	2226
SKDZ_15G2270	708
SKDZ_15G2280	648
SKDZ_15G2290	942
SKDZ_15G2300	2226
SKDZ_15G2310	2232
SKDZ_15G2320	915
SKDZ_15G2330	1152
SKDZ_15G2340	1053
SKDZ_15G2350	3567
SKDZ_15G2360	2031
SKDZ_15G2370	630
SKDZ_15G2380	1722
SKDZ_15G2390	1038
SKDZ_15G2400	1848
SKDZ_15G2410	4947
SKDZ_15G2420	552
SKDZ_15G2430	777
SKDZ_15G2440	573
SKDZ_15G2450	519
SKDZ_15G2460	3279
SKDZ_15G2470	1182
SKDZ_15G2480	984
SKDZ_15G2490	942
SKDZ_15G2500	393
SKDZ_15G2520	846
SKDZ_15G2530	858
SKDZ_15G2540	1056
SKDZ_15G2550	1815
SKDZ_15G2560	3327
SKDZ_15G2570	1314
SKDZ_15G2580	699
SKDZ_15G2590	2298
SKDZ_15G2600	2757
SKDZ_15G2610	885
SKDZ_15G2620	807
SKDZ_15G2630	4383
SKDZ_15G2640	1305
SKDZ_15G2650	1704
SKDZ_15G2660	1458
SKDZ_15G2670	939
SKDZ_15G2680	381
SKDZ_15G2690	1473
SKDZ_15G2700	3837
SKDZ_15G2710	702
SKDZ_15G2720	717
SKDZ_15G2730	3039
SKDZ_15G2740	1716
SKDZ_15G2750	2703
SKDZ_15G2760	879
SKDZ_15G2770	657
SKDZ_15G2780	1638
SKDZ_15G2790	2529
SKDZ_15G2800	1218
SKDZ_15G2810	1110
SKDZ_15G2820	1878
SKDZ_15G2830	2037
SKDZ_15G2840	2247
SKDZ_15G2850	2652
SKDZ_15G2860	990
SKDZ_15G2870	960
SKDZ_15G2880	2376
SKDZ_15G2890	831
SKDZ_15G2910	1869
SKDZ_15G2920	567
SKDZ_15G2930	1542
SKDZ_15G2940	492
SKDZ_15G2950	3675
SKDZ_15G2960	777
SKDZ_15G2970	4539
SKDZ_15G2980	1767
SKDZ_15G2990	1353
SKDZ_15G3000	2172
SKDZ_15G3010	786
SKDZ_15G3020	951
SKDZ_15G3030	294
SKDZ_15G3040	2922
SKDZ_15G3050	1623
SKDZ_15G3080	2457
SKDZ_15G3090	567
SKDZ_15G3100	939
SKDZ_15G3110	2331
SKDZ_15G3120	1374
SKDZ_15G3130	204
SKDZ_15G3140	2430
SKDZ_15G3150	1887
SKDZ_15G3160	2373
SKDZ_15G3170	1062
SKDZ_15G3180	861
SKDZ_15G3190	1860
SKDZ_15G3200	1182
SKDZ_15G3230	1398
SKDZ_15G3240	2394
SKDZ_15G3250	564
SKDZ_15G3260	816
SKDZ_15G3270	1911
SKDZ_15G3280	192
SKDZ_15G3290	1188
SKDZ_15G3300	663
SKDZ_15G3310	435
SKDZ_15G3320	1314
SKDZ_15G3330	3453
SKDZ_15G3340	351
SKDZ_15G3350	1338
SKDZ_15G3360	4857
SKDZ_15G3370	1119
SKDZ_15G3380	846
SKDZ_15G3390	2490
SKDZ_15G3400	1260
SKDZ_15G3410	1263
SKDZ_15G3420	1413
SKDZ_15G3440	1236
SKDZ_15G3450	663
SKDZ_15G3460	1830
SKDZ_15G3470	1692
SKDZ_15G3480	2121
SKDZ_15G3490	3450
SKDZ_15G3500	2259
SKDZ_15G3510	1290
SKDZ_15G3520	213
SKDZ_15G3530	2706
SKDZ_15G3540	1278
SKDZ_15G3550	768
SKDZ_15G3560	711
SKDZ_15G3570	558
SKDZ_15G3580	1458
SKDZ_15G3590	2589
SKDZ_15G3600	2796
SKDZ_15G3610	798
SKDZ_15G3620	1083
SKDZ_15G3630	924
SKDZ_15G3640	882
SKDZ_15G3650	441
SKDZ_15G3660	471
SKDZ_15G3670	3738
SKDZ_15G3680	909
SKDZ_15G3690	1398
SKDZ_15G3700	1314
SKDZ_15G3710	1524
SKDZ_15G3720	687
SKDZ_15G3730	2424
SKDZ_15G3740	324
SKDZ_15G3750	636
SKDZ_15G3760	1305
SKDZ_15G3770	900
SKDZ_15G3780	1953
SKDZ_15G3790	1485
SKDZ_15G3800	1116
SKDZ_15G3810	2034
SKDZ_15G3820	1341
SKDZ_15G3830	1257
SKDZ_15G3840	981
SKDZ_15G3850	609
SKDZ_15G3870	2061
SKDZ_15G3880	1338
SKDZ_15G3890	915
SKDZ_15G3900	537
SKDZ_15G3910	531
SKDZ_15G3920	1998
SKDZ_15G3930	825
SKDZ_15G3940	2430
SKDZ_15G3950	486
SKDZ_15G3960	657
SKDZ_15G3970	1314
SKDZ_15G3980	1728
SKDZ_15G3990	1011
SKDZ_15G4000	1044
SKDZ_15G4010	1296
SKDZ_15G4020	321
SKDZ_15G4030	1269
SKDZ_15G4040	2112
SKDZ_15G4050	1485
SKDZ_15G4060	2526
SKDZ_15G4070	984
SKDZ_15G4080	1386
SKDZ_15G4090	1980
SKDZ_15G4100	1284
SKDZ_15G4110	1986
SKDZ_15G4120	492
SKDZ_15G4140	828
SKDZ_15G4150	939
SKDZ_15G4160	801
SKDZ_15G4170	858
SKDZ_15G4190	693
SKDZ_15G4200	762
SKDZ_15G4210	420
SKDZ_15G4220	450
SKDZ_15G4230	900
SKDZ_15G4240	966
SKDZ_15G4250	714
SKDZ_15G4260	5106
SKDZ_15G4270	4425
SKDZ_15G4280	930
SKDZ_15G4290	318
SKDZ_15G4300	612
SKDZ_15G4310	660
SKDZ_15G4320	3861
SKDZ_15G4330	579
SKDZ_15G4340	1440
SKDZ_15G4350	456
SKDZ_15G4360	2244
SKDZ_15G4370	1467
SKDZ_15G4380	78
SKDZ_15G4390	1236
SKDZ_15G4400	3369
SKDZ_15G4410	762
SKDZ_15G4420	1569
SKDZ_15G4430	1353
SKDZ_15G4440	1764
SKDZ_15G4460	1641
SKDZ_15G4470	870
SKDZ_15G4480	519
SKDZ_15G4490	1011
SKDZ_15G4510	1032
SKDZ_15G4520	1335
SKDZ_15G4530	2103
SKDZ_15G4540	642
SKDZ_15G4550	1473
SKDZ_15G4560	2262
SKDZ_15G4570	2454
SKDZ_15G4580	1371
SKDZ_15G4590	1803
SKDZ_15G4600	4725
SKDZ_15G4610	348
SKDZ_15G4620	4695
SKDZ_15G4630	2637
SKDZ_15G4640	3771
SKDZ_15G4660	702
SKDZ_15G4670	1413
SKDZ_15G4690	2877
SKDZ_15G4700	4098
SKDZ_15G4710	2280
SKDZ_15G4720	1104
SKDZ_15G4730	471
SKDZ_15G4740	981
SKDZ_15G4750	4998
SKDZ_15G4760	960
SKDZ_15G4770	882
SKDZ_15G4780	2961
SKDZ_15G4790	1521
SKDZ_15G4800	1881
SKDZ_15G4810	3054
SKDZ_15G4820	2001
SKDZ_15G4830	1497
SKDZ_15G4840	1029
SKDZ_15G4850	2397
SKDZ_15G4860	2103
SKDZ_15G4870	1584
SKDZ_15G4880	1896
SKDZ_15G4890	489
SKDZ_15G4900	714
SKDZ_15G4910	1593
SKDZ_15G4920	1581
SKDZ_15G4930	2190
SKDZ_15G4940	867
SKDZ_15G4950	1464
SKDZ_15G4960	3003
SKDZ_15G4970	2109
SKDZ_15G4980	603
SKDZ_15G4990	1206
SKDZ_15G5000	432
SKDZ_15G5010	1815
SKDZ_15G5020	2697
SKDZ_15G5030	1635
SKDZ_15G5040	2520
SKDZ_15G5050	1560
SKDZ_15G5060	1365
SKDZ_15G5070	1575
SKDZ_15G5080	1551
SKDZ_15G5100	1629
SKDZ_15G5110	2124
SKDZ_15G5120	459
SKDZ_15G5130	654
SKDZ_15G5140	2085
SKDZ_15G5150	852
SKDZ_15G5160	1698
SKDZ_15G5170	621
SKDZ_15G5180	1128
SKDZ_15G5190	1869
SKDZ_15G5200	1572
SKDZ_16G0010	1572
SKDZ_16G0020	1869
SKDZ_16G0030	1128
SKDZ_16G0040	1764
SKDZ_16G0050	978
SKDZ_16G0060	1548
SKDZ_16G0070	189
SKDZ_16G0080	2322
SKDZ_16G0090	1932
SKDZ_16G0100	2619
SKDZ_16G0110	633
SKDZ_16G0120	957
SKDZ_16G0130	1830
SKDZ_16G0140	1062
SKDZ_16G0150	1971
SKDZ_16G0160	1467
SKDZ_16G0170	1653
SKDZ_16G0180	1431
SKDZ_16G0190	1662
SKDZ_16G0200	1638
SKDZ_16G0210	1260
SKDZ_16G0220	1467
SKDZ_16G0230	1971
SKDZ_16G0240	516
SKDZ_16G0260	411
SKDZ_16G0270	303
SKDZ_16G0280	2865
SKDZ_16G0290	2727
SKDZ_16G0300	1569
SKDZ_16G0310	789
SKDZ_16G0320	1365
SKDZ_16G0330	1020
SKDZ_16G0340	1800
SKDZ_16G0350	4485
SKDZ_16G0360	309
SKDZ_16G0370	2133
SKDZ_16G0380	600
SKDZ_16G0400	858
SKDZ_16G0410	1095
SKDZ_16G0420	1416
SKDZ_16G0430	495
SKDZ_16G0440	657
SKDZ_16G0450	870
SKDZ_16G0460	5652
SKDZ_16G0470	1188
SKDZ_16G0480	600
SKDZ_16G0490	1623
SKDZ_16G0500	1011
SKDZ_16G0510	3540
SKDZ_16G0520	441
SKDZ_16G0530	1452
SKDZ_16G0540	501
SKDZ_16G0550	2067
SKDZ_16G0570	2370
SKDZ_16G0580	654
SKDZ_16G0590	1500
SKDZ_16G0600	573
SKDZ_16G0610	3543
SKDZ_16G0620	3279
SKDZ_16G0630	1005
SKDZ_16G0640	1623
SKDZ_16G0650	717
SKDZ_16G0660	1659
SKDZ_16G0670	546
SKDZ_16G0680	1923
SKDZ_16G0690	1104
SKDZ_16G0700	1752
SKDZ_16G0710	2433
SKDZ_16G0720	966
SKDZ_16G0730	1485
SKDZ_16G0740	1143
SKDZ_16G0750	1242
SKDZ_16G0760	1386
SKDZ_16G0770	471
SKDZ_16G0780	741
SKDZ_16G0790	735
SKDZ_16G0800	798
SKDZ_16G0810	2802
SKDZ_16G0820	1839
SKDZ_16G0830	1143
SKDZ_16G0840	405
SKDZ_16G0850	1083
SKDZ_16G0860	2376
SKDZ_16G0870	207
SKDZ_16G0880	1827
SKDZ_16G0890	1245
SKDZ_16G0900	531
SKDZ_16G0910	909
SKDZ_16G0920	1827
SKDZ_16G0930	282
SKDZ_16G0940	3042
SKDZ_16G0950	1518
SKDZ_16G0960	2403
SKDZ_16G0970	1653
SKDZ_16G0980	630
SKDZ_16G0990	888
SKDZ_16G1000	2352
SKDZ_16G1010	1338
SKDZ_16G1020	2616
SKDZ_16G1030	894
SKDZ_16G1040	1389
SKDZ_16G1050	459
SKDZ_16G1060	1800
SKDZ_16G1070	1296
SKDZ_16G1080	4521
SKDZ_16G1090	636
SKDZ_16G1100	1125
SKDZ_16G1110	2166
SKDZ_16G1120	768
SKDZ_16G1130	834
SKDZ_16G1140	1872
SKDZ_16G1150	3276
SKDZ_16G1160	768
SKDZ_16G1170	2190
SKDZ_16G1180	930
SKDZ_16G1190	864
SKDZ_16G1200	2121
SKDZ_16G1210	1218
SKDZ_16G1220	2484
SKDZ_16G1230	1077
SKDZ_16G1240	1356
SKDZ_16G1250	2775
SKDZ_16G1260	858
SKDZ_16G1270	570
SKDZ_16G1280	2613
SKDZ_16G1290	1359
SKDZ_16G1300	1305
SKDZ_16G1310	453
SKDZ_16G1320	324
SKDZ_16G1330	2598
SKDZ_16G1340	1542
SKDZ_16G1350	1386
SKDZ_16G1360	1062
SKDZ_16G1370	3834
SKDZ_16G1390	498
SKDZ_16G1410	930
SKDZ_16G1420	1350
SKDZ_16G1430	903
SKDZ_16G1440	891
SKDZ_16G145	735
SKDZ_16G1450	672
SKDZ_16G1460	1692
SKDZ_16G1470	789
SKDZ_16G1480	2691
SKDZ_16G1490	3099
SKDZ_16G1500	762
SKDZ_16G1510	1302
SKDZ_16G1520	1548
SKDZ_16G1530	657
SKDZ_16G1540	1665
SKDZ_16G1550	1860
SKDZ_16G1560	1035
SKDZ_16G1570	867
SKDZ_16G1580	2094
SKDZ_16G1590	3372
SKDZ_16G1600	1191
SKDZ_16G1620	1185
SKDZ_16G1630	1002
SKDZ_16G1640	3675
SKDZ_16G1650	1974
SKDZ_16G1660	501
SKDZ_16G1670	750
SKDZ_16G1680	2082
SKDZ_16G1690	2538
SKDZ_16G1700	1977
SKDZ_16G1710	1407
SKDZ_16G1720	1380
SKDZ_16G1730	1482
SKDZ_16G1740	546
SKDZ_16G1750	342
SKDZ_16G1760	1479
SKDZ_16G1770	207
SKDZ_16G1780	1092
SKDZ_16G1790	1371
SKDZ_16G1800	825
SKDZ_16G1810	1944
SKDZ_16G1820	1374
SKDZ_16G1830	1452
SKDZ_16G1840	711
SKDZ_16G1850	1965
SKDZ_16G1860	1029
SKDZ_16G1870	954
SKDZ_16G1880	1674
SKDZ_16G1890	6507
SKDZ_16G1900	2535
SKDZ_16G1910	1431
SKDZ_16G1920	5604
SKDZ_16G1925	585
SKDZ_16G1930	483
SKDZ_16G1940	735
SKDZ_16G1950	720
SKDZ_16G1960	846
SKDZ_16G1970	2355
SKDZ_16G1980	2265
SKDZ_16G1990	1512
SKDZ_16G2000	471
SKDZ_16G2010	1845
SKDZ_16G2020	1008
SKDZ_16G2030	879
SKDZ_16G2040	597
SKDZ_16G2050	1428
SKDZ_16G2060	723
SKDZ_16G2070	918
SKDZ_16G2080	1443
SKDZ_16G2090	1503
SKDZ_16G2100	1245
SKDZ_16G2110	450
SKDZ_16G2120	4536
SKDZ_16G2130	1155
SKDZ_16G2140	975
SKDZ_16G2150	903
SKDZ_16G2160	1341
SKDZ_16G2170	870
SKDZ_16G2180	597
SKDZ_16G2190	1188
SKDZ_16G2200	1326
SKDZ_16G2210	1200
SKDZ_16G2220	300
SKDZ_16G2230	312
SKDZ_16G2240	2397
SKDZ_16G2250	2043
SKDZ_16G2260	1665
SKDZ_16G2270	597
SKDZ_16G2280	3009
SKDZ_16G2290	948
SKDZ_16G2300	534
SKDZ_16G2310	474
SKDZ_16G2320	2844
SKDZ_16G2330	513
SKDZ_16G2340	837
SKDZ_16G2350	2454
SKDZ_16G2360	918
SKDZ_16G2370	1704
SKDZ_16G2380	2214
SKDZ_16G2390	1197
SKDZ_16G2400	738
SKDZ_16G2410	1428
SKDZ_16G2420	723
SKDZ_16G2430	1968
SKDZ_16G2440	3321
SKDZ_16G2450	561
SKDZ_16G2460	1875
SKDZ_16G2470	2514
SKDZ_16G2480	1113
SKDZ_16G2490	1497
SKDZ_16G2500	4026
SKDZ_16G2510	1110
SKDZ_16G2520	1140
SKDZ_16G2530	366
SKDZ_16G2540	3690
SKDZ_16G2550	1062
SKDZ_16G2560	570
SKDZ_16G2570	3141
SKDZ_16G2580	2586
SKDZ_16G2590	1767
SKDZ_16G2600	3510
SKDZ_16G2610	1815
SKDZ_16G2620	993
SKDZ_16G2630	1386
SKDZ_16G2640	702
SKDZ_16G2650	1125
SKDZ_16G2660	1449
SKDZ_16G2670	1551
SKDZ_16G2680	2238
SKDZ_16G2690	1029
SKDZ_16G2700	879
SKDZ_16G2710	1728
SKDZ_16G2720	2043
SKDZ_16G2730	2175
SKDZ_16G2740	810
SKDZ_16G2750	3612
SKDZ_16G2760	219
SKDZ_16G2770	981
SKDZ_16G2780	954
SKDZ_16G2790	750
SKDZ_16G2800	738
SKDZ_16G2810	438
SKDZ_16G2820	1794
SKDZ_16G2830	2802
SKDZ_16G2840	348
SKDZ_16G2850	2703
SKDZ_16G2860	3366
SKDZ_16G2870	1206
SKDZ_16G2880	2244
SKDZ_16G2890	1176
SKDZ_16G2900	3660
SKDZ_16G2910	834
SKDZ_16G2920	543
SKDZ_16G2930	2493
SKDZ_16G2940	3354
SKDZ_16G2950	2250
SKDZ_16G2960	3102
SKDZ_16G2970	1623
SKDZ_16G2980	1440
SKDZ_16G2990	1113
SKDZ_16G3000	1437
SKDZ_16G3010	198
SKDZ_16G3020	588
SKDZ_16G3030	1095
SKDZ_16G3040	1224
SKDZ_16G3050	3189
SKDZ_16G3060	279
SKDZ_16G3070	1413
SKDZ_16G3080	546
SKDZ_16G3090	1410
SKDZ_16G3100	1878
SKDZ_16G3110	3543
SKDZ_16G3130	528
SKDZ_16G3140	282
SKDZ_16G3150	1167
SKDZ_16G3160	3207
SKDZ_16G3170	1017
SKDZ_16G3180	1029
SKDZ_16G3190	921
SKDZ_16G3210	771
SKDZ_16G3220	906
SKDZ_16G3230	462
SKDZ_16G3240	405
SKDZ_16G3250	1125
SKDZ_16G3260	897
SKDZ_16G3270	561
SKDZ_16G3280	1416
SKDZ_16G3290	882
SKDZ_16G3300	1692
SKDZ_16G3305	612
SKDZ_16G3310	1683
SKDZ_16G3320	486
SKDZ_16G3330	2043
SKDZ_16G3350	1125
SKDZ_16G3370	1113
SKDZ_16G3380	1146
SKDZ_16G3390	1377
SKDZ_16G3400	1854
SKDZ_16G3410	432
SKDZ_16G3420	1740
SKDZ_16G3430	1368
SKDZ_16G3440	1332
SKDZ_16G3450	1038
SKDZ_16G3470	1620
SKDZ_16G3480	2667
SKDZ_16G3490	2307
SKDZ_16G3500	867
SKDZ_16G3510	324
SKDZ_16G3520	3687
SKDZ_16G3530	3216
SKDZ_16G3540	486
SKDZ_16G3550	423
SKDZ_16G3560	585
SKDZ_16G3570	525
SKDZ_16G3580	864
SKDZ_16G3590	2859
SKDZ_16G3600	2595
SKDZ_16G3610	1332
SKDZ_16G3620	627
SKDZ_16G3630	1290
SKDZ_16G3640	900
SKDZ_16G3650	1008
SKDZ_16G3660	1683
SKDZ_16G3670	2640
SKDZ_16G3680	663
SKDZ_16G3690	948
SKDZ_16G3700	3042
SKDZ_16G3710	330
SKDZ_16G3720	828
SKDZ_16G3730	7485
SKDZ_16G3740	1236
SKDZ_16G3750	1479
SKDZ_16G3760	1311
SKDZ_16G3770	3627
SKDZ_16G3790	1347
SKDZ_16G3800	1365
SKDZ_16G3820	1038
SKDZ_16G3830	990
SKDZ_16G3840	1038
SKDZ_16G3850	588
SKDZ_16G3860	438
SKDZ_16G3870	1239
SKDZ_16G3880	153
SKDZ_16G3890	801
SKDZ_16G3900	2790
SKDZ_16G3910	1722
SKDZ_16G3920	1470
SKDZ_16G3930	903
SKDZ_16G3940	1155
SKDZ_16G3950	2193
SKDZ_16G3960	738
SKDZ_16G3970	1653
SKDZ_16G3980	1719
SKDZ_16G3985	231
SKDZ_16G3990	915
SKDZ_16G4000	1263
SKDZ_16G4010	522
SKDZ_16G4020	648
SKDZ_16G4040	1353
SKDZ_16G4050	423
SKDZ_16G4060	627
SKDZ_16G4070	1851
SKDZ_16G4080	1869
SKDZ_16G4090	1404
SKDZ_16G4100	918
SKDZ_16G4110	2163
SKDZ_16G4120	2709
SKDZ_16G4130	1962
SKDZ_16G4140	1593
SKDZ_16G4150	1344
SKDZ_16G4160	4233
SKDZ_16G4170	630
SKDZ_16G4180	348
SKDZ_16G4190	786
SKDZ_16G4200	474
SKDZ_16G4210	1494
SKDZ_16G4220	393
SKDZ_16G4230	258
SKDZ_16G4250	1728
SKDZ_16G4260	603
SKDZ_16G4270	1314
SKDZ_16G4280	669
SKDZ_16G4290	2073
SKDZ_16G4300	978
SKDZ_16G4310	1398
SKDZ_16G4320	1968
SKDZ_16G4330	1047
SKDZ_16G4340	2307
SKDZ_16G4350	261
SKDZ_16G4360	804
SKDZ_16G4370	4602
SKDZ_16G4380	2154
SKDZ_16G4390	1254
SKDZ_16G4400	471
SKDZ_16G4410	492
SKDZ_16G4420	4278
SKDZ_16G4430	1968
SKDZ_16G4440	1107
SKDZ_16G4450	921
SKDZ_16G4460	468
SKDZ_16G4470	2634
SKDZ_16G4480	1422
SKDZ_16G4490	2115
SKDZ_16G4500	363
