KLMA_10001	555
KLMA_10002	19
KLMA_10003	6
KLMA_10004	371
KLMA_10005	174
KLMA_10006	26
KLMA_10007	86
KLMA_10008	40
KLMA_10009	66
KLMA_10010	152
KLMA_10011	139
KLMA_10012	45
KLMA_10013	13
KLMA_10014	7
KLMA_10015	29
KLMA_10016	30
KLMA_10017	29
KLMA_10018	83
KLMA_10019	1
KLMA_10020	714
KLMA_10021	452
KLMA_10022	917
KLMA_10023	312
KLMA_10024	1082
KLMA_10025	1395
KLMA_10026	214
KLMA_10027	3075
KLMA_10028	12
KLMA_10029	35
KLMA_10030	347
KLMA_10031	429
KLMA_10032	706
KLMA_10033	718
KLMA_10034	3471
KLMA_10035	34837
KLMA_10036	1123
KLMA_10037	58
KLMA_10038	601
KLMA_10039	567
KLMA_10040	50360
KLMA_10041	230
KLMA_10043	85
KLMA_10044	93
KLMA_10045	580
KLMA_10046	1218
KLMA_10047	1065
KLMA_10048	638
KLMA_10049	20339
KLMA_10050	1218
KLMA_10051	194
KLMA_10052	2042
KLMA_10053	461
KLMA_10054	2203
KLMA_10055	777
KLMA_10056	515
KLMA_10057	15339
KLMA_10058	7841
KLMA_10059	3083
KLMA_10060	147
KLMA_10061	140
KLMA_10062	1093
KLMA_10063	1320
KLMA_10064	3506
KLMA_10065	12409
KLMA_10066	515
KLMA_10067	8348
KLMA_10068	482
KLMA_10069	517
KLMA_10070	219
KLMA_10071	4176
KLMA_10072	6440
KLMA_10073	1008
KLMA_10074	421
KLMA_10075	345
KLMA_10076	712
KLMA_10077	1583
KLMA_10078	757
KLMA_10079	48401
KLMA_10080	602
KLMA_10081	767
KLMA_10082	641
KLMA_10083	34128
KLMA_10084	377
KLMA_10085	1153
KLMA_10086	30
KLMA_10088	523
KLMA_10089	1434
KLMA_10090	605
KLMA_10091	478
KLMA_10092	701
KLMA_10093	208
KLMA_10094	1935
KLMA_10095	385
KLMA_10096	848
KLMA_10097	2477
KLMA_10098	964
KLMA_10099	802
KLMA_10100	1376
KLMA_10101	636
KLMA_10102	363
KLMA_10103	937
KLMA_10104	888
KLMA_10106	807
KLMA_10107	3530
KLMA_10108	1696
KLMA_10109	668
KLMA_10110	1219
KLMA_10111	563
KLMA_10112	878
KLMA_10113	1931
KLMA_10114	1091
KLMA_10115	347
KLMA_10116	1181
KLMA_10117	389
KLMA_10118	1137
KLMA_10119	379
KLMA_10120	309
KLMA_10121	1313
KLMA_10122	1331
KLMA_10123	1686
KLMA_10124	426
KLMA_10125	1346
KLMA_10126	564
KLMA_10127	7104
KLMA_10128	147
KLMA_10129	723
KLMA_10130	1238
KLMA_10131	898
KLMA_10132	965
KLMA_10133	496
KLMA_10134	1606
KLMA_10135	174
KLMA_10136	1289
KLMA_10137	2891
KLMA_10138	1327
KLMA_10139	387
KLMA_10140	7857
KLMA_10141	1986
KLMA_10142	0
KLMA_10143	0
KLMA_10144	528
KLMA_10145	1420
KLMA_10146	193
KLMA_10147	378
KLMA_10148	654
KLMA_10149	713
KLMA_10150	522
KLMA_10151	761
KLMA_10152	914
KLMA_10153	622
KLMA_10155	1249
KLMA_10156	515
KLMA_10157	823
KLMA_10158	683
KLMA_10159	4816
KLMA_10160	1208
KLMA_10161	313
KLMA_10162	901
KLMA_10163	573
KLMA_10164	341
KLMA_10165	406
KLMA_10166	834
KLMA_10167	991
KLMA_10168	686
KLMA_10169	416
KLMA_10170	79
KLMA_10171	670
KLMA_10172	721
KLMA_10173	5662
KLMA_10174	376
KLMA_10175	972
KLMA_10176	2346
KLMA_10177	723
KLMA_10178	1706
KLMA_10179	27467
KLMA_10180	8663
KLMA_10181	2399
KLMA_10182	7433
KLMA_10183	918
KLMA_10184	372
KLMA_10185	2500
KLMA_10186	68
KLMA_10187	183
KLMA_10188	797
KLMA_10189	5503
KLMA_10190	538
KLMA_10191	1092
KLMA_10192	226
KLMA_10194	88
KLMA_10195	193
KLMA_10196	1692
KLMA_10197	1019
KLMA_10199	5329
KLMA_10201	415
KLMA_10202	473
KLMA_10203	1908
KLMA_10204	104
KLMA_10206	629
KLMA_10207	353
KLMA_10208	367
KLMA_10209	493
KLMA_10210	1097
KLMA_10211	999
KLMA_10212	645
KLMA_10213	192
KLMA_10214	43
KLMA_10215	279
KLMA_10216	1849
KLMA_10217	688
KLMA_10218	296
KLMA_10220	3745
KLMA_10221	181
KLMA_10222	420
KLMA_10223	536
KLMA_10224	1321
KLMA_10225	12954
KLMA_10226	292
KLMA_10227	4034
KLMA_10228	394
KLMA_10229	2848
KLMA_10231	185
KLMA_10232	996
KLMA_10233	783
KLMA_10234	1746
KLMA_10235	3569
KLMA_10236	947
KLMA_10237	36283
KLMA_10238	6731
KLMA_10239	2
KLMA_10240	1668
KLMA_10241	245
KLMA_10242	113
KLMA_10243	313
KLMA_10244	29080
KLMA_10245	3421
KLMA_10246	163
KLMA_10247	2249
KLMA_10248	1102
KLMA_10249	1171
KLMA_10250	2401
KLMA_10251	419
KLMA_10252	575
KLMA_10253	6032
KLMA_10255	503
KLMA_10256	140
KLMA_10257	1063
KLMA_10258	296
KLMA_10259	2716
KLMA_10260	11802
KLMA_10261	568
KLMA_10262	171
KLMA_10263	696
KLMA_10265	328
KLMA_10266	494
KLMA_10267	2643
KLMA_10268	2248
KLMA_10269	1405
KLMA_10270	658
KLMA_10271	689
KLMA_10272	2678
KLMA_10273	593
KLMA_10274	892
KLMA_10275	949
KLMA_10276	424
KLMA_10277	552
KLMA_10278	371
KLMA_10279	1097
KLMA_10280	630
KLMA_10281	165
KLMA_10282	439
KLMA_10283	346
KLMA_10284	173
KLMA_10285	342
KLMA_10286	3425
KLMA_10289	214
KLMA_10290	1753
KLMA_10292	2675
KLMA_10293	450
KLMA_10294	8268
KLMA_10295	466
KLMA_10296	32714
KLMA_10297	152
KLMA_10298	189
KLMA_10299	219
KLMA_10300	1097
KLMA_10301	362
KLMA_10302	371
KLMA_10303	276
KLMA_10304	523
KLMA_10305	6091
KLMA_10306	966
KLMA_10307	541
KLMA_10308	174
KLMA_10309	139
KLMA_10310	622
KLMA_10311	531
KLMA_10312	317
KLMA_10313	1301
KLMA_10314	1280
KLMA_10315	397
KLMA_10316	212
KLMA_10317	8027
KLMA_10318	1360
KLMA_10319	346
KLMA_10320	4119
KLMA_10321	282
KLMA_10322	2615
KLMA_10323	258
KLMA_10324	505
KLMA_10325	165
KLMA_10326	357
KLMA_10327	280
KLMA_10328	186
KLMA_10329	652
KLMA_10330	804
KLMA_10331	3492
KLMA_10332	689
KLMA_10333	1682
KLMA_10334	291
KLMA_10336	3321
KLMA_10338	193
KLMA_10339	4532
KLMA_10341	85832
KLMA_10342	850
KLMA_10343	271
KLMA_10344	179
KLMA_10345	243
KLMA_10346	11
KLMA_10347	802
KLMA_10348	38045
KLMA_10349	214
KLMA_10350	611
KLMA_10351	898
KLMA_10352	653
KLMA_10353	1062
KLMA_10355	781
KLMA_10356	1501
KLMA_10357	544
KLMA_10358	866
KLMA_10359	1565
KLMA_10360	1001
KLMA_10361	479
KLMA_10362	91
KLMA_10363	1217
KLMA_10364	1526
KLMA_10365	1309
KLMA_10366	260
KLMA_10367	224
KLMA_10368	6390
KLMA_10369	756
KLMA_10370	315
KLMA_10371	3477
KLMA_10372	1018
KLMA_10373	534
KLMA_10374	697
KLMA_10375	1117
KLMA_10376	57333
KLMA_10378	2277
KLMA_10379	1368
KLMA_10380	1880
KLMA_10381	465
KLMA_10382	301
KLMA_10383	822
KLMA_10384	1274
KLMA_10385	1036
KLMA_10386	221
KLMA_10387	212
KLMA_10388	999
KLMA_10389	9281
KLMA_10390	2392
KLMA_10391	417
KLMA_10392	574
KLMA_10393	72
KLMA_10394	117
KLMA_10395	365
KLMA_10396	274
KLMA_10397	258
KLMA_10398	94
KLMA_10399	409
KLMA_10400	1414
KLMA_10401	41
KLMA_10402	790
KLMA_10403	684
KLMA_10404	886
KLMA_10405	341
KLMA_10406	302
KLMA_10407	67
KLMA_10408	428
KLMA_10409	349
KLMA_10410	970
KLMA_10411	48
KLMA_10412	2256
KLMA_10413	527
KLMA_10414	384
KLMA_10415	250
KLMA_10416	119
KLMA_10417	1216
KLMA_10418	462
KLMA_10419	2219
KLMA_10420	618
KLMA_10421	430
KLMA_10422	529
KLMA_10423	0
KLMA_10424	7790
KLMA_10425	746
KLMA_10426	290
KLMA_10427	184
KLMA_10428	2104
KLMA_10429	2058
KLMA_10430	125
KLMA_10431	3724
KLMA_10432	311
KLMA_10433	4051
KLMA_10434	4260
KLMA_10435	2443
KLMA_10436	2777
KLMA_10437	4226
KLMA_10438	1639
KLMA_10439	330
KLMA_10440	1684
KLMA_10441	1745
KLMA_10442	2194
KLMA_10443	65
KLMA_10444	1911
KLMA_10445	341
KLMA_10446	2908
KLMA_10448	3138
KLMA_10449	451
KLMA_10450	206
KLMA_10451	704
KLMA_10452	231
KLMA_10453	616
KLMA_10454	856
KLMA_10456	145
KLMA_10457	51885
KLMA_10458	231243
KLMA_10459	1954
KLMA_10460	486
KLMA_10461	161
KLMA_10462	735539
KLMA_10463	376
KLMA_10464	101
KLMA_10465	533
KLMA_10466	1297
KLMA_10467	73
KLMA_10468	36087
KLMA_10469	71
KLMA_10471	238
KLMA_10472	6
KLMA_10473	214
KLMA_10475	4044
KLMA_10476	559
KLMA_10477	519
KLMA_10478	770
KLMA_10479	246
KLMA_10480	1659
KLMA_10481	151
KLMA_10482	831
KLMA_10483	8478
KLMA_10484	720
KLMA_10486	356
KLMA_10487	4704
KLMA_10488	626
KLMA_10489	795
KLMA_10491	3372
KLMA_10493	486
KLMA_10494	307
KLMA_10495	639
KLMA_10496	182
KLMA_10497	819
KLMA_10498	2848
KLMA_10499	11286
KLMA_10500	2015
KLMA_10501	497
KLMA_10502	356
KLMA_10503	1135
KLMA_10504	83
KLMA_10505	5553
KLMA_10506	843
KLMA_10507	1293
KLMA_10508	794
KLMA_10509	67
KLMA_10510	387
KLMA_10511	476
KLMA_10512	401
KLMA_10513	1481
KLMA_10514	15255
KLMA_10515	177
KLMA_10516	224
KLMA_10517	1478
KLMA_10518	3095
KLMA_10519	168
KLMA_10520	113
KLMA_10521	6
KLMA_10522	2114
KLMA_10523	109
KLMA_10524	8694
KLMA_10525	92
KLMA_10526	98
KLMA_10527	402
KLMA_10528	178
KLMA_10529	4
KLMA_10530	1136
KLMA_10531	2379
KLMA_10532	1662
KLMA_10533	783
KLMA_10534	1455
KLMA_10535	549
KLMA_10536	247
KLMA_10537	977
KLMA_10538	0
KLMA_10539	3269
KLMA_10540	894851
KLMA_10541	277
KLMA_10542	13
KLMA_10543	113
KLMA_10544	107
KLMA_10545	4
KLMA_10546	15
KLMA_10547	29
KLMA_10548	2804
KLMA_10549	175
KLMA_10550	3227
KLMA_10551	85
KLMA_10552	382
KLMA_10553	2006
KLMA_10554	24
KLMA_10555	4
KLMA_10556	1193
KLMA_10557	392
KLMA_10558	355
KLMA_10559	493
KLMA_10560	1314
KLMA_10561	15863
KLMA_10562	279
KLMA_10563	485
KLMA_10564	305
KLMA_10565	850
KLMA_10566	416
KLMA_10567	102
KLMA_10568	472
KLMA_10569	1585
KLMA_10570	131
KLMA_10571	462
KLMA_10572	9227
KLMA_10573	1200
KLMA_10574	610
KLMA_10575	642
KLMA_10576	1092
KLMA_10577	33734
KLMA_10578	775
KLMA_10579	980
KLMA_10580	331
KLMA_10581	1561
KLMA_10582	1111
KLMA_10583	623
KLMA_10584	473
KLMA_10585	1417
KLMA_10586	286
KLMA_10587	4495
KLMA_10588	1368
KLMA_10589	168
KLMA_10590	343
KLMA_10591	233
KLMA_10592	599
KLMA_10593	2469
KLMA_10594	1195
KLMA_10595	1251
KLMA_10596	31
KLMA_10597	1147
KLMA_10598	22
KLMA_10599	3276
KLMA_10600	332
KLMA_10601	112
KLMA_10602	129
KLMA_10603	141
KLMA_10604	3923
KLMA_10605	546
KLMA_10606	974
KLMA_10607	2735
KLMA_10608	293
KLMA_10609	2727
KLMA_10610	3489
KLMA_10611	97
KLMA_10612	8104
KLMA_10613	320
KLMA_10614	597
KLMA_10615	723
KLMA_10616	2344
KLMA_10617	914
KLMA_10618	1198
KLMA_10619	687
KLMA_10620	1135
KLMA_10621	1296
KLMA_10622	319
KLMA_10623	807
KLMA_10624	214
KLMA_10625	310
KLMA_10626	214
KLMA_10627	348
KLMA_10628	1484
KLMA_10629	2199
KLMA_10630	1255
KLMA_10631	1613
KLMA_10632	0
KLMA_10633	1832
KLMA_10634	403
KLMA_10635	174
KLMA_10636	722
KLMA_10637	5
KLMA_10638	1391
KLMA_10639	711
KLMA_10640	206
KLMA_10641	2520
KLMA_10642	2122
KLMA_10643	2402
KLMA_10645	1063
KLMA_10646	471
KLMA_10647	15
KLMA_10648	2171
KLMA_10649	195
KLMA_10650	61
KLMA_10651	424
KLMA_10652	44838
KLMA_10653	721
KLMA_10654	147
KLMA_10655	227
KLMA_10656	773
KLMA_10657	152
KLMA_10658	626
KLMA_10659	14241
KLMA_10660	2665
KLMA_10661	1662
KLMA_10662	546
KLMA_10663	1823
KLMA_10664	850
KLMA_10666	79
KLMA_10667	313
KLMA_10668	343
KLMA_10669	694
KLMA_10670	12760
KLMA_10671	4511
KLMA_10672	834
KLMA_10673	418
KLMA_10674	1089
KLMA_10675	388
KLMA_10676	303
KLMA_10677	17459
KLMA_10678	1896
KLMA_10679	562
KLMA_10680	2278
KLMA_10681	3764
KLMA_10682	9287
KLMA_10683	5065
KLMA_10684	1340
KLMA_10685	1371
KLMA_10686	942
KLMA_10687	234
KLMA_10688	357
KLMA_10689	845
KLMA_10690	452
KLMA_10691	161
KLMA_10692	603
KLMA_10693	520
KLMA_10694	1307
KLMA_10695	8428
KLMA_10696	1209
KLMA_10697	260
KLMA_10698	12261
KLMA_10699	535
KLMA_10700	57088
KLMA_10701	60555
KLMA_10702	25615
KLMA_10703	2094
KLMA_10704	254
KLMA_10705	915
KLMA_10706	2043
KLMA_10707	1693
KLMA_10708	16060
KLMA_10709	824
KLMA_10710	7306
KLMA_10711	498
KLMA_10712	7114
KLMA_10713	1050
KLMA_10714	530
KLMA_10715	117
KLMA_10716	522
KLMA_10717	10603
KLMA_10718	1256
KLMA_10719	531
KLMA_10720	290
KLMA_10721	2365
KLMA_10722	134
KLMA_10723	3457
KLMA_10724	158
KLMA_10725	158
KLMA_10726	473
KLMA_10727	483
KLMA_10728	304
KLMA_10729	1580
KLMA_10730	304
KLMA_10731	1348
KLMA_10732	1046
KLMA_10733	619
KLMA_10734	1582
KLMA_10735	2717
KLMA_10736	407
KLMA_10737	603
KLMA_10738	2249
KLMA_10739	2562
KLMA_10740	233
KLMA_10741	72
KLMA_10742	3160
KLMA_10743	671
KLMA_10744	1949
KLMA_10745	585
KLMA_10746	593
KLMA_10747	568
KLMA_10748	999
KLMA_10749	1701
KLMA_10750	211
KLMA_10751	449
KLMA_10752	380
KLMA_10753	691
KLMA_10754	256
KLMA_10755	1038
KLMA_10756	925
KLMA_10757	114
KLMA_10758	5990
KLMA_10759	0
KLMA_10760	11
KLMA_10761	1487
KLMA_10762	717
KLMA_10763	89343
KLMA_10764	643
KLMA_10765	7328
KLMA_10766	473
KLMA_10767	584
KLMA_10768	481
KLMA_10769	42994
KLMA_10770	58123
KLMA_10771	427
KLMA_10772	3059
KLMA_10773	84
KLMA_10774	800
KLMA_10775	61
KLMA_10776	374
KLMA_10777	946
KLMA_10778	860
KLMA_10779	3059
KLMA_10780	642
KLMA_10781	109
KLMA_10782	104
KLMA_10783	246
KLMA_10784	818
KLMA_10786	69940
KLMA_10787	1887
KLMA_10788	706
KLMA_10789	466
KLMA_10791	1791
KLMA_10793	1463
KLMA_10794	682
KLMA_10795	9103
KLMA_10796	870
KLMA_10797	395
KLMA_10798	595
KLMA_10799	492
KLMA_10800	727
KLMA_10802	398
KLMA_10803	148
KLMA_10804	394
KLMA_10805	1052
KLMA_10806	49
KLMA_10807	436
KLMA_10808	319
KLMA_10809	1781
KLMA_10810	1769
KLMA_10811	1842
KLMA_10812	1153
KLMA_10813	9234
KLMA_10814	386
KLMA_10815	169
KLMA_10816	122
KLMA_10817	140
KLMA_10818	134
KLMA_10819	648
KLMA_10820	651
KLMA_10821	1381
KLMA_10822	493
KLMA_10824	432
KLMA_10826	468
KLMA_10827	747
KLMA_10828	362
KLMA_10829	3567
KLMA_10830	1418
KLMA_10831	836
KLMA_10832	23955
KLMA_10833	9507
KLMA_10834	174
KLMA_10835	164
KLMA_10836	225
KLMA_10837	0
KLMA_10838	336
KLMA_20001	0
KLMA_20002	548
KLMA_20003	140
KLMA_20004	1762
KLMA_20005	148
KLMA_20006	116
KLMA_20007	68
KLMA_20008	117
KLMA_20009	198
KLMA_20010	260
KLMA_20011	48
KLMA_20012	66
KLMA_20013	159
KLMA_20014	2093
KLMA_20015	193
KLMA_20016	1246
KLMA_20017	503
KLMA_20018	239
KLMA_20019	298
KLMA_20020	735
KLMA_20021	1744
KLMA_20022	600
KLMA_20023	6683
KLMA_20024	746
KLMA_20025	1358
KLMA_20026	2225
KLMA_20027	6
KLMA_20028	438
KLMA_20029	684
KLMA_20030	540
KLMA_20031	706
KLMA_20032	176
KLMA_20033	1589
KLMA_20035	609
KLMA_20036	239
KLMA_20037	404
KLMA_20038	209
KLMA_20039	54
KLMA_20040	910
KLMA_20041	80
KLMA_20042	4108
KLMA_20043	157
KLMA_20044	71
KLMA_20045	981
KLMA_20046	3068
KLMA_20047	189
KLMA_20048	530
KLMA_20049	2527
KLMA_20050	282
KLMA_20051	137
KLMA_20052	516
KLMA_20053	35730
KLMA_20054	54333
KLMA_20055	49
KLMA_20056	236
KLMA_20057	260
KLMA_20058	25
KLMA_20059	1350
KLMA_20060	538
KLMA_20061	904
KLMA_20062	863
KLMA_20063	2542
KLMA_20064	39
KLMA_20065	16
KLMA_20067	220
KLMA_20068	1887
KLMA_20069	895
KLMA_20070	239
KLMA_20071	736
KLMA_20072	590
KLMA_20073	499
KLMA_20074	8301
KLMA_20075	7300
KLMA_20076	85
KLMA_20077	492
KLMA_20078	1664
KLMA_20079	1157
KLMA_20080	181
KLMA_20081	1148
KLMA_20082	798
KLMA_20083	303
KLMA_20084	3283
KLMA_20085	1609
KLMA_20086	3023
KLMA_20087	267
KLMA_20088	881
KLMA_20089	148
KLMA_20090	309
KLMA_20091	24588
KLMA_20092	135
KLMA_20093	2278
KLMA_20094	1358
KLMA_20095	2497
KLMA_20096	544
KLMA_20097	177
KLMA_20098	610257
KLMA_20099	238
KLMA_20100	6171
KLMA_20101	86
KLMA_20102	1509
KLMA_20103	7
KLMA_20104	63
KLMA_20105	4410
KLMA_20106	4702
KLMA_20107	176
KLMA_20108	836
KLMA_20109	2888
KLMA_20110	597
KLMA_20111	661
KLMA_20112	1609
KLMA_20113	607
KLMA_20114	2097
KLMA_20115	273
KLMA_20116	1087
KLMA_20117	111
KLMA_20118	309
KLMA_20119	122
KLMA_20120	155
KLMA_20121	1380
KLMA_20122	763
KLMA_20123	567
KLMA_20124	24
KLMA_20125	334
KLMA_20126	244
KLMA_20128	104
KLMA_20129	489
KLMA_20130	1054
KLMA_20131	2261
KLMA_20132	20813
KLMA_20133	267
KLMA_20135	1050
KLMA_20136	102
KLMA_20137	562
KLMA_20138	329
KLMA_20139	85
KLMA_20140	46
KLMA_20141	342
KLMA_20143	508
KLMA_20144	537
KLMA_20145	193
KLMA_20146	191
KLMA_20147	509
KLMA_20148	1510
KLMA_20149	947
KLMA_20150	1268
KLMA_20151	131
KLMA_20152	393
KLMA_20153	246
KLMA_20154	1616
KLMA_20155	4965
KLMA_20156	1603
KLMA_20157	736
KLMA_20158	3971
KLMA_20159	218
KLMA_20160	163
KLMA_20161	778
KLMA_20162	554
KLMA_20163	295
KLMA_20164	91
KLMA_20165	19314
KLMA_20166	746
KLMA_20168	7252
KLMA_20169	13692
KLMA_20170	609
KLMA_20171	96
KLMA_20172	4415
KLMA_20173	590
KLMA_20174	61
KLMA_20175	409
KLMA_20176	150
KLMA_20177	652
KLMA_20178	127
KLMA_20179	325
KLMA_20180	644
KLMA_20181	944
KLMA_20182	1717
KLMA_20183	1513
KLMA_20184	758
KLMA_20185	29
KLMA_20186	970
KLMA_20187	694
KLMA_20188	1436
KLMA_20189	685
KLMA_20190	522
KLMA_20191	715
KLMA_20192	437
KLMA_20193	15
KLMA_20194	264
KLMA_20195	140
KLMA_20196	1364
KLMA_20199	135
KLMA_20200	64
KLMA_20201	510
KLMA_20202	522
KLMA_20203	8
KLMA_20204	331
KLMA_20205	224
KLMA_20206	725
KLMA_20207	656
KLMA_20208	2109
KLMA_20209	470
KLMA_20210	234
KLMA_20211	245
KLMA_20212	74
KLMA_20213	343
KLMA_20214	618
KLMA_20215	207
KLMA_20216	310
KLMA_20217	398
KLMA_20218	759
KLMA_20219	158
KLMA_20220	53
KLMA_20221	169
KLMA_20222	829
KLMA_20223	989
KLMA_20224	218
KLMA_20225	1992
KLMA_20226	304
KLMA_20227	378
KLMA_20228	467
KLMA_20229	227
KLMA_20230	1822
KLMA_20231	66
KLMA_20232	3283
KLMA_20233	246
KLMA_20234	433
KLMA_20235	469
KLMA_20236	776
KLMA_20237	401
KLMA_20238	515
KLMA_20239	16224
KLMA_20240	1483
KLMA_20241	369
KLMA_20242	5719
KLMA_20243	575
KLMA_20244	133
KLMA_20246	4494
KLMA_20247	4090
KLMA_20248	222
KLMA_20249	253
KLMA_20250	10443
KLMA_20251	717
KLMA_20252	354
KLMA_20253	2252
KLMA_20254	497
KLMA_20256	320
KLMA_20258	77
KLMA_20259	3788
KLMA_20260	520
KLMA_20261	4
KLMA_20262	2011
KLMA_20263	17
KLMA_20264	10221
KLMA_20265	2733
KLMA_20266	118
KLMA_20267	750
KLMA_20268	40819
KLMA_20269	760
KLMA_20270	430
KLMA_20271	266
KLMA_20272	846
KLMA_20273	123
KLMA_20274	229
KLMA_20275	412
KLMA_20276	687
KLMA_20277	226
KLMA_20278	5607
KLMA_20279	452
KLMA_20280	376
KLMA_20281	642
KLMA_20282	2406
KLMA_20283	50
KLMA_20284	53
KLMA_20285	617
KLMA_20286	1327
KLMA_20287	215
KLMA_20288	13061
KLMA_20289	570
KLMA_20290	2832
KLMA_20291	397
KLMA_20292	291
KLMA_20293	866
KLMA_20294	1854
KLMA_20295	629
KLMA_20296	7
KLMA_20297	361
KLMA_20298	33
KLMA_20299	10907
KLMA_20300	1666
KLMA_20301	862
KLMA_20302	865
KLMA_20303	38956
KLMA_20304	245
KLMA_20305	12584
KLMA_20306	1100
KLMA_20307	578
KLMA_20308	44479
KLMA_20309	1581
KLMA_20310	597
KLMA_20311	381
KLMA_20312	307
KLMA_20313	38
KLMA_20314	1527
KLMA_20315	224
KLMA_20316	312
KLMA_20317	105
KLMA_20318	62760
KLMA_20319	1786
KLMA_20320	5500
KLMA_20322	638
KLMA_20323	912
KLMA_20324	2006
KLMA_20326	1377
KLMA_20327	91
KLMA_20328	61
KLMA_20329	458
KLMA_20330	3715
KLMA_20331	240
KLMA_20332	1443
KLMA_20333	216
KLMA_20334	22
KLMA_20335	421
KLMA_20336	3392
KLMA_20337	1631
KLMA_20338	169
KLMA_20339	54197
KLMA_20340	2831
KLMA_20341	892
KLMA_20342	1455
KLMA_20343	4759
KLMA_20344	362
KLMA_20345	947
KLMA_20346	2379
KLMA_20347	521
KLMA_20348	561
KLMA_20349	785
KLMA_20350	775
KLMA_20351	392
KLMA_20352	105
KLMA_20353	1055
KLMA_20354	29723
KLMA_20355	32797
KLMA_20356	44434
KLMA_20357	1915
KLMA_20359	465
KLMA_20360	502
KLMA_20361	545
KLMA_20362	254
KLMA_20363	492
KLMA_20364	3889
KLMA_20365	626
KLMA_20366	264
KLMA_20367	1095
KLMA_20368	1
KLMA_20369	2120
KLMA_20370	660
KLMA_20371	0
KLMA_20372	588
KLMA_20373	713
KLMA_20374	395
KLMA_20375	1517
KLMA_20376	6543
KLMA_20377	2901
KLMA_20379	349
KLMA_20380	9
KLMA_20381	36
KLMA_20382	1898
KLMA_20383	80
KLMA_20384	7
KLMA_20385	265
KLMA_20386	2385
KLMA_20387	712
KLMA_20388	609
KLMA_20389	225
KLMA_20390	602
KLMA_20391	1254
KLMA_20392	2389
KLMA_20393	4369
KLMA_20394	8175
KLMA_20395	525
KLMA_20396	101
KLMA_20397	438
KLMA_20398	229
KLMA_20399	603
KLMA_20400	754
KLMA_20401	1037
KLMA_20402	73
KLMA_20403	41981
KLMA_20404	538
KLMA_20405	624
KLMA_20406	725
KLMA_20407	1086
KLMA_20408	2185
KLMA_20409	493
KLMA_20410	501
KLMA_20411	817
KLMA_20412	498
KLMA_20413	2717
KLMA_20414	3339
KLMA_20415	477
KLMA_20416	26
KLMA_20417	1939
KLMA_20418	2193
KLMA_20419	2347
KLMA_20422	316
KLMA_20423	1014
KLMA_20424	2797
KLMA_20425	982
KLMA_20426	288
KLMA_20427	11440
KLMA_20428	319
KLMA_20429	2839
KLMA_20430	172
KLMA_20431	416
KLMA_20432	503
KLMA_20433	1089
KLMA_20434	976
KLMA_20435	347
KLMA_20436	97
KLMA_20437	305
KLMA_20439	193
KLMA_20440	3361
KLMA_20441	2044
KLMA_20442	4669
KLMA_20443	608
KLMA_20444	452
KLMA_20445	524
KLMA_20446	106
KLMA_20447	396
KLMA_20448	717
KLMA_20449	2307
KLMA_20450	5189
KLMA_20451	218
KLMA_20452	752
KLMA_20453	320
KLMA_20454	1369
KLMA_20455	748
KLMA_20456	1786
KLMA_20457	2856
KLMA_20458	12
KLMA_20459	7916
KLMA_20460	64
KLMA_20461	2656
KLMA_20462	140
KLMA_20463	174
KLMA_20464	2190
KLMA_20465	1762
KLMA_20466	5003
KLMA_20467	395
KLMA_20468	5623
KLMA_20469	1017
KLMA_20470	346
KLMA_20471	1305
KLMA_20472	663
KLMA_20473	1220
KLMA_20474	619
KLMA_20475	958
KLMA_20476	244
KLMA_20477	581
KLMA_20478	3783
KLMA_20479	822
KLMA_20480	659
KLMA_20481	555
KLMA_20482	886
KLMA_20483	1381
KLMA_20484	1002
KLMA_20485	488
KLMA_20486	309
KLMA_20487	781
KLMA_20488	2181
KLMA_20489	355
KLMA_20490	487
KLMA_20491	10267
KLMA_20492	68858
KLMA_20493	6621
KLMA_20494	404
KLMA_20495	23633
KLMA_20496	531
KLMA_20497	830
KLMA_20498	5041
KLMA_20499	672
KLMA_20500	1049
KLMA_20501	367
KLMA_20502	553
KLMA_20503	248
KLMA_20504	551
KLMA_20505	1047
KLMA_20506	540
KLMA_20507	481
KLMA_20508	544
KLMA_20509	111
KLMA_20510	2376
KLMA_20511	985
KLMA_20512	679
KLMA_20513	4635
KLMA_20514	10986
KLMA_20515	831
KLMA_20516	321
KLMA_20517	7869
KLMA_20518	1371
KLMA_20519	936
KLMA_20520	19
KLMA_20521	2578
KLMA_20522	226
KLMA_20523	133
KLMA_20524	1588
KLMA_20525	2710
KLMA_20526	3880
KLMA_20527	3897
KLMA_20528	3570
KLMA_20529	120
KLMA_20530	1926
KLMA_20531	436
KLMA_20532	363
KLMA_20533	1977
KLMA_20534	2691
KLMA_20535	271
KLMA_20536	659
KLMA_20537	169
KLMA_20538	490
KLMA_20539	290
KLMA_20540	1696
KLMA_20541	210
KLMA_20542	2657
KLMA_20543	983
KLMA_20544	2517
KLMA_20545	619
KLMA_20546	415
KLMA_20547	17
KLMA_20548	412
KLMA_20549	2345
KLMA_20550	866
KLMA_20551	30752
KLMA_20552	191
KLMA_20553	2466
KLMA_20554	748
KLMA_20555	2279
KLMA_20556	1052
KLMA_20557	786
KLMA_20558	46512
KLMA_20559	361
KLMA_20560	651
KLMA_20561	2425
KLMA_20562	342
KLMA_20564	332
KLMA_20565	1238
KLMA_20566	860
KLMA_20567	327
KLMA_20568	2366
KLMA_20571	2349
KLMA_20572	1570
KLMA_20573	1337
KLMA_20574	393
KLMA_20575	3554
KLMA_20577	1370
KLMA_20578	369
KLMA_20579	3441
KLMA_20580	175
KLMA_20581	159
KLMA_20582	88927
KLMA_20584	1647
KLMA_20585	332
KLMA_20586	102
KLMA_20587	2443
KLMA_20588	210
KLMA_20590	51138
KLMA_20591	329
KLMA_20592	780
KLMA_20593	457
KLMA_20594	11991
KLMA_20596	557
KLMA_20597	779
KLMA_20598	5055
KLMA_20599	398
KLMA_20600	372
KLMA_20601	883
KLMA_20602	806
KLMA_20603	278
KLMA_20604	579
KLMA_20605	344
KLMA_20606	134
KLMA_20607	53
KLMA_20608	1306
KLMA_20609	812
KLMA_20610	1337
KLMA_20611	2260
KLMA_20612	52
KLMA_20613	2036
KLMA_20614	9211
KLMA_20615	1610
KLMA_20616	388
KLMA_20617	857
KLMA_20618	676
KLMA_20619	4256
KLMA_20620	1164
KLMA_20621	279
KLMA_20622	355
KLMA_20623	470
KLMA_20624	512
KLMA_20625	10343
KLMA_20626	106
KLMA_20627	341
KLMA_20628	1256
KLMA_20629	1507
KLMA_20630	214
KLMA_20631	2503
KLMA_20632	329
KLMA_20633	2
KLMA_20634	490
KLMA_20635	733
KLMA_20636	1244
KLMA_20637	432
KLMA_20638	83
KLMA_20639	18
KLMA_20640	579
KLMA_20641	561
KLMA_20642	349
KLMA_20643	828
KLMA_20644	655
KLMA_20645	966
KLMA_20646	286
KLMA_20647	445
KLMA_20648	318
KLMA_20649	81
KLMA_20650	5149
KLMA_20651	2644
KLMA_20652	589
KLMA_20653	436
KLMA_20654	217
KLMA_20655	369
KLMA_20656	3154
KLMA_20657	4463
KLMA_20658	161
KLMA_20659	215
KLMA_20660	185
KLMA_20661	3033
KLMA_20662	451
KLMA_20663	727
KLMA_20664	96
KLMA_20665	313
KLMA_20666	1247
KLMA_20667	3690
KLMA_20668	462
KLMA_20669	80
KLMA_20670	978
KLMA_20671	1495
KLMA_20672	127
KLMA_20673	478
KLMA_20674	242
KLMA_20675	149
KLMA_20676	480
KLMA_20677	192
KLMA_20678	214
KLMA_20679	1349
KLMA_20680	410
KLMA_20681	1257
KLMA_20682	895
KLMA_20683	474
KLMA_20684	103
KLMA_20685	432
KLMA_20686	156
KLMA_20687	354
KLMA_20688	477
KLMA_20689	914
KLMA_20690	498
KLMA_20691	3467
KLMA_20692	79
KLMA_20693	335
KLMA_20694	512
KLMA_20695	280
KLMA_20696	149
KLMA_20697	101
KLMA_20698	1259
KLMA_20699	1934
KLMA_20700	952
KLMA_20701	1312
KLMA_20702	398
KLMA_20703	549
KLMA_20704	190
KLMA_20705	14
KLMA_20706	3157
KLMA_20707	1317
KLMA_20708	6529
KLMA_20709	321
KLMA_20710	700
KLMA_20711	70
KLMA_20712	965
KLMA_20713	1209
KLMA_20714	2177
KLMA_20715	209
KLMA_20716	20
KLMA_20717	7541
KLMA_20720	335
KLMA_20721	444
KLMA_20722	9186
KLMA_20723	76
KLMA_20724	1341
KLMA_20725	8634
KLMA_20726	3524
KLMA_20727	15425
KLMA_20728	8817
KLMA_20729	4425
KLMA_20730	100
KLMA_20731	201
KLMA_20732	135
KLMA_20733	141
KLMA_20734	6532
KLMA_20735	238
KLMA_20736	855
KLMA_20737	2557
KLMA_20738	255
KLMA_20739	568
KLMA_20740	1057
KLMA_20741	1075
KLMA_20742	65180
KLMA_20744	919
KLMA_20745	1338
KLMA_20746	711
KLMA_20747	341
KLMA_20749	4337
KLMA_20750	276
KLMA_20751	369
KLMA_20752	321
KLMA_20753	793
KLMA_20754	641
KLMA_20755	1024
KLMA_20756	1406
KLMA_20757	387
KLMA_20758	6447
KLMA_20759	256
KLMA_20760	739
KLMA_20761	670
KLMA_20762	41244
KLMA_20764	2077
KLMA_20765	719
KLMA_20766	228
KLMA_20767	408
KLMA_20768	1483
KLMA_20769	146
KLMA_20770	371
KLMA_20771	409
KLMA_20772	254
KLMA_20773	2037
KLMA_20774	7859
KLMA_20775	956
KLMA_20776	109
KLMA_20777	318
KLMA_20778	9476
KLMA_20779	681
KLMA_20780	110
KLMA_20781	66
KLMA_20782	15
KLMA_20783	26777
KLMA_20784	912
KLMA_20785	2269
KLMA_20786	1523
KLMA_20787	891
KLMA_20788	438
KLMA_20789	419
KLMA_20790	1990
KLMA_20791	1364
KLMA_20792	1211
KLMA_20793	793
KLMA_20794	205
KLMA_20795	1938
KLMA_20796	701
KLMA_20797	133
KLMA_20798	1587
KLMA_20799	2809
KLMA_20800	70080
KLMA_20801	198
KLMA_20802	1582
KLMA_20803	1273
KLMA_20804	523
KLMA_20805	2059
KLMA_20806	436
KLMA_20807	308
KLMA_20808	943
KLMA_20809	1308
KLMA_20810	750
KLMA_20811	3609
KLMA_20812	1169
KLMA_20813	638
KLMA_20814	468
KLMA_20815	422
KLMA_20816	214
KLMA_20817	1402
KLMA_20818	227
KLMA_20819	23
KLMA_20820	159
KLMA_20821	3838
KLMA_20822	724
KLMA_20823	1106
KLMA_20824	738
KLMA_20825	529
KLMA_20826	307
KLMA_20827	193
KLMA_20828	2379
KLMA_20829	19412
KLMA_20830	5282
KLMA_20831	52
KLMA_20832	1
KLMA_20833	50
KLMA_20834	37
KLMA_20835	167
KLMA_20836	273
KLMA_20837	512
KLMA_20838	0
KLMA_30001	0
KLMA_30002	0
KLMA_30003	0
KLMA_30004	0
KLMA_30005	0
KLMA_30006	0
KLMA_30007	0
KLMA_30008	0
KLMA_30009	142
KLMA_30010	72
KLMA_30011	1903
KLMA_30012	139
KLMA_30013	31
KLMA_30014	91
KLMA_30015	64
KLMA_30016	5835
KLMA_30017	165
KLMA_30018	129
KLMA_30019	195
KLMA_30020	4
KLMA_30021	0
KLMA_30022	1
KLMA_30023	0
KLMA_30024	1454
KLMA_30025	5569
KLMA_30026	1141
KLMA_30027	834
KLMA_30028	2212
KLMA_30029	1102
KLMA_30030	889
KLMA_30031	2429
KLMA_30032	1050
KLMA_30033	3498
KLMA_30034	166
KLMA_30035	1638
KLMA_30036	203
KLMA_30037	385
KLMA_30038	457
KLMA_30039	965
KLMA_30040	527
KLMA_30041	14177
KLMA_30042	1382
KLMA_30043	707
KLMA_30044	1350
KLMA_30045	106
KLMA_30046	953
KLMA_30047	3529
KLMA_30048	4529
KLMA_30049	2574
KLMA_30050	349
KLMA_30051	353
KLMA_30052	135
KLMA_30053	306
KLMA_30054	15
KLMA_30055	2379
KLMA_30056	98
KLMA_30057	673
KLMA_30058	1175
KLMA_30059	791
KLMA_30060	607
KLMA_30061	44
KLMA_30062	821
KLMA_30063	4588
KLMA_30064	969
KLMA_30065	3356
KLMA_30066	39472
KLMA_30067	1549
KLMA_30068	648
KLMA_30069	1182
KLMA_30070	1460
KLMA_30071	2840
KLMA_30072	2424
KLMA_30073	10511
KLMA_30074	2323
KLMA_30075	9132
KLMA_30076	608
KLMA_30077	421
KLMA_30078	627
KLMA_30079	472
KLMA_30080	549
KLMA_30081	746
KLMA_30082	76
KLMA_30083	379
KLMA_30085	717
KLMA_30086	4219
KLMA_30087	170
KLMA_30088	3451
KLMA_30089	275
KLMA_30090	156
KLMA_30091	680
KLMA_30092	15
KLMA_30093	328
KLMA_30094	825
KLMA_30095	612
KLMA_30096	166
KLMA_30097	297
KLMA_30098	2625
KLMA_30099	7402
KLMA_30100	208
KLMA_30101	38
KLMA_30102	2949
KLMA_30103	66
KLMA_30105	3300
KLMA_30106	1393
KLMA_30107	988
KLMA_30108	367
KLMA_30109	245
KLMA_30110	1126
KLMA_30111	424
KLMA_30112	454
KLMA_30113	286
KLMA_30114	321
KLMA_30115	19612
KLMA_30116	2
KLMA_30117	2113
KLMA_30119	439
KLMA_30120	973
KLMA_30121	249
KLMA_30122	275
KLMA_30123	372
KLMA_30124	1454
KLMA_30125	4091
KLMA_30127	2017
KLMA_30128	1290
KLMA_30129	45
KLMA_30130	619
KLMA_30133	250
KLMA_30134	164
KLMA_30135	423
KLMA_30136	712
KLMA_30137	373
KLMA_30138	491
KLMA_30139	863
KLMA_30140	64
KLMA_30141	4057
KLMA_30142	4263
KLMA_30143	1433
KLMA_30144	749
KLMA_30145	2366
KLMA_30146	166
KLMA_30147	1171
KLMA_30148	8267
KLMA_30149	10011
KLMA_30150	2422
KLMA_30151	619
KLMA_30152	26
KLMA_30153	57359
KLMA_30154	1096
KLMA_30155	187
KLMA_30156	1702
KLMA_30157	2217
KLMA_30158	1792
KLMA_30159	895
KLMA_30160	801
KLMA_30161	126
KLMA_30162	316
KLMA_30163	190
KLMA_30164	1693
KLMA_30165	138
KLMA_30166	182
KLMA_30167	254
KLMA_30168	1390
KLMA_30170	432
KLMA_30171	991
KLMA_30172	1394
KLMA_30173	395
KLMA_30174	597
KLMA_30175	808
KLMA_30176	93
KLMA_30177	78
KLMA_30178	6023
KLMA_30179	174
KLMA_30180	5925
KLMA_30181	401
KLMA_30182	1088
KLMA_30183	29
KLMA_30184	4059
KLMA_30185	890
KLMA_30186	1333
KLMA_30187	4411
KLMA_30188	417
KLMA_30189	392
KLMA_30190	211
KLMA_30191	632
KLMA_30192	223
KLMA_30193	872
KLMA_30194	791
KLMA_30195	420
KLMA_30196	522
KLMA_30197	781
KLMA_30198	1255
KLMA_30199	25412
KLMA_30200	197
KLMA_30201	1366
KLMA_30202	462
KLMA_30203	2913
KLMA_30204	57891
KLMA_30205	249
KLMA_30206	599
KLMA_30207	652
KLMA_30208	1700
KLMA_30209	1832
KLMA_30210	333
KLMA_30211	8430
KLMA_30212	1705
KLMA_30214	450
KLMA_30216	476
KLMA_30217	253
KLMA_30218	93
KLMA_30219	224
KLMA_30220	723
KLMA_30221	1589
KLMA_30222	468
KLMA_30223	1374
KLMA_30224	1329
KLMA_30225	1338
KLMA_30226	517
KLMA_30227	875
KLMA_30228	387
KLMA_30229	346
KLMA_30230	710
KLMA_30231	133
KLMA_30232	215
KLMA_30233	4028
KLMA_30234	788
KLMA_30235	1857
KLMA_30236	320
KLMA_30237	3111
KLMA_30238	3838
KLMA_30239	4496
KLMA_30240	1511
KLMA_30241	1154
KLMA_30242	2280
KLMA_30243	2025
KLMA_30244	231
KLMA_30245	95
KLMA_30246	747
KLMA_30247	750
KLMA_30248	768
KLMA_30249	9575
KLMA_30250	262
KLMA_30251	748
KLMA_30252	1091
KLMA_30253	1010
KLMA_30254	1167
KLMA_30255	716
KLMA_30257	389
KLMA_30258	633
KLMA_30259	1067
KLMA_30260	555
KLMA_30261	649
KLMA_30262	1149
KLMA_30263	7416
KLMA_30264	34590
KLMA_30266	250
KLMA_30267	3394
KLMA_30268	376
KLMA_30269	867
KLMA_30270	1003
KLMA_30271	119
KLMA_30272	73
KLMA_30273	87
KLMA_30274	27673
KLMA_30275	6744
KLMA_30276	926
KLMA_30278	861
KLMA_30279	1805
KLMA_30280	505
KLMA_30281	2421
KLMA_30282	812
KLMA_30283	1337
KLMA_30284	5100
KLMA_30285	89
KLMA_30286	3843
KLMA_30288	263
KLMA_30289	559
KLMA_30290	832
KLMA_30292	333
KLMA_30293	495
KLMA_30294	766
KLMA_30295	1335
KLMA_30296	904
KLMA_30297	1454
KLMA_30298	3072
KLMA_30299	10062
KLMA_30300	1260
KLMA_30301	2869
KLMA_30302	468
KLMA_30303	580
KLMA_30305	292
KLMA_30306	1800
KLMA_30307	513
KLMA_30308	1219
KLMA_30309	1034
KLMA_30310	126
KLMA_30312	5293
KLMA_30314	440
KLMA_30315	440
KLMA_30316	163
KLMA_30317	12132
KLMA_30318	186
KLMA_30319	1680
KLMA_30320	958
KLMA_30321	859
KLMA_30322	18
KLMA_30323	1183
KLMA_30324	224
KLMA_30325	2500
KLMA_30326	1545
KLMA_30327	780
KLMA_30328	2701
KLMA_30329	980
KLMA_30330	5943
KLMA_30331	135
KLMA_30332	383
KLMA_30333	886
KLMA_30334	665
KLMA_30335	306
KLMA_30336	1177
KLMA_30337	494
KLMA_30338	4412
KLMA_30339	18
KLMA_30340	1041
KLMA_30341	2123
KLMA_30342	395
KLMA_30343	299
KLMA_30344	102
KLMA_30345	1495
KLMA_30346	270
KLMA_30347	477
KLMA_30348	36948
KLMA_30349	1376
KLMA_30350	562
KLMA_30351	399
KLMA_30352	159
KLMA_30353	204
KLMA_30354	883
KLMA_30355	811
KLMA_30356	525
KLMA_30357	1997
KLMA_30358	1797
KLMA_30359	1112
KLMA_30360	7965
KLMA_30361	809
KLMA_30362	472
KLMA_30363	26449
KLMA_30364	416
KLMA_30365	1160
KLMA_30366	802
KLMA_30367	1437
KLMA_30368	4077
KLMA_30369	908
KLMA_30370	583
KLMA_30371	728
KLMA_30372	691
KLMA_30373	703
KLMA_30374	1506
KLMA_30375	1120
KLMA_30376	837
KLMA_30377	597
KLMA_30378	2488
KLMA_30379	745
KLMA_30380	1576
KLMA_30381	304
KLMA_30382	4486
KLMA_30383	736
KLMA_30384	3407
KLMA_30385	2053
KLMA_30386	1275
KLMA_30387	1384
KLMA_30388	340
KLMA_30389	226
KLMA_30390	445
KLMA_30391	614
KLMA_30392	76
KLMA_30393	301
KLMA_30394	2918
KLMA_30395	1025
KLMA_30396	242
KLMA_30397	294
KLMA_30398	5678
KLMA_30399	2
KLMA_30400	344
KLMA_30401	310
KLMA_30402	970
KLMA_30403	7335
KLMA_30404	715
KLMA_30405	106
KLMA_30406	749
KLMA_30407	346
KLMA_30408	288
KLMA_30409	251
KLMA_30410	255
KLMA_30411	2778
KLMA_30412	1219
KLMA_30413	361
KLMA_30414	642
KLMA_30415	1061
KLMA_30416	532
KLMA_30417	1592
KLMA_30418	1125
KLMA_30419	113
KLMA_30420	4259
KLMA_30421	3801
KLMA_30422	562
KLMA_30423	3066
KLMA_30424	11440
KLMA_30425	672
KLMA_30426	1917
KLMA_30427	1524
KLMA_30428	538
KLMA_30429	1056
KLMA_30430	51449
KLMA_30431	5989
KLMA_30432	262
KLMA_30433	467
KLMA_30434	330
KLMA_30435	1613
KLMA_30436	598
KLMA_30437	623
KLMA_30438	193
KLMA_30439	8505
KLMA_30440	952
KLMA_30441	331
KLMA_30442	366
KLMA_30443	563
KLMA_30444	331
KLMA_30445	6915
KLMA_30446	277
KLMA_30447	299
KLMA_30448	748
KLMA_30449	2126
KLMA_30450	541
KLMA_30451	159
KLMA_30452	233
KLMA_30453	204
KLMA_30454	476
KLMA_30455	695
KLMA_30456	2199
KLMA_30457	1576
KLMA_30458	130
KLMA_30459	4202
KLMA_30460	863
KLMA_30461	348
KLMA_30462	616
KLMA_30463	698
KLMA_30464	1423
KLMA_30465	91
KLMA_30466	4050
KLMA_30467	2354
KLMA_30468	219
KLMA_30469	2202
KLMA_30470	237
KLMA_30471	1484
KLMA_30472	537
KLMA_30473	540
KLMA_30474	3654
KLMA_30475	1007
KLMA_30476	81
KLMA_30477	13934
KLMA_30478	4177
KLMA_30479	412
KLMA_30480	503
KLMA_30481	13
KLMA_30482	4544
KLMA_30483	3875
KLMA_30484	6356
KLMA_30485	3158
KLMA_30486	350
KLMA_30487	440
KLMA_30488	2347
KLMA_30489	332
KLMA_30490	2405
KLMA_30491	16129
KLMA_30492	253
KLMA_30493	266
KLMA_30494	286
KLMA_30495	1108
KLMA_30496	123
KLMA_30497	1114
KLMA_30498	14918
KLMA_30499	44
KLMA_30500	590
KLMA_30501	593
KLMA_30502	2043
KLMA_30504	764
KLMA_30505	716
KLMA_30506	325
KLMA_30507	126
KLMA_30508	187
KLMA_30509	188
KLMA_30511	1336
KLMA_30512	1058
KLMA_30513	584
KLMA_30514	205
KLMA_30515	313
KLMA_30516	1796
KLMA_30517	388
KLMA_30518	732
KLMA_30519	3141
KLMA_30520	897
KLMA_30521	694
KLMA_30523	1096
KLMA_30524	289
KLMA_30525	395
KLMA_30526	976
KLMA_30527	887
KLMA_30529	16297
KLMA_30530	486
KLMA_30531	528
KLMA_30532	623
KLMA_30533	183
KLMA_30534	1059
KLMA_30535	1094
KLMA_30536	305
KLMA_30537	843
KLMA_30538	60
KLMA_30539	1913
KLMA_30540	430
KLMA_30541	446
KLMA_30542	863
KLMA_30543	592
KLMA_30544	1067
KLMA_30545	4498
KLMA_30546	7200
KLMA_30547	630
KLMA_30548	312
KLMA_30549	912
KLMA_30550	256
KLMA_30551	2503
KLMA_30552	11749
KLMA_30553	673
KLMA_30554	31621
KLMA_30555	1608
KLMA_30556	2002
KLMA_30557	1693
KLMA_30558	298
KLMA_30559	1385
KLMA_30560	1028
KLMA_30561	2036
KLMA_30562	3023
KLMA_30563	568
KLMA_30564	342
KLMA_30565	165
KLMA_30566	1136
KLMA_30567	350
KLMA_30568	338
KLMA_30569	117
KLMA_30570	1080
KLMA_30571	570
KLMA_30572	63
KLMA_30573	273
KLMA_30574	1542
KLMA_30575	500
KLMA_30576	972
KLMA_30577	254
KLMA_30578	1169
KLMA_30579	181
KLMA_30580	187
KLMA_30581	91
KLMA_30582	1991
KLMA_30583	1339
KLMA_30584	923
KLMA_30585	1136
KLMA_30586	1206
KLMA_30587	2002
KLMA_30588	1201
KLMA_30589	7682
KLMA_30590	166
KLMA_30591	96
KLMA_30592	4172
KLMA_30593	393
KLMA_30594	2116
KLMA_30595	806
KLMA_30596	1697
KLMA_30597	249
KLMA_30598	289
KLMA_30599	3723
KLMA_30600	1213
KLMA_30601	166
KLMA_30602	129
KLMA_30603	578
KLMA_30604	184
KLMA_30605	977
KLMA_30606	583
KLMA_30607	56
KLMA_30608	149
KLMA_30609	1502
KLMA_30610	1462
KLMA_30612	643
KLMA_30613	624
KLMA_30614	3245
KLMA_30615	556
KLMA_30616	2140
KLMA_30617	625
KLMA_30618	61
KLMA_30619	75
KLMA_30620	1479
KLMA_30621	861
KLMA_30622	1715
KLMA_30623	287
KLMA_30624	70
KLMA_30625	497
KLMA_30626	1832
KLMA_30627	1812
KLMA_30628	78
KLMA_30629	311
KLMA_30630	2111
KLMA_30631	34932
KLMA_30632	228
KLMA_30633	534
KLMA_30634	36279
KLMA_30635	16496
KLMA_30636	953
KLMA_30637	614
KLMA_30638	451
KLMA_30639	685
KLMA_30640	272
KLMA_30641	1194
KLMA_30642	106
KLMA_30643	2848
KLMA_30644	1373
KLMA_30645	2032
KLMA_30646	241
KLMA_30647	1394
KLMA_30648	1107
KLMA_30649	1771
KLMA_30650	1428
KLMA_30651	1081
KLMA_30652	547
KLMA_30653	266
KLMA_30654	60
KLMA_30655	555
KLMA_30656	658
KLMA_30657	287
KLMA_30658	1679
KLMA_30659	3205
KLMA_30660	3353
KLMA_30661	832
KLMA_30662	377
KLMA_30663	1183
KLMA_30664	56376
KLMA_30665	314
KLMA_30666	132
KLMA_30667	1825
KLMA_30668	438
KLMA_30669	1434
KLMA_30670	4904
KLMA_30671	21233
KLMA_30672	97
KLMA_30673	429
KLMA_30674	643
KLMA_30675	5708
KLMA_30676	777
KLMA_30677	4832
KLMA_30678	611
KLMA_30679	1066
KLMA_30680	265
KLMA_30681	4867
KLMA_30682	1271
KLMA_30683	714
KLMA_30684	2191
KLMA_30685	352
KLMA_30686	705
KLMA_30687	22091
KLMA_30688	2726
KLMA_30689	1814
KLMA_30690	778
KLMA_30691	279
KLMA_30692	560
KLMA_30693	494
KLMA_30694	1810
KLMA_30695	5234
KLMA_30696	614
KLMA_30697	9231
KLMA_30698	222
KLMA_30699	434
KLMA_30700	3366
KLMA_30701	460
KLMA_30702	347
KLMA_30703	873
KLMA_30704	953
KLMA_30705	882
KLMA_30706	1663
KLMA_30707	605
KLMA_30709	9035
KLMA_30710	584
KLMA_30711	602
KLMA_30712	60941
KLMA_30713	3910
KLMA_30714	102
KLMA_30715	2806
KLMA_30716	454
KLMA_30717	3355
KLMA_30718	166
KLMA_30719	484
KLMA_30720	548
KLMA_30721	1342
KLMA_30722	214
KLMA_30723	1007
KLMA_30724	14032
KLMA_30726	5156
KLMA_30727	608
KLMA_30728	123
KLMA_30729	94
KLMA_30730	266
KLMA_40001	0
KLMA_40002	425
KLMA_40003	1259
KLMA_40004	22
KLMA_40005	34
KLMA_40006	108
KLMA_40007	86
KLMA_40008	78
KLMA_40009	127
KLMA_40010	20761
KLMA_40011	943
KLMA_40012	671
KLMA_40013	1952
KLMA_40014	6892
KLMA_40015	192
KLMA_40016	2368
KLMA_40017	356
KLMA_40018	312
KLMA_40019	559
KLMA_40020	1442
KLMA_40021	1154
KLMA_40022	2998
KLMA_40023	873
KLMA_40024	1787
KLMA_40025	723
KLMA_40026	10583
KLMA_40027	505
KLMA_40028	45896
KLMA_40029	722
KLMA_40030	418
KLMA_40031	391
KLMA_40032	1077
KLMA_40034	536
KLMA_40035	1167
KLMA_40036	862
KLMA_40037	187
KLMA_40038	1318
KLMA_40039	22432
KLMA_40040	1865
KLMA_40041	43
KLMA_40042	394
KLMA_40044	687
KLMA_40045	572
KLMA_40046	2179
KLMA_40047	605
KLMA_40048	609
KLMA_40049	670
KLMA_40050	1429
KLMA_40051	186
KLMA_40052	208
KLMA_40053	795
KLMA_40054	1644
KLMA_40055	2781
KLMA_40056	177
KLMA_40057	441
KLMA_40058	392
KLMA_40059	368
KLMA_40060	975
KLMA_40061	48
KLMA_40062	6
KLMA_40063	227
KLMA_40064	1260
KLMA_40065	709
KLMA_40066	3464
KLMA_40067	792
KLMA_40068	80
KLMA_40069	1213
KLMA_40070	2572
KLMA_40071	1785
KLMA_40072	227
KLMA_40073	231
KLMA_40074	156
KLMA_40075	340
KLMA_40076	1271
KLMA_40077	1293
KLMA_40078	906
KLMA_40079	17
KLMA_40080	34014
KLMA_40081	20988
KLMA_40082	1223
KLMA_40083	2023
KLMA_40084	33
KLMA_40085	399
KLMA_40086	2562
KLMA_40087	38
KLMA_40088	1842
KLMA_40089	323
KLMA_40090	616
KLMA_40091	311
KLMA_40092	0
KLMA_40093	643
KLMA_40094	33059
KLMA_40095	811
KLMA_40096	2085
KLMA_40097	3310
KLMA_40098	319
KLMA_40099	4935
KLMA_40100	224
KLMA_40101	786
KLMA_40102	243283
KLMA_40103	27383
KLMA_40104	401
KLMA_40105	299
KLMA_40106	482
KLMA_40107	6220
KLMA_40108	449
KLMA_40109	1520
KLMA_40110	2290
KLMA_40111	756
KLMA_40112	1660
KLMA_40113	777
KLMA_40114	552
KLMA_40115	74656
KLMA_40116	6
KLMA_40117	924
KLMA_40118	83
KLMA_40119	375
KLMA_40120	628
KLMA_40121	519
KLMA_40122	14197
KLMA_40123	3265
KLMA_40124	3998
KLMA_40125	378986
KLMA_40126	180
KLMA_40127	208
KLMA_40128	250
KLMA_40129	1411
KLMA_40130	329
KLMA_40131	935
KLMA_40132	1706
KLMA_40133	628
KLMA_40134	174
KLMA_40135	836
KLMA_40136	571
KLMA_40137	883
KLMA_40138	319
KLMA_40139	3784
KLMA_40140	143
KLMA_40141	465
KLMA_40142	244
KLMA_40143	493
KLMA_40144	1419
KLMA_40145	1025
KLMA_40146	83
KLMA_40147	424
KLMA_40148	1637
KLMA_40149	8486
KLMA_40150	271
KLMA_40151	484
KLMA_40152	1089
KLMA_40153	2159
KLMA_40154	1005
KLMA_40155	3028
KLMA_40156	923
KLMA_40157	47
KLMA_40158	279
KLMA_40159	166
KLMA_40160	311
KLMA_40161	4312
KLMA_40162	254
KLMA_40163	2002
KLMA_40164	4698
KLMA_40166	376
KLMA_40167	295
KLMA_40168	446
KLMA_40169	200
KLMA_40170	148
KLMA_40171	438
KLMA_40172	601
KLMA_40173	19152
KLMA_40174	371170
KLMA_40175	3998
KLMA_40176	656
KLMA_40177	503
KLMA_40178	632
KLMA_40179	5324
KLMA_40180	831
KLMA_40181	247
KLMA_40182	1005
KLMA_40183	1073
KLMA_40184	1556
KLMA_40185	1540
KLMA_40186	1015
KLMA_40187	187
KLMA_40188	427
KLMA_40189	25596
KLMA_40190	450
KLMA_40191	2857
KLMA_40192	2953
KLMA_40193	1237
KLMA_40194	2072
KLMA_40195	5
KLMA_40196	2078
KLMA_40198	87
KLMA_40199	842
KLMA_40200	364
KLMA_40201	2438
KLMA_40202	334
KLMA_40204	1505
KLMA_40205	2229
KLMA_40206	36
KLMA_40207	854
KLMA_40208	1203
KLMA_40209	2564
KLMA_40210	1406
KLMA_40211	1591
KLMA_40212	132
KLMA_40213	130
KLMA_40214	0
KLMA_40215	232
KLMA_40216	321
KLMA_40217	525
KLMA_40218	680042
KLMA_40220	882010
KLMA_40221	1568
KLMA_40222	348
KLMA_40223	1206
KLMA_40224	1936
KLMA_40225	55429
KLMA_40226	1770
KLMA_40227	1258
KLMA_40228	861
KLMA_40229	634
KLMA_40230	78
KLMA_40231	291
KLMA_40232	1489
KLMA_40233	1625
KLMA_40234	2904
KLMA_40235	364
KLMA_40236	325
KLMA_40237	825
KLMA_40238	771
KLMA_40239	1077
KLMA_40240	1631
KLMA_40241	90
KLMA_40242	1487
KLMA_40243	245
KLMA_40244	223
KLMA_40245	549
KLMA_40246	165
KLMA_40247	112
KLMA_40248	778
KLMA_40249	1177
KLMA_40250	37
KLMA_40251	1091
KLMA_40252	1030
KLMA_40253	9905
KLMA_40254	288
KLMA_40255	939
KLMA_40256	1174
KLMA_40257	523
KLMA_40258	690
KLMA_40259	4203
KLMA_40260	6
KLMA_40261	1849
KLMA_40262	968
KLMA_40263	2047
KLMA_40264	1838
KLMA_40265	892
KLMA_40266	188
KLMA_40267	766
KLMA_40268	1541
KLMA_40269	77
KLMA_40270	162
KLMA_40271	420
KLMA_40272	41
KLMA_40273	827
KLMA_40274	2899
KLMA_40275	202
KLMA_40276	220
KLMA_40277	412
KLMA_40278	371
KLMA_40279	2015
KLMA_40281	238
KLMA_40282	1309
KLMA_40283	2390
KLMA_40284	347
KLMA_40285	4433
KLMA_40286	678
KLMA_40287	2428
KLMA_40288	217
KLMA_40289	1028
KLMA_40290	1858
KLMA_40291	640
KLMA_40292	1411
KLMA_40293	150
KLMA_40294	1038
KLMA_40295	910
KLMA_40296	2552
KLMA_40297	11391
KLMA_40298	666
KLMA_40299	0
KLMA_40301	125
KLMA_40302	684
KLMA_40303	288
KLMA_40304	672
KLMA_40305	3318
KLMA_40306	1244
KLMA_40307	2966
KLMA_40308	12436
KLMA_40309	1212
KLMA_40310	319
KLMA_40311	2979
KLMA_40312	932
KLMA_40313	1942
KLMA_40314	1091
KLMA_40315	1215
KLMA_40316	104
KLMA_40317	662
KLMA_40318	469
KLMA_40319	699
KLMA_40320	611
KLMA_40321	181
KLMA_40322	736
KLMA_40323	258
KLMA_40324	192
KLMA_40325	658
KLMA_40326	5867
KLMA_40327	668
KLMA_40328	721
KLMA_40329	616
KLMA_40330	1413
KLMA_40331	903
KLMA_40332	2840
KLMA_40333	870
KLMA_40334	1068
KLMA_40335	73
KLMA_40336	75
KLMA_40337	3212
KLMA_40338	6045
KLMA_40339	300
KLMA_40340	1245
KLMA_40341	267
KLMA_40342	4536
KLMA_40343	4213
KLMA_40344	665
KLMA_40345	1019
KLMA_40346	1673
KLMA_40347	1208
KLMA_40348	184
KLMA_40349	521
KLMA_40350	322
KLMA_40351	230
KLMA_40352	94
KLMA_40353	269
KLMA_40354	3223
KLMA_40355	1230
KLMA_40356	3384
KLMA_40357	204
KLMA_40358	355
KLMA_40359	273
KLMA_40360	221
KLMA_40361	563
KLMA_40362	1493
KLMA_40363	1421
KLMA_40364	13635
KLMA_40365	3438
KLMA_40366	1571
KLMA_40367	629
KLMA_40368	342
KLMA_40369	467
KLMA_40370	921
KLMA_40371	495
KLMA_40372	1203
KLMA_40373	393
KLMA_40374	2289
KLMA_40375	444
KLMA_40376	4059
KLMA_40377	46
KLMA_40378	2145
KLMA_40379	439
KLMA_40380	1010
KLMA_40381	1230
KLMA_40382	382
KLMA_40383	64
KLMA_40384	555
KLMA_40385	1392
KLMA_40386	167
KLMA_40387	375
KLMA_40388	950210
KLMA_40389	104
KLMA_40390	289
KLMA_40391	1611
KLMA_40392	719
KLMA_40393	39200
KLMA_40394	835
KLMA_40395	1680
KLMA_40396	1218
KLMA_40397	627
KLMA_40398	1178
KLMA_40399	79
KLMA_40400	423
KLMA_40401	253
KLMA_40402	756
KLMA_40403	5032
KLMA_40404	1589
KLMA_40405	58073
KLMA_40406	358
KLMA_40407	1148
KLMA_40408	267
KLMA_40409	425
KLMA_40410	696
KLMA_40411	69
KLMA_40412	173
KLMA_40413	739
KLMA_40414	784
KLMA_40415	21317
KLMA_40416	267
KLMA_40417	4792
KLMA_40418	3446
KLMA_40419	4591
KLMA_40420	980
KLMA_40421	4
KLMA_40422	705
KLMA_40423	510
KLMA_40424	445
KLMA_40425	363
KLMA_40426	436
KLMA_40427	583
KLMA_40428	1604
KLMA_40429	298
KLMA_40430	337
KLMA_40431	170
KLMA_40432	931
KLMA_40433	351
KLMA_40434	867
KLMA_40435	3017
KLMA_40436	6986
KLMA_40437	475
KLMA_40438	289
KLMA_40439	1347
KLMA_40440	6497
KLMA_40441	1407
KLMA_40442	3765
KLMA_40443	66619
KLMA_40444	2925
KLMA_40445	5580
KLMA_40446	57
KLMA_40447	612
KLMA_40448	204
KLMA_40449	1772
KLMA_40450	1652
KLMA_40451	109
KLMA_40452	33866
KLMA_40453	115
KLMA_40454	2352
KLMA_40455	369
KLMA_40456	417
KLMA_40457	1039
KLMA_40458	469
KLMA_40459	757
KLMA_40460	6686
KLMA_40461	1242
KLMA_40462	997
KLMA_40463	496
KLMA_40464	130
KLMA_40465	280
KLMA_40466	393
KLMA_40467	3310
KLMA_40468	2606
KLMA_40469	32
KLMA_40470	536
KLMA_40471	3629
KLMA_40472	403
KLMA_40473	1462
KLMA_40474	80
KLMA_40475	1152
KLMA_40476	522
KLMA_40477	915
KLMA_40478	1476
KLMA_40479	5366
KLMA_40480	1200
KLMA_40481	191
KLMA_40482	68708
KLMA_40483	616
KLMA_40484	9
KLMA_40485	618
KLMA_40486	2906
KLMA_40487	563
KLMA_40488	474
KLMA_40489	175
KLMA_40490	973
KLMA_40491	8498
KLMA_40492	897
KLMA_40493	2515
KLMA_40494	5408
KLMA_40495	2149
KLMA_40496	335
KLMA_40497	415
KLMA_40498	545
KLMA_40499	92
KLMA_40500	661
KLMA_40501	2288
KLMA_40502	1669
KLMA_40503	841
KLMA_40504	660
KLMA_40505	209
KLMA_40506	11620
KLMA_40507	1073
KLMA_40508	219
KLMA_40509	210
KLMA_40510	628
KLMA_40511	4658
KLMA_40512	482
KLMA_40513	323
KLMA_40514	430
KLMA_40515	883
KLMA_40516	436
KLMA_40517	91
KLMA_40518	386
KLMA_40519	3250
KLMA_40520	84
KLMA_40521	396
KLMA_40522	624
KLMA_40523	1302
KLMA_40524	3403
KLMA_40525	89
KLMA_40526	11222
KLMA_40527	1656
KLMA_40528	1425
KLMA_40529	1547
KLMA_40530	1173
KLMA_40531	42339
KLMA_40532	830
KLMA_40533	35
KLMA_40534	572
KLMA_40535	673
KLMA_40536	140
KLMA_40537	2493
KLMA_40538	846
KLMA_40539	1408
KLMA_40540	436
KLMA_40541	2855
KLMA_40542	183
KLMA_40543	220
KLMA_40544	131
KLMA_40545	3359
KLMA_40546	454
KLMA_40547	877
KLMA_40548	1059
KLMA_40549	1053
KLMA_40550	504
KLMA_40551	502
KLMA_40552	2854
KLMA_40553	1031
KLMA_40554	741
KLMA_40555	493
KLMA_40556	5825
KLMA_40557	230
KLMA_40558	76198
KLMA_40559	161
KLMA_40560	1771
KLMA_40561	105
KLMA_40562	2123
KLMA_40563	745
KLMA_40564	43
KLMA_40565	154
KLMA_40566	1615
KLMA_40567	774
KLMA_40568	759
KLMA_40569	2016
KLMA_40570	908
KLMA_40571	5290
KLMA_40572	626
KLMA_40573	1140
KLMA_40574	25231
KLMA_40575	2487
KLMA_40576	1126
KLMA_40577	41894
KLMA_40578	1282
KLMA_40579	633
KLMA_40580	874
KLMA_40581	44074
KLMA_40582	492
KLMA_40583	101240
KLMA_40584	623
KLMA_40585	760
KLMA_40586	691
KLMA_40587	1505
KLMA_40588	641
KLMA_40589	365
KLMA_40590	622
KLMA_40591	430
KLMA_40592	356
KLMA_40593	2869
KLMA_40594	2033
KLMA_40595	217
KLMA_40596	1480
KLMA_40597	1038
KLMA_40598	585
KLMA_40599	1801
KLMA_40600	207
KLMA_40601	1890
KLMA_40602	6012
KLMA_40603	505
KLMA_40604	3784
KLMA_40605	416
KLMA_40606	989
KLMA_40607	455
KLMA_40608	5079
KLMA_40609	2733
KLMA_40610	761
KLMA_40611	427
KLMA_40612	493
KLMA_40613	655
KLMA_40614	1128
KLMA_40615	1574
KLMA_40616	1075
KLMA_40617	3573
KLMA_40618	1388
KLMA_40619	725
KLMA_40620	912
KLMA_40621	138
KLMA_40622	8096
KLMA_40623	430
KLMA_40624	321
KLMA_40625	607
KLMA_40626	332
KLMA_40627	229
KLMA_40628	436
KLMA_40629	427
KLMA_40630	254
KLMA_40631	10
KLMA_40632	3998
KLMA_50001	0
KLMA_50002	0
KLMA_50003	0
KLMA_50004	0
KLMA_50005	1862
KLMA_50006	1583
KLMA_50007	1601
KLMA_50008	34792
KLMA_50009	799
KLMA_50010	1554
KLMA_50011	675
KLMA_50012	247
KLMA_50013	439
KLMA_50014	383
KLMA_50016	40030
KLMA_50017	9225
KLMA_50018	397
KLMA_50019	436
KLMA_50020	359
KLMA_50021	271
KLMA_50022	917
KLMA_50023	89
KLMA_50024	11162
KLMA_50025	602
KLMA_50026	1555
KLMA_50027	804
KLMA_50028	1043
KLMA_50030	2492
KLMA_50031	1296
KLMA_50032	338
KLMA_50033	1530
KLMA_50034	1772
KLMA_50035	11494
KLMA_50036	2924
KLMA_50037	218
KLMA_50038	1234
KLMA_50039	979
KLMA_50040	394
KLMA_50041	1884
KLMA_50042	730
KLMA_50043	611
KLMA_50044	55
KLMA_50045	836
KLMA_50046	188
KLMA_50047	305
KLMA_50048	121
KLMA_50049	236
KLMA_50050	1888
KLMA_50051	207
KLMA_50052	527
KLMA_50053	480
KLMA_50054	1064
KLMA_50055	597
KLMA_50056	1136
KLMA_50057	461
KLMA_50058	390
KLMA_50059	122
KLMA_50060	748
KLMA_50061	518
KLMA_50062	6140
KLMA_50063	1008
KLMA_50064	175
KLMA_50065	249
KLMA_50066	138
KLMA_50067	12464
KLMA_50068	181
KLMA_50069	1433
KLMA_50070	479
KLMA_50071	287
KLMA_50072	418
KLMA_50073	402
KLMA_50074	1033
KLMA_50075	1089
KLMA_50076	378
KLMA_50077	566
KLMA_50078	140
KLMA_50079	499
KLMA_50080	459
KLMA_50081	1550
KLMA_50082	2300
KLMA_50083	337
KLMA_50084	1395
KLMA_50085	713
KLMA_50086	658
KLMA_50087	7109
KLMA_50088	204
KLMA_50089	550
KLMA_50090	996
KLMA_50091	431
KLMA_50092	302
KLMA_50093	156
KLMA_50094	212
KLMA_50095	230
KLMA_50096	303
KLMA_50097	20
KLMA_50098	1073
KLMA_50099	593
KLMA_50100	282
KLMA_50101	1483
KLMA_50102	161
KLMA_50103	635
KLMA_50104	3294
KLMA_50105	296
KLMA_50106	552
KLMA_50107	1249
KLMA_50108	382
KLMA_50109	9722
KLMA_50110	1032
KLMA_50111	1519
KLMA_50112	2358
KLMA_50113	2518
KLMA_50114	108
KLMA_50115	337
KLMA_50117	2580
KLMA_50118	1126
KLMA_50119	497
KLMA_50120	1799
KLMA_50121	80
KLMA_50122	912
KLMA_50123	45
KLMA_50124	761
KLMA_50125	6701
KLMA_50126	3120
KLMA_50127	3388
KLMA_50128	1733
KLMA_50129	517
KLMA_50130	200
KLMA_50131	329
KLMA_50132	1154
KLMA_50133	1599
KLMA_50134	10729
KLMA_50135	2339
KLMA_50136	3539
KLMA_50138	631
KLMA_50139	1118
KLMA_50140	668
KLMA_50141	998
KLMA_50142	5818
KLMA_50143	2986
KLMA_50144	149
KLMA_50145	1680
KLMA_50146	1079
KLMA_50147	818
KLMA_50148	507
KLMA_50149	976
KLMA_50151	65
KLMA_50152	489
KLMA_50154	2785
KLMA_50155	2216
KLMA_50156	604
KLMA_50157	2810
KLMA_50158	435
KLMA_50159	908
KLMA_50160	169
KLMA_50161	26246
KLMA_50162	1869
KLMA_50163	490
KLMA_50164	22
KLMA_50165	1007
KLMA_50166	149
KLMA_50167	185
KLMA_50168	815
KLMA_50169	423
KLMA_50170	72313
KLMA_50171	842
KLMA_50172	1024
KLMA_50173	771
KLMA_50174	89
KLMA_50175	1524
KLMA_50176	644
KLMA_50177	441
KLMA_50178	14098
KLMA_50179	7588
KLMA_50180	1060
KLMA_50181	258
KLMA_50182	1253
KLMA_50183	8021
KLMA_50184	2215
KLMA_50185	304
KLMA_50186	456
KLMA_50187	2146
KLMA_50188	1159
KLMA_50189	2128
KLMA_50190	10846
KLMA_50191	4743
KLMA_50192	553
KLMA_50193	164
KLMA_50194	35593
KLMA_50195	211
KLMA_50196	49
KLMA_50197	7280
KLMA_50198	313
KLMA_50199	27
KLMA_50200	62320
KLMA_50201	101
KLMA_50202	105
KLMA_50203	537
KLMA_50206	7721
KLMA_50207	946
KLMA_50208	385
KLMA_50209	4105
KLMA_50210	58375
KLMA_50211	2968
KLMA_50212	144
KLMA_50214	1594
KLMA_50215	54655
KLMA_50216	462
KLMA_50217	2801
KLMA_50218	1356
KLMA_50219	590
KLMA_50220	442
KLMA_50221	6388
KLMA_50222	2126
KLMA_50223	48
KLMA_50225	121
KLMA_50226	135
KLMA_50227	707
KLMA_50228	98
KLMA_50229	131
KLMA_50230	182
KLMA_50231	2784
KLMA_50232	1004
KLMA_50233	139
KLMA_50234	1139
KLMA_50235	2487
KLMA_50236	8
KLMA_50237	5959
KLMA_50238	593
KLMA_50239	224
KLMA_50240	317
KLMA_50241	4492
KLMA_50242	57
KLMA_50243	185
KLMA_50244	1065
KLMA_50245	56403
KLMA_50246	146
KLMA_50247	348
KLMA_50248	1580
KLMA_50249	360
KLMA_50250	1108
KLMA_50251	535
KLMA_50252	228
KLMA_50253	13565
KLMA_50254	75173
KLMA_50255	14076
KLMA_50256	75
KLMA_50257	1479
KLMA_50258	447
KLMA_50259	1453
KLMA_50260	5589
KLMA_50261	1143
KLMA_50262	22196
KLMA_50264	54184
KLMA_50265	806
KLMA_50266	441
KLMA_50267	493
KLMA_50268	16
KLMA_50269	3997
KLMA_50270	4139
KLMA_50271	9006
KLMA_50272	1889
KLMA_50273	3248
KLMA_50274	1022
KLMA_50275	79
KLMA_50276	58
KLMA_50277	399
KLMA_50278	261
KLMA_50279	723
KLMA_50280	639
KLMA_50281	452
KLMA_50282	232
KLMA_50283	7725
KLMA_50284	62138
KLMA_50285	359
KLMA_50286	57
KLMA_50287	942
KLMA_50288	32421
KLMA_50289	317
KLMA_50290	550
KLMA_50291	618
KLMA_50292	20
KLMA_50293	98
KLMA_50294	858
KLMA_50295	1631
KLMA_50296	4485
KLMA_50297	2209
KLMA_50298	518
KLMA_50299	247
KLMA_50300	69
KLMA_50301	792
KLMA_50302	4452
KLMA_50303	625
KLMA_50304	2816
KLMA_50305	316
KLMA_50306	764
KLMA_50307	4286
KLMA_50308	1340
KLMA_50309	762
KLMA_50310	151
KLMA_50311	3526
KLMA_50312	1178
KLMA_50313	493
KLMA_50314	2752
KLMA_50315	2423
KLMA_50316	326
KLMA_50317	212
KLMA_50318	440
KLMA_50319	639
KLMA_50320	836
KLMA_50321	1251
KLMA_50322	299
KLMA_50323	381
KLMA_50324	38449
KLMA_50325	1360
KLMA_50326	3539
KLMA_50327	113
KLMA_50328	106
KLMA_50329	259
KLMA_50330	71
KLMA_50331	492
KLMA_50332	3789
KLMA_50333	3749
KLMA_50334	678
KLMA_50335	110
KLMA_50336	825
KLMA_50337	208
KLMA_50338	991
KLMA_50339	323
KLMA_50340	1934
KLMA_50341	282
KLMA_50342	749
KLMA_50343	294
KLMA_50344	9734
KLMA_50345	94
KLMA_50346	2300
KLMA_50347	1195
KLMA_50348	2144
KLMA_50349	903
KLMA_50350	1114
KLMA_50351	1036
KLMA_50352	737
KLMA_50353	883
KLMA_50354	266
KLMA_50355	509
KLMA_50356	562
KLMA_50357	410
KLMA_50358	1023
KLMA_50359	4
KLMA_50360	3131
KLMA_50361	3927
KLMA_50362	454
KLMA_50363	45097
KLMA_50364	151
KLMA_50365	3007
KLMA_50366	392
KLMA_50368	6769
KLMA_50369	90
KLMA_50370	381
KLMA_50371	2268
KLMA_50372	2707
KLMA_50373	5226
KLMA_50374	1953
KLMA_50375	353
KLMA_50376	886
KLMA_50377	146
KLMA_50378	467
KLMA_50379	73
KLMA_50380	1834
KLMA_50381	617
KLMA_50382	102
KLMA_50383	14
KLMA_50384	7700
KLMA_50385	290
KLMA_50386	2002
KLMA_50387	1173
KLMA_50388	451
KLMA_50389	1015
KLMA_50390	2029
KLMA_50391	569
KLMA_50392	194
KLMA_50393	187
KLMA_50394	550
KLMA_50395	2138
KLMA_50396	59
KLMA_50397	990
KLMA_50398	24067
KLMA_50399	101
KLMA_50400	226
KLMA_50402	796
KLMA_50403	18
KLMA_50404	1544
KLMA_50406	1369
KLMA_50407	4078
KLMA_50408	827
KLMA_50409	4794
KLMA_50410	63
KLMA_50411	2474
KLMA_50412	676
KLMA_50413	349
KLMA_50414	287
KLMA_50415	8
KLMA_50416	4
KLMA_50417	2827
KLMA_50418	2594
KLMA_50419	586
KLMA_50422	707
KLMA_50423	0
KLMA_50424	577
KLMA_50425	82
KLMA_50426	2438
KLMA_50427	496
KLMA_50428	1323
KLMA_50429	245
KLMA_50430	360
KLMA_50431	7141
KLMA_50432	576
KLMA_50433	118
KLMA_50434	3179
KLMA_50435	3236
KLMA_50436	4214
KLMA_50437	57
KLMA_50438	54
KLMA_50439	379
KLMA_50440	263
KLMA_50441	649
KLMA_50442	1923
KLMA_50443	333
KLMA_50444	332
KLMA_50445	543
KLMA_50446	419
KLMA_50447	703
KLMA_50448	1590
KLMA_50449	178
KLMA_50450	57
KLMA_50451	8
KLMA_50452	604
KLMA_50453	116
KLMA_50454	567
KLMA_50455	245
KLMA_50456	58
KLMA_50457	948
KLMA_50458	7712
KLMA_50459	997
KLMA_50460	437
KLMA_50461	226
KLMA_50462	291
KLMA_50463	212
KLMA_50464	300
KLMA_50465	1106
KLMA_50466	354
KLMA_50467	1486
KLMA_50468	225
KLMA_50469	2686
KLMA_50470	1071
KLMA_50471	2094
KLMA_50472	539
KLMA_50473	92111
KLMA_50474	15270
KLMA_50475	2343
KLMA_50476	302
KLMA_50477	570
KLMA_50478	1391
KLMA_50479	436
KLMA_50480	769
KLMA_50481	2916
KLMA_50482	5905
KLMA_50483	1257
KLMA_50484	354
KLMA_50485	333
KLMA_50486	988
KLMA_50487	687
KLMA_50488	318
KLMA_50489	2651
KLMA_50490	874
KLMA_50491	152
KLMA_50492	152
KLMA_50493	979
KLMA_50494	260
KLMA_50495	2264
KLMA_50496	511
KLMA_50497	26
KLMA_50498	789
KLMA_50500	3058
KLMA_50501	33501
KLMA_50502	1493
KLMA_50503	12496
KLMA_50504	17
KLMA_50505	1082
KLMA_50506	2293
KLMA_50507	287
KLMA_50508	711
KLMA_50509	547
KLMA_50510	350
KLMA_50511	745
KLMA_50512	340
KLMA_50513	29976
KLMA_50514	607
KLMA_50515	449
KLMA_50516	1078
KLMA_50517	492
KLMA_50518	113
KLMA_50519	336
KLMA_50520	485
KLMA_50521	31
KLMA_50522	1585
KLMA_50523	485
KLMA_50524	745
KLMA_50525	1631
KLMA_50526	2250
KLMA_50527	542
KLMA_50528	623
KLMA_50529	39057
KLMA_50530	74
KLMA_50531	1278
KLMA_50533	15725
KLMA_50534	2786
KLMA_50535	150
KLMA_50536	344
KLMA_50537	4033
KLMA_50541	0
KLMA_50545	0
KLMA_50546	4273
KLMA_50547	1466
KLMA_50548	1434
KLMA_50549	794
KLMA_50550	1618
KLMA_50551	567
KLMA_50552	505
KLMA_50553	168
KLMA_50554	952
KLMA_50555	573
KLMA_50556	2067
KLMA_50557	1764
KLMA_50558	491
KLMA_50559	85850
KLMA_50561	506
KLMA_50562	755
KLMA_50563	580
KLMA_50564	743
KLMA_50565	1188
KLMA_50566	4899
KLMA_50567	4402
KLMA_50568	1888
KLMA_50569	2773
KLMA_50570	440
KLMA_50571	613
KLMA_50572	945
KLMA_50573	1041
KLMA_50574	691
KLMA_50575	669
KLMA_50576	481
KLMA_50577	1119
KLMA_50578	919
KLMA_50579	287
KLMA_50580	521
KLMA_50581	207
KLMA_50582	783
KLMA_50583	400
KLMA_50584	542
KLMA_50585	1436
KLMA_50586	473
KLMA_50587	16
KLMA_50588	2013
KLMA_50589	143
KLMA_50590	542
KLMA_50591	312
KLMA_50592	67947
KLMA_50594	75
KLMA_50595	532
KLMA_50596	2893
KLMA_50597	1211
KLMA_50598	183
KLMA_50599	493
KLMA_50600	132
KLMA_50601	263
KLMA_50602	1347
KLMA_50603	408
KLMA_50604	1171
KLMA_50605	698
KLMA_50606	723
KLMA_50607	457
KLMA_50608	19729
KLMA_50609	1590
KLMA_50610	29448
KLMA_50611	1725
KLMA_50612	2006
KLMA_50613	903
KLMA_50614	556
KLMA_50615	454
KLMA_50616	1021
KLMA_50617	621
KLMA_50618	1006
KLMA_50619	2700
KLMA_50620	250
KLMA_50621	3037
KLMA_50622	713
KLMA_50623	1745
KLMA_50624	2085
KLMA_50625	1708
KLMA_50626	1342
KLMA_50627	644
KLMA_50628	1430
KLMA_50630	1851
KLMA_50631	6773
KLMA_50632	682
KLMA_50633	710
KLMA_50634	2100
KLMA_50635	68
KLMA_50636	3
KLMA_50637	202
KLMA_50638	286
KLMA_60001	198
KLMA_60002	101
KLMA_60003	307
KLMA_60004	114
KLMA_60005	132
KLMA_60006	179
KLMA_60007	289
KLMA_60008	292
KLMA_60009	752
KLMA_60010	646
KLMA_60011	601
KLMA_60012	737
KLMA_60013	295
KLMA_60014	330
KLMA_60015	923
KLMA_60016	1234
KLMA_60017	1461
KLMA_60018	2846
KLMA_60019	42824
KLMA_60020	2336
KLMA_60021	93
KLMA_60022	12232
KLMA_60023	3458
KLMA_60024	3183
KLMA_60025	477
KLMA_60026	814
KLMA_60027	320
KLMA_60028	1002
KLMA_60029	36
KLMA_60030	623
KLMA_60031	274
KLMA_60032	824
KLMA_60033	362
KLMA_60034	2242
KLMA_60035	943
KLMA_60036	335
KLMA_60037	4243
KLMA_60038	291
KLMA_60039	234
KLMA_60040	348
KLMA_60041	1353
KLMA_60042	920
KLMA_60043	245
KLMA_60044	651
KLMA_60045	15
KLMA_60046	945
KLMA_60047	854
KLMA_60048	899
KLMA_60049	59
KLMA_60050	2055
KLMA_60051	1009
KLMA_60052	1736
KLMA_60053	971
KLMA_60054	2252
KLMA_60055	484
KLMA_60056	167
KLMA_60057	316
KLMA_60058	143
KLMA_60059	169
KLMA_60060	581
KLMA_60061	532
KLMA_60062	443
KLMA_60063	481
KLMA_60064	1296
KLMA_60065	4019
KLMA_60066	660
KLMA_60067	394
KLMA_60068	473
KLMA_60069	67460
KLMA_60070	190
KLMA_60071	879
KLMA_60072	162
KLMA_60073	397
KLMA_60074	841
KLMA_60075	601115
KLMA_60076	235
KLMA_60077	8260
KLMA_60078	735
KLMA_60079	1418
KLMA_60081	253
KLMA_60082	347
KLMA_60083	123
KLMA_60084	71
KLMA_60085	911
KLMA_60086	389
KLMA_60087	5563
KLMA_60088	1264
KLMA_60089	306
KLMA_60090	1978
KLMA_60091	115
KLMA_60092	1219
KLMA_60093	167
KLMA_60094	641
KLMA_60095	342
KLMA_60096	217
KLMA_60097	1242
KLMA_60098	1056
KLMA_60099	368
KLMA_60100	253
KLMA_60101	755
KLMA_60102	2436
KLMA_60103	3471
KLMA_60104	409
KLMA_60105	197
KLMA_60106	192
KLMA_60107	378
KLMA_60108	686
KLMA_60109	1852
KLMA_60110	183
KLMA_60111	751
KLMA_60112	722
KLMA_60113	445
KLMA_60114	518
KLMA_60115	668
KLMA_60116	9920
KLMA_60117	5728
KLMA_60118	10455
KLMA_60119	13795
KLMA_60120	426
KLMA_60121	1249
KLMA_60122	256
KLMA_60123	126
KLMA_60124	3
KLMA_60125	67
KLMA_60126	286
KLMA_60127	1710
KLMA_60128	14528
KLMA_60129	49267
KLMA_60130	1314
KLMA_60131	44132
KLMA_60132	76
KLMA_60133	270
KLMA_60134	895
KLMA_60135	2101
KLMA_60136	772
KLMA_60137	1141
KLMA_60138	484
KLMA_60139	769
KLMA_60140	113
KLMA_60141	827
KLMA_60142	1156
KLMA_60143	5428
KLMA_60144	2685
KLMA_60145	607
KLMA_60146	148
KLMA_60147	290
KLMA_60148	221
KLMA_60149	394
KLMA_60150	433
KLMA_60151	6971
KLMA_60152	318
KLMA_60153	463
KLMA_60154	754
KLMA_60155	2643
KLMA_60156	3545
KLMA_60157	416
KLMA_60158	899
KLMA_60159	1692
KLMA_60160	59
KLMA_60161	8
KLMA_60162	710
KLMA_60163	942
KLMA_60164	748
KLMA_60165	17
KLMA_60166	111
KLMA_60167	11236
KLMA_60168	84
KLMA_60169	217
KLMA_60170	669
KLMA_60171	111
KLMA_60172	230
KLMA_60173	25034
KLMA_60175	8625
KLMA_60176	35
KLMA_60177	30
KLMA_60178	287
KLMA_60179	63
KLMA_60180	121
KLMA_60181	2072
KLMA_60182	1093
KLMA_60183	273
KLMA_60184	37
KLMA_60185	1135
KLMA_60186	299
KLMA_60187	662
KLMA_60189	123
KLMA_60190	189
KLMA_60191	442
KLMA_60192	521
KLMA_60193	315
KLMA_60194	394
KLMA_60195	17
KLMA_60196	204
KLMA_60197	424
KLMA_60198	1713
KLMA_60199	1297
KLMA_60200	1111
KLMA_60202	933
KLMA_60203	759
KLMA_60204	252
KLMA_60205	98
KLMA_60206	231
KLMA_60207	1101
KLMA_60208	38
KLMA_60209	2021
KLMA_60210	5329
KLMA_60212	1184
KLMA_60214	341
KLMA_60215	13
KLMA_60217	9321
KLMA_60218	263
KLMA_60219	667990
KLMA_60221	376
KLMA_60222	938
KLMA_60223	470
KLMA_60225	45
KLMA_60226	3098
KLMA_60227	2226
KLMA_60229	1221
KLMA_60230	13385
KLMA_60231	163
KLMA_60232	624
KLMA_60233	7752
KLMA_60234	1353
KLMA_60235	1589
KLMA_60236	1160
KLMA_60237	2322
KLMA_60238	137
KLMA_60239	419
KLMA_60240	1877
KLMA_60241	411
KLMA_60242	986
KLMA_60243	379
KLMA_60244	3937
KLMA_60245	3527
KLMA_60246	182
KLMA_60247	197
KLMA_60248	3179
KLMA_60249	737
KLMA_60250	566
KLMA_60251	61
KLMA_60252	448
KLMA_60253	1138
KLMA_60254	464
KLMA_60256	334
KLMA_60257	659
KLMA_60258	785
KLMA_60259	1439
KLMA_60260	89
KLMA_60261	348
KLMA_60262	427
KLMA_60263	1193
KLMA_60264	2179
KLMA_60265	577
KLMA_60266	87
KLMA_60267	567
KLMA_60268	274
KLMA_60269	231
KLMA_60270	334
KLMA_60271	1085
KLMA_60272	2567
KLMA_60273	7
KLMA_60274	155
KLMA_60275	2774
KLMA_60276	474
KLMA_60277	213
KLMA_60278	85
KLMA_60279	4354
KLMA_60280	1268
KLMA_60281	188
KLMA_60282	457
KLMA_60283	786
KLMA_60284	1270
KLMA_60285	553
KLMA_60286	2928
KLMA_60287	1647
KLMA_60288	1223
KLMA_60289	1003
KLMA_60290	883
KLMA_60291	8247
KLMA_60292	4778
KLMA_60293	54
KLMA_60294	234
KLMA_60295	234
KLMA_60296	647
KLMA_60297	1990
KLMA_60298	373
KLMA_60299	36
KLMA_60300	150
KLMA_60301	4784
KLMA_60302	993
KLMA_60303	688
KLMA_60304	2973
KLMA_60305	787
KLMA_60306	362
KLMA_60307	109
KLMA_60308	366
KLMA_60309	144
KLMA_60310	406
KLMA_60311	2234
KLMA_60312	384
KLMA_60313	46273
KLMA_60314	314
KLMA_60315	267
KLMA_60316	320
KLMA_60317	14013
KLMA_60318	639
KLMA_60319	2060
KLMA_60320	3435
KLMA_60321	284
KLMA_60322	58
KLMA_60323	114
KLMA_60324	530
KLMA_60325	780
KLMA_60326	1093
KLMA_60327	19
KLMA_60328	191
KLMA_60329	986
KLMA_60330	473
KLMA_60331	1100
KLMA_60332	238
KLMA_60333	220
KLMA_60334	1149
KLMA_60335	11126
KLMA_60336	940
KLMA_60337	406
KLMA_60338	223
KLMA_60339	467
KLMA_60340	1709
KLMA_60341	1373
KLMA_60342	1156
KLMA_60343	1398
KLMA_60344	1024
KLMA_60345	684
KLMA_60346	733
KLMA_60347	172
KLMA_60348	362
KLMA_60349	395
KLMA_60350	2053
KLMA_60351	805
KLMA_60352	13
KLMA_60354	542
KLMA_60355	982
KLMA_60356	61
KLMA_60357	1096
KLMA_60358	2580
KLMA_60359	812
KLMA_60360	170
KLMA_60361	635
KLMA_60362	750
KLMA_60363	361
KLMA_60364	1104
KLMA_60365	32
KLMA_60366	4921
KLMA_60367	379
KLMA_60368	13
KLMA_60369	29
KLMA_60370	685
KLMA_60371	212
KLMA_60372	1652
KLMA_60373	192
KLMA_60374	229
KLMA_60375	88
KLMA_60376	653
KLMA_60377	333
KLMA_60378	564
KLMA_60379	1058
KLMA_60380	621
KLMA_60381	21564
KLMA_60382	598
KLMA_60383	10767
KLMA_60385	203
KLMA_60386	558
KLMA_60387	1592
KLMA_60388	770
KLMA_60389	4192
KLMA_60390	14035
KLMA_60391	1831
KLMA_60392	1717
KLMA_60393	663
KLMA_60394	525
KLMA_60395	488
KLMA_60396	329
KLMA_60397	802
KLMA_60398	316
KLMA_60399	1128
KLMA_60400	147
KLMA_60401	162
KLMA_60402	2248
KLMA_60403	3308
KLMA_60404	233
KLMA_60405	962
KLMA_60406	135
KLMA_60407	3232
KLMA_60408	890
KLMA_60409	44
KLMA_60410	4857
KLMA_60411	2198
KLMA_60412	138572
KLMA_60413	77
KLMA_60414	10
KLMA_60415	48
KLMA_60416	386
KLMA_60417	13197
KLMA_60418	659
KLMA_60419	1030
KLMA_60420	7001
KLMA_60421	447
KLMA_60422	982
KLMA_60423	981
KLMA_60424	2455
KLMA_60425	9148
KLMA_60426	11
KLMA_60427	3722
KLMA_60428	2880
KLMA_60429	1951
KLMA_60430	4270
KLMA_60431	1311
KLMA_60432	910
KLMA_60433	1598
KLMA_60434	2094
KLMA_60435	18394
KLMA_60437	152
KLMA_60438	46385
KLMA_60439	116
KLMA_60440	39
KLMA_60441	592
KLMA_60442	4360
KLMA_60443	108
KLMA_60444	588
KLMA_60445	19743
KLMA_60446	1204
KLMA_60447	1172
KLMA_60448	2313
KLMA_60449	1313
KLMA_60450	347
KLMA_60451	1770
KLMA_60452	22
KLMA_60453	763
KLMA_60454	782
KLMA_60455	956
KLMA_60456	735
KLMA_60457	5359
KLMA_60458	861
KLMA_60459	5866
KLMA_60460	144
KLMA_60461	150890
KLMA_60462	12773
KLMA_60463	328
KLMA_60464	356
KLMA_60465	2884
KLMA_60466	221
KLMA_60467	494
KLMA_60468	492
KLMA_60469	13046
KLMA_60470	1556
KLMA_60471	374
KLMA_60472	48948
KLMA_60473	980
KLMA_60474	205
KLMA_60475	203
KLMA_60476	7768
KLMA_60477	343
KLMA_60478	962
KLMA_60479	166
KLMA_60480	260
KLMA_60481	3297
KLMA_60482	3389
KLMA_60483	7197
KLMA_60484	16661
KLMA_60486	1072
KLMA_60487	3278
KLMA_60489	309
KLMA_60490	382
KLMA_60491	30467
KLMA_60492	5052
KLMA_60493	6834
KLMA_60494	1706
KLMA_60495	236
KLMA_60496	520
KLMA_60497	6180
KLMA_60498	73
KLMA_60499	2225
KLMA_60500	223
KLMA_60501	1618
KLMA_60502	1033
KLMA_60503	1588
KLMA_60504	43288
KLMA_60505	7591
KLMA_60506	462
KLMA_60507	209
KLMA_60508	4564
KLMA_60509	315
KLMA_60510	170
KLMA_60511	1725
KLMA_60512	5450
KLMA_60514	663
KLMA_60515	343
KLMA_60516	3813
KLMA_60519	2053
KLMA_60520	486
KLMA_60521	1499
KLMA_60522	34
KLMA_60523	4504
KLMA_60524	451
KLMA_60525	1831
KLMA_60526	409
KLMA_60527	336
KLMA_60528	216
KLMA_60529	5790
KLMA_60530	861
KLMA_60531	160
KLMA_60532	61679
KLMA_60533	56
KLMA_60534	1009
KLMA_60535	8237
KLMA_60536	590
KLMA_60537	656
KLMA_60538	338
KLMA_60539	2388
KLMA_60540	13945
KLMA_60541	1853
KLMA_60542	2430
KLMA_60543	20062
KLMA_60545	693
KLMA_60546	1685
KLMA_60547	913
KLMA_60548	2530
KLMA_60549	8446
KLMA_60551	2461
KLMA_60552	170
KLMA_60553	205
KLMA_60554	842
KLMA_60555	861
KLMA_60556	264
KLMA_60557	526
KLMA_60558	565
KLMA_70001	217
KLMA_70002	97
KLMA_70003	95
KLMA_70004	168
KLMA_70005	1131
KLMA_70006	867
KLMA_70007	1315
KLMA_70008	108
KLMA_70009	1
KLMA_70010	4
KLMA_70011	2183
KLMA_70012	273
KLMA_70013	263
KLMA_70014	3119
KLMA_70015	384
KLMA_70016	775
KLMA_70017	23920
KLMA_70019	1102
KLMA_70020	133
KLMA_70021	2962
KLMA_70022	137
KLMA_70023	219
KLMA_70024	648
KLMA_70025	8286
KLMA_70026	1041
KLMA_70027	1992
KLMA_70028	937
KLMA_70029	1655
KLMA_70030	486
KLMA_70031	1004
KLMA_70032	763
KLMA_70033	403
KLMA_70034	10295
KLMA_70035	157
KLMA_70036	262
KLMA_70037	48399
KLMA_70039	535
KLMA_70040	340
KLMA_70041	190
KLMA_70042	1213
KLMA_70043	1064
KLMA_70044	214
KLMA_70045	363
KLMA_70046	1338
KLMA_70047	533
KLMA_70048	529
KLMA_70049	1278
KLMA_70050	30
KLMA_70051	74595
KLMA_70053	892
KLMA_70054	4686
KLMA_70055	1559
KLMA_70056	4529
KLMA_70058	359
KLMA_70059	1327
KLMA_70060	245
KLMA_70061	252
KLMA_70062	20055
KLMA_70063	525
KLMA_70064	1484
KLMA_70065	561
KLMA_70066	476
KLMA_70067	1874
KLMA_70068	6339
KLMA_70069	719
KLMA_70070	1095
KLMA_70071	715
KLMA_70072	131
KLMA_70073	521
KLMA_70074	186
KLMA_70075	1114
KLMA_70076	524
KLMA_70077	318
KLMA_70078	469
KLMA_70079	2353
KLMA_70080	2661
KLMA_70081	823
KLMA_70082	12795
KLMA_70083	1428
KLMA_70084	259
KLMA_70085	40
KLMA_70086	1732
KLMA_70087	4880
KLMA_70089	81
KLMA_70090	338
KLMA_70091	1126
KLMA_70092	3320
KLMA_70093	795
KLMA_70094	2782
KLMA_70095	3793
KLMA_70096	679
KLMA_70097	1307
KLMA_70098	145
KLMA_70099	4926
KLMA_70100	232
KLMA_70101	166
KLMA_70102	681
KLMA_70103	67
KLMA_70104	222
KLMA_70105	84
KLMA_70106	1881
KLMA_70107	99
KLMA_70108	622
KLMA_70109	1426
KLMA_70110	2265
KLMA_70111	1226
KLMA_70112	980
KLMA_70113	3850
KLMA_70115	501
KLMA_70116	665
KLMA_70117	266
KLMA_70118	23
KLMA_70119	296
KLMA_70120	478
KLMA_70121	372
KLMA_70122	7786
KLMA_70123	49769
KLMA_70124	871
KLMA_70125	279
KLMA_70126	6043
KLMA_70127	6089
KLMA_70128	278
KLMA_70129	1015
KLMA_70130	2392
KLMA_70131	884
KLMA_70132	264
KLMA_70133	776
KLMA_70134	458
KLMA_70136	609
KLMA_70137	1980
KLMA_70138	4655
KLMA_70139	498
KLMA_70140	14854
KLMA_70141	894
KLMA_70142	2435
KLMA_70144	1093
KLMA_70145	68
KLMA_70146	370
KLMA_70147	2567
KLMA_70148	15575
KLMA_70149	37007
KLMA_70150	3006
KLMA_70151	468
KLMA_70152	839
KLMA_70153	528
KLMA_70154	398
KLMA_70155	41101
KLMA_70156	96
KLMA_70157	63
KLMA_70158	475
KLMA_70159	2803
KLMA_70160	1361
KLMA_70161	1218
KLMA_70162	579
KLMA_70163	989
KLMA_70164	283
KLMA_70165	204
KLMA_70166	942
KLMA_70167	990
KLMA_70168	1294
KLMA_70169	294
KLMA_70170	5555
KLMA_70171	168
KLMA_70172	193
KLMA_70173	1471
KLMA_70174	3097
KLMA_70175	1454
KLMA_70176	293
KLMA_70177	2006
KLMA_70178	27306
KLMA_70179	27
KLMA_70180	1222
KLMA_70181	208
KLMA_70182	4056
KLMA_70183	148678
KLMA_70184	444
KLMA_70185	357
KLMA_70186	6796
KLMA_70187	947
KLMA_70188	421
KLMA_70189	6127
KLMA_70190	42509
KLMA_70191	1432
KLMA_70192	1430
KLMA_70193	93
KLMA_70194	144
KLMA_70195	242
KLMA_70196	468
KLMA_70197	155
KLMA_70198	653
KLMA_70199	2555
KLMA_70200	646
KLMA_70201	657
KLMA_70202	1978
KLMA_70203	3820
KLMA_70204	448
KLMA_70205	166
KLMA_70206	275
KLMA_70207	1383
KLMA_70208	64
KLMA_70209	1085
KLMA_70210	323
KLMA_70211	594
KLMA_70212	504
KLMA_70213	1850
KLMA_70214	78
KLMA_70215	2842
KLMA_70216	1936
KLMA_70217	438
KLMA_70218	4538
KLMA_70219	11512
KLMA_70220	175
KLMA_70221	1269
KLMA_70222	1319
KLMA_70223	594
KLMA_70224	546
KLMA_70225	1086
KLMA_70226	1019
KLMA_70227	2658
KLMA_70228	468
KLMA_70229	387
KLMA_70230	349
KLMA_70231	326
KLMA_70232	553
KLMA_70233	814
KLMA_70234	2683
KLMA_70235	382
KLMA_70236	463
KLMA_70237	427
KLMA_70238	646
KLMA_70239	29
KLMA_70240	836
KLMA_70241	540
KLMA_70242	18
KLMA_70243	37
KLMA_70244	178
KLMA_70245	278
KLMA_70246	951
KLMA_70248	3192
KLMA_70249	2390
KLMA_70250	4170
KLMA_70251	644
KLMA_70252	422
KLMA_70253	107
KLMA_70254	1518
KLMA_70255	1862
KLMA_70256	162
KLMA_70257	2335
KLMA_70258	1825
KLMA_70260	5608
KLMA_70261	2149
KLMA_70262	958
KLMA_70263	739
KLMA_70264	515
KLMA_70265	4617
KLMA_70266	1105
KLMA_70267	211
KLMA_70268	10558
KLMA_70269	827
KLMA_70270	208
KLMA_70271	1213
KLMA_70272	264
KLMA_70273	930
KLMA_70275	1522
KLMA_70277	1082
KLMA_70278	3018
KLMA_70279	1104
KLMA_70281	16818
KLMA_70282	479
KLMA_70283	1038
KLMA_70284	458
KLMA_70285	304
KLMA_70286	471
KLMA_70287	568
KLMA_70288	464
KLMA_70289	940
KLMA_70290	690
KLMA_70291	554
KLMA_70292	575
KLMA_70293	847
KLMA_70294	226
KLMA_70295	682
KLMA_70296	1561
KLMA_70297	42376
KLMA_70298	343
KLMA_70299	923
KLMA_70300	1256
KLMA_70301	112
KLMA_70302	410
KLMA_70303	9
KLMA_70304	2986
KLMA_70305	2402
KLMA_70306	533
KLMA_70307	943
KLMA_70308	1227
KLMA_70309	2399
KLMA_70310	1312
KLMA_70311	884
KLMA_70312	103
KLMA_70313	1659
KLMA_70314	370
KLMA_70315	2333
KLMA_70316	1068
KLMA_70317	388
KLMA_70318	1664
KLMA_70319	78
KLMA_70320	483
KLMA_70321	4338
KLMA_70322	2697
KLMA_70323	859
KLMA_70324	717
KLMA_70325	1469
KLMA_70326	845
KLMA_70327	237
KLMA_70328	990
KLMA_70329	846
KLMA_70330	2217
KLMA_70331	277
KLMA_70332	6479
KLMA_70334	1858
KLMA_70335	181
KLMA_70337	212
KLMA_70338	365
KLMA_70339	486
KLMA_70340	752
KLMA_70341	1271
KLMA_70342	1128
KLMA_70343	1098
KLMA_70344	3249
KLMA_70346	346
KLMA_70347	271
KLMA_70348	1045
KLMA_70349	808
KLMA_70351	2263
KLMA_70352	314
KLMA_70354	8159
KLMA_70355	1345
KLMA_70356	150
KLMA_70357	301
KLMA_70358	62528
KLMA_70359	706
KLMA_70361	136
KLMA_70362	836
KLMA_70364	72
KLMA_70365	17566
KLMA_70366	616
KLMA_70367	911
KLMA_70368	1265
KLMA_70369	132
KLMA_70370	225
KLMA_70371	4132
KLMA_70372	565
KLMA_70373	352
KLMA_70374	127
KLMA_70375	2075
KLMA_70376	1306
KLMA_70377	2428
KLMA_70378	1019
KLMA_70379	82
KLMA_70380	435
KLMA_70381	126
KLMA_70382	782
KLMA_70383	12219
KLMA_70384	1549
KLMA_70385	455
KLMA_70386	807
KLMA_70387	1732
KLMA_70390	2021
KLMA_70391	2575
KLMA_70392	60
KLMA_70393	1124
KLMA_70394	216
KLMA_70395	78
KLMA_70396	805
KLMA_70397	1853
KLMA_70398	1237
KLMA_70399	3350
KLMA_70400	4164
KLMA_70401	2930
KLMA_70402	806
KLMA_70403	997
KLMA_70404	439
KLMA_70405	268
KLMA_70406	281
KLMA_70407	243
KLMA_70408	965
KLMA_70409	1147
KLMA_70410	589
KLMA_70411	982
KLMA_70412	3125
KLMA_70413	1320
KLMA_70414	270
KLMA_70415	129
KLMA_70416	124
KLMA_70417	431
KLMA_70418	705
KLMA_70419	715
KLMA_70420	290
KLMA_70421	178
KLMA_70422	2299
KLMA_70424	628
KLMA_70425	242
KLMA_70426	93
KLMA_70427	208
KLMA_70428	35
KLMA_70429	15
KLMA_70430	316
KLMA_70431	605
KLMA_70432	1341
KLMA_70433	235
KLMA_70434	26
KLMA_70435	1920
KLMA_70436	231
KLMA_70438	2679
KLMA_70439	303
KLMA_70440	1053
KLMA_70441	1319
KLMA_70442	1814
KLMA_70443	79
KLMA_70444	0
KLMA_70445	530
KLMA_70446	1161
KLMA_70447	264
KLMA_70448	451
KLMA_70449	223
KLMA_70450	558
KLMA_70451	7827
KLMA_70453	398
KLMA_70455	216
KLMA_70456	235
KLMA_70457	181
KLMA_70458	1079
KLMA_70459	106
KLMA_70460	448
KLMA_70461	280
KLMA_70462	320
KLMA_70463	0
KLMA_70464	0
KLMA_80001	273
KLMA_80002	0
KLMA_80003	9
KLMA_80004	166
KLMA_80005	168
KLMA_80006	147
KLMA_80007	821
KLMA_80008	98
KLMA_80009	395
KLMA_80010	65
KLMA_80011	130
KLMA_80012	507
KLMA_80013	3326
KLMA_80014	3329
KLMA_80015	535
KLMA_80016	576
KLMA_80017	231
KLMA_80018	0
KLMA_80019	75
KLMA_80020	374
KLMA_80021	574
KLMA_80022	3177
KLMA_80023	388
KLMA_80024	1092
KLMA_80025	650
KLMA_80026	1980
KLMA_80027	410
KLMA_80028	5103
KLMA_80029	1653
KLMA_80030	419
KLMA_80031	351
KLMA_80032	379
KLMA_80033	333
KLMA_80034	568
KLMA_80035	429
KLMA_80036	4689
KLMA_80037	665
KLMA_80038	324
KLMA_80039	2215
KLMA_80040	905
KLMA_80041	821
KLMA_80042	1484
KLMA_80043	417
KLMA_80044	388
KLMA_80045	577
KLMA_80046	333
KLMA_80047	925
KLMA_80048	876
KLMA_80049	1059
KLMA_80050	1007
KLMA_80051	519
KLMA_80052	6511
KLMA_80053	658
KLMA_80054	4458
KLMA_80056	104
KLMA_80057	2583
KLMA_80058	108
KLMA_80059	1015324
KLMA_80060	117
KLMA_80061	1029
KLMA_80062	173
KLMA_80063	854
KLMA_80064	2264
KLMA_80065	1554
KLMA_80066	634
KLMA_80067	910
KLMA_80068	25
KLMA_80069	174
KLMA_80071	647
KLMA_80072	192
KLMA_80073	26
KLMA_80074	440
KLMA_80075	132
KLMA_80077	832
KLMA_80078	141
KLMA_80079	69
KLMA_80080	484
KLMA_80081	896
KLMA_80082	23
KLMA_80083	339
KLMA_80084	792
KLMA_80085	163
KLMA_80086	620
KLMA_80087	1103
KLMA_80088	62
KLMA_80089	451
KLMA_80090	753
KLMA_80091	868
KLMA_80092	93
KLMA_80093	1178
KLMA_80094	29
KLMA_80095	310
KLMA_80096	35016
KLMA_80098	1169
KLMA_80099	3593
KLMA_80100	764
KLMA_80101	13
KLMA_80102	1471
KLMA_80103	794
KLMA_80104	841
KLMA_80105	166
KLMA_80106	90
KLMA_80107	181
KLMA_80108	1163
KLMA_80109	801
KLMA_80110	410
KLMA_80111	1855
KLMA_80112	3012
KLMA_80113	952
KLMA_80114	297
KLMA_80115	709
KLMA_80116	877
KLMA_80117	310
KLMA_80118	9123
KLMA_80119	9641
KLMA_80120	729
KLMA_80121	353
KLMA_80122	611
KLMA_80123	50
KLMA_80124	814
KLMA_80125	357
KLMA_80126	275
KLMA_80127	1089
KLMA_80128	776
KLMA_80129	312
KLMA_80130	4214
KLMA_80131	153
KLMA_80132	770
KLMA_80133	626
KLMA_80134	188
KLMA_80135	515
KLMA_80136	41
KLMA_80137	156
KLMA_80138	408
KLMA_80139	2234
KLMA_80140	345
KLMA_80141	129
KLMA_80142	87
KLMA_80143	603
KLMA_80144	730
KLMA_80145	145
KLMA_80146	105
KLMA_80147	315
KLMA_80148	618
KLMA_80149	1820
KLMA_80150	2635
KLMA_80151	559
KLMA_80152	1489
KLMA_80153	4991
KLMA_80154	120
KLMA_80155	5163
KLMA_80156	894
KLMA_80157	607
KLMA_80158	303
KLMA_80159	2964
KLMA_80160	1285
KLMA_80161	686
KLMA_80162	860
KLMA_80163	25925
KLMA_80164	1106
KLMA_80165	3339
KLMA_80166	553
KLMA_80167	1168
KLMA_80168	1824
KLMA_80169	665
KLMA_80170	999
KLMA_80171	254
KLMA_80172	37
KLMA_80173	2140
KLMA_80174	2698
KLMA_80175	213
KLMA_80176	264
KLMA_80177	1124
KLMA_80178	673
KLMA_80179	696
KLMA_80180	110
KLMA_80181	4484
KLMA_80182	2594
KLMA_80183	2514
KLMA_80184	354
KLMA_80185	19124
KLMA_80186	7836
KLMA_80187	5230
KLMA_80188	990
KLMA_80189	633
KLMA_80190	464
KLMA_80191	1
KLMA_80192	2
KLMA_80193	3205
KLMA_80194	170
KLMA_80195	227
KLMA_80196	24900
KLMA_80197	65
KLMA_80198	20012
KLMA_80199	329
KLMA_80200	419
KLMA_80201	946
KLMA_80202	1041
KLMA_80203	2204
KLMA_80204	716
KLMA_80205	161
KLMA_80206	3470
KLMA_80207	1980
KLMA_80208	649
KLMA_80209	1319
KLMA_80210	492
KLMA_80211	300
KLMA_80212	1656
KLMA_80213	1517
KLMA_80214	1710
KLMA_80216	2303
KLMA_80217	2931
KLMA_80219	432
KLMA_80220	198
KLMA_80221	257
KLMA_80222	62819
KLMA_80223	101
KLMA_80224	876
KLMA_80225	1144
KLMA_80226	3
KLMA_80227	1297
KLMA_80228	1940
KLMA_80229	732
KLMA_80230	698
KLMA_80231	935
KLMA_80232	699
KLMA_80233	469
KLMA_80234	398
KLMA_80235	583
KLMA_80236	3301
KLMA_80237	759
KLMA_80238	641
KLMA_80239	1038
KLMA_80240	3486
KLMA_80241	2735
KLMA_80242	2874
KLMA_80243	3600
KLMA_80244	1187
KLMA_80245	1186
KLMA_80246	2557
KLMA_80247	167
KLMA_80248	419
KLMA_80249	5725
KLMA_80250	275
KLMA_80252	1491
KLMA_80253	645
KLMA_80254	1483
KLMA_80255	796
KLMA_80256	24255
KLMA_80257	8663
KLMA_80258	1365
KLMA_80259	125
KLMA_80260	4672
KLMA_80261	2751
KLMA_80262	573
KLMA_80263	272
KLMA_80264	921
KLMA_80265	1309
KLMA_80266	47
KLMA_80267	833
KLMA_80268	379
KLMA_80269	453
KLMA_80270	1232
KLMA_80271	650
KLMA_80272	670
KLMA_80273	691
KLMA_80274	640
KLMA_80275	23
KLMA_80276	3177
KLMA_80277	485
KLMA_80278	1259
KLMA_80279	376
KLMA_80280	3199
KLMA_80281	1539
KLMA_80282	532
KLMA_80284	6773
KLMA_80285	6718
KLMA_80286	59
KLMA_80287	139
KLMA_80288	260
KLMA_80289	1189
KLMA_80290	3309
KLMA_80292	663
KLMA_80293	124
KLMA_80294	3686
KLMA_80295	935
KLMA_80296	1819
KLMA_80297	2565
KLMA_80298	252
KLMA_80299	891
KLMA_80300	1555
KLMA_80301	1076
KLMA_80302	23694
KLMA_80303	1260
KLMA_80304	27
KLMA_80305	102
KLMA_80306	141
KLMA_80307	3
KLMA_80308	303
KLMA_80309	284042
KLMA_80310	571
KLMA_80311	513
KLMA_80312	10041
KLMA_80313	125
KLMA_80314	748
KLMA_80315	616
KLMA_80316	1169
KLMA_80317	12171
KLMA_80318	294
KLMA_80319	344
KLMA_80320	1145
KLMA_80321	711
KLMA_80322	2169
KLMA_80323	437
KLMA_80324	448
KLMA_80325	3464
KLMA_80326	110
KLMA_80327	697
KLMA_80328	872
KLMA_80329	128
KLMA_80330	98
KLMA_80331	374
KLMA_80332	958
KLMA_80333	135
KLMA_80334	1856
KLMA_80335	1791
KLMA_80336	490
KLMA_80337	2346
KLMA_80338	3449
KLMA_80339	753
KLMA_80340	550
KLMA_80341	561
KLMA_80342	1026
KLMA_80343	3354
KLMA_80344	4195
KLMA_80345	1429
KLMA_80346	937
KLMA_80348	21014
KLMA_80349	440
KLMA_80350	1443
KLMA_80351	152
KLMA_80353	562
KLMA_80354	2097
KLMA_80355	236
KLMA_80356	810
KLMA_80357	402
KLMA_80358	4627
KLMA_80359	1314
KLMA_80360	605
KLMA_80361	1959
KLMA_80362	1912
KLMA_80363	2871
KLMA_80364	384
KLMA_80365	68136
KLMA_80366	60
KLMA_80367	3154
KLMA_80369	6480
KLMA_80371	298
KLMA_80372	339
KLMA_80373	1848
KLMA_80374	1
KLMA_80375	473
KLMA_80376	316
KLMA_80377	894
KLMA_80378	586
KLMA_80379	397
KLMA_80380	1579
KLMA_80381	1052
KLMA_80382	1198
KLMA_80383	773
KLMA_80384	563
KLMA_80385	1429
KLMA_80386	387
KLMA_80387	388
KLMA_80389	161
KLMA_80390	1094
KLMA_80391	390
KLMA_80392	6337
KLMA_80393	541
KLMA_80394	4291
KLMA_80395	1276
KLMA_80396	359
KLMA_80397	167
KLMA_80398	434
KLMA_80399	869
KLMA_80400	476
KLMA_80401	4206
KLMA_80402	1092
KLMA_80403	862
KLMA_80404	467
KLMA_80405	3751
KLMA_80406	1849
KLMA_80407	910
KLMA_80408	4221
KLMA_80409	87
KLMA_80410	841
KLMA_80411	459
KLMA_80412	27
KLMA_80413	32230
KLMA_80414	11761
KLMA_80415	1194
KLMA_80416	101
KLMA_80417	13463
KLMA_80418	2110
KLMA_80419	57
KLMA_80421	71
KLMA_80422	0
KLMA_80423	29
KLMA_80424	0
KLMA_80425	0
KLMA_80426	687
KLMA_80427	894
KLMA_80428	679
KLMA_80429	0
KLMA_90001	0
KLMA_90002	4
KLMA_90003	83
KLMA_90004	24
KLMA_90005	0
KLMA_90006	2
KLMA_90007	0
KLMA_90009	0
KLMA_90010	4
KLMA_90011	13
KLMA_90012	5
__no_feature	1422524
__ambiguous	82337
__too_low_aQual	0
__not_aligned	0
__alignment_not_unique	302923
